2026-01-05 10:46:36.708 GMT [1] user= db= app= client= LOG:  received fast shutdown request
2026-01-05 10:46:36.725 GMT [1] user= db= app= client= LOG:  aborting any active transactions
2026-01-05 10:46:36.730 GMT [1] user= db= app= client= LOG:  background worker "logical replication launcher" (PID 33) exited with exit code 1
2026-01-05 10:46:36.730 GMT [28] user= db= app= client= LOG:  shutting down
2026-01-05 10:46:36.733 GMT [28] user= db= app= client= LOG:  checkpoint starting: shutdown immediate
2026-01-05 10:46:36.745 GMT [28] user= db= app= client= LOG:  checkpoint complete: wrote 1 buffers (0.0%); 0 WAL file(s) added, 0 removed, 0 recycled; write=0.002 s, sync=0.002 s, total=0.015 s; sync files=1, longest=0.002 s, average=0.002 s; distance=0 kB, estimate=3815 kB
2026-01-05 10:46:36.765 GMT [1] user= db= app= client= LOG:  database system is shut down
2026-01-05 10:46:43.984 GMT [42] user= db= app= client= LOG:  starting PostgreSQL 15.14 on x86_64-pc-linux-musl, compiled by gcc (Alpine 14.2.0) 14.2.0, 64-bit
2026-01-05 10:46:43.987 GMT [42] user= db= app= client= LOG:  listening on Unix socket "/var/run/postgresql/.s.PGSQL.5432"
2026-01-05 10:46:44.002 GMT [46] user= db= app= client= LOG:  database system was shut down at 2026-01-05 10:46:43 GMT
2026-01-05 10:46:44.014 GMT [42] user= db= app= client= LOG:  database system is ready to accept connections
2026-01-05 10:46:44.039 GMT [52] user=[unknown] db=[unknown] app=[unknown] client=[local] LOG:  connection received: host=[local]
2026-01-05 10:46:44.059 GMT [52] user=admin db=postgres app=[unknown] client=[local] LOG:  connection authenticated: identity="admin" method=scram-sha-256 (/etc/postgresql/pg_hba.conf:2)
2026-01-05 10:46:44.059 GMT [52] user=admin db=postgres app=[unknown] client=[local] LOG:  connection authorized: user=admin database=postgres application_name=psql
2026-01-05 10:46:44.087 GMT [52] user=admin db=postgres app=psql client=[local] LOG:  disconnection: session time: 0:00:00.047 user=admin database=postgres host=[local]
2026-01-05 10:46:44.095 GMT [54] user=[unknown] db=[unknown] app=[unknown] client=[local] LOG:  connection received: host=[local]
2026-01-05 10:46:44.113 GMT [54] user=admin db=postgres app=[unknown] client=[local] LOG:  connection authenticated: identity="admin" method=scram-sha-256 (/etc/postgresql/pg_hba.conf:2)
2026-01-05 10:46:44.113 GMT [54] user=admin db=postgres app=[unknown] client=[local] LOG:  connection authorized: user=admin database=postgres application_name=psql
2026-01-05 10:46:44.240 GMT [54] user=admin db=postgres app=psql client=[local] LOG:  disconnection: session time: 0:00:00.145 user=admin database=postgres host=[local]
2026-01-05 10:46:44.302 GMT [65] user=[unknown] db=[unknown] app=[unknown] client=[local] LOG:  connection received: host=[local]
2026-01-05 10:46:44.318 GMT [65] user=admin db=apidb app=[unknown] client=[local] LOG:  connection authenticated: identity="admin" method=scram-sha-256 (/etc/postgresql/pg_hba.conf:2)
2026-01-05 10:46:44.318 GMT [65] user=admin db=apidb app=[unknown] client=[local] LOG:  connection authorized: user=admin database=apidb application_name=psql
2026-01-05 10:46:44.381 GMT [65] user=admin db=apidb app=psql client=[local] LOG:  disconnection: session time: 0:00:00.079 user=admin database=apidb host=[local]
2026-01-05 10:46:44.391 GMT [67] user=[unknown] db=[unknown] app=[unknown] client=[local] LOG:  connection received: host=[local]
2026-01-05 10:46:44.407 GMT [67] user=admin db=apidb app=[unknown] client=[local] LOG:  connection authenticated: identity="admin" method=scram-sha-256 (/etc/postgresql/pg_hba.conf:2)
2026-01-05 10:46:44.407 GMT [67] user=admin db=apidb app=[unknown] client=[local] LOG:  connection authorized: user=admin database=apidb application_name=psql
2026-01-05 10:46:44.463 GMT [67] user=admin db=apidb app=psql client=[local] LOG:  disconnection: session time: 0:00:00.072 user=admin database=apidb host=[local]
2026-01-05 10:46:44.467 GMT [42] user= db= app= client= LOG:  received fast shutdown request
2026-01-05 10:46:44.469 GMT [42] user= db= app= client= LOG:  aborting any active transactions
2026-01-05 10:46:44.474 GMT [42] user= db= app= client= LOG:  background worker "logical replication launcher" (PID 49) exited with exit code 1
2026-01-05 10:46:44.474 GMT [44] user= db= app= client= LOG:  shutting down
2026-01-05 10:46:44.477 GMT [44] user= db= app= client= LOG:  checkpoint starting: shutdown immediate
2026-01-05 10:46:44.577 GMT [44] user= db= app= client= LOG:  checkpoint complete: wrote 941 buffers (2.9%); 0 WAL file(s) added, 0 removed, 0 recycled; write=0.035 s, sync=0.060 s, total=0.103 s; sync files=320, longest=0.004 s, average=0.001 s; distance=4297 kB, estimate=4297 kB
2026-01-05 10:46:44.593 GMT [42] user= db= app= client= LOG:  database system is shut down
2026-01-05 10:46:44.757 GMT [1] user= db= app= client= LOG:  starting PostgreSQL 15.14 on x86_64-pc-linux-musl, compiled by gcc (Alpine 14.2.0) 14.2.0, 64-bit
2026-01-05 10:46:44.758 GMT [1] user= db= app= client= LOG:  listening on IPv4 address "0.0.0.0", port 5432
2026-01-05 10:46:44.758 GMT [1] user= db= app= client= LOG:  listening on IPv6 address "::", port 5432
2026-01-05 10:46:44.761 GMT [1] user= db= app= client= LOG:  listening on Unix socket "/var/run/postgresql/.s.PGSQL.5432"
2026-01-05 10:46:44.768 GMT [73] user= db= app= client= LOG:  database system was shut down at 2026-01-05 10:46:44 GMT
2026-01-05 10:46:44.776 GMT [1] user= db= app= client= LOG:  database system is ready to accept connections
2026-01-05 10:46:45.415 GMT [83] user=[unknown] db=[unknown] app=[unknown] client=[local] LOG:  connection received: host=[local]
2026-01-05 10:46:55.532 GMT [91] user=[unknown] db=[unknown] app=[unknown] client=[local] LOG:  connection received: host=[local]
2026-01-05 10:47:06.846 GMT [99] user=[unknown] db=[unknown] app=[unknown] client=[local] LOG:  connection received: host=[local]
2026-01-05 10:47:16.960 GMT [107] user=[unknown] db=[unknown] app=[unknown] client=[local] LOG:  connection received: host=[local]
2026-01-05 10:47:22.047 GMT [108] user=[unknown] db=[unknown] app=[unknown] client=172.18.0.4 LOG:  connection received: host=172.18.0.4 port=35576
2026-01-05 10:47:22.054 GMT [108] user=worker db=apidb app=[unknown] client=172.18.0.4 LOG:  connection authenticated: identity="worker" method=scram-sha-256 (/etc/postgresql/pg_hba.conf:5)
2026-01-05 10:47:22.054 GMT [108] user=worker db=apidb app=[unknown] client=172.18.0.4 LOG:  connection authorized: user=worker database=apidb
2026-01-05 10:47:27.070 GMT [116] user=[unknown] db=[unknown] app=[unknown] client=[local] LOG:  connection received: host=[local]
2026-01-05 10:47:38.445 GMT [124] user=[unknown] db=[unknown] app=[unknown] client=[local] LOG:  connection received: host=[local]
2026-01-05 10:47:48.580 GMT [132] user=[unknown] db=[unknown] app=[unknown] client=[local] LOG:  connection received: host=[local]
2026-01-05 10:47:58.733 GMT [139] user=[unknown] db=[unknown] app=[unknown] client=[local] LOG:  connection received: host=[local]
2026-01-05 10:48:03.421 GMT [108] user=worker db=apidb app=[unknown] client=172.18.0.4 ERROR:  bind message supplies 2 parameters, but prepared statement "" requires 3
2026-01-05 10:48:03.421 GMT [108] user=worker db=apidb app=[unknown] client=172.18.0.4 STATEMENT:  
	            insert into chats (username, room, content)
	            values ($1, $2, $3)
	            returning id, username, room, content, created_at;
	        
2026-01-05 10:48:03.424 GMT [108] user=worker db=apidb app=[unknown] client=172.18.0.4 LOG:  disconnection: session time: 0:00:41.376 user=worker database=apidb host=172.18.0.4 port=35576
2026-01-05 10:48:09.501 GMT [147] user=[unknown] db=[unknown] app=[unknown] client=[local] LOG:  connection received: host=[local]
2026-01-05 10:48:20.885 GMT [154] user=[unknown] db=[unknown] app=[unknown] client=[local] LOG:  connection received: host=[local]
2026-01-05 10:48:31.021 GMT [162] user=[unknown] db=[unknown] app=[unknown] client=[local] LOG:  connection received: host=[local]
2026-01-05 10:48:41.710 GMT [169] user=[unknown] db=[unknown] app=[unknown] client=[local] LOG:  connection received: host=[local]
2026-01-05 10:48:51.837 GMT [177] user=[unknown] db=[unknown] app=[unknown] client=[local] LOG:  connection received: host=[local]
2026-01-05 10:49:01.966 GMT [184] user=[unknown] db=[unknown] app=[unknown] client=[local] LOG:  connection received: host=[local]
2026-01-05 10:49:13.425 GMT [193] user=[unknown] db=[unknown] app=[unknown] client=[local] LOG:  connection received: host=[local]
2026-01-05 10:49:23.669 GMT [200] user=[unknown] db=[unknown] app=[unknown] client=[local] LOG:  connection received: host=[local]
2026-01-05 10:49:27.796 GMT [202] user=[unknown] db=[unknown] app=[unknown] client=172.18.0.4 LOG:  connection received: host=172.18.0.4 port=35424
2026-01-05 10:49:27.814 GMT [202] user=worker db=apidb app=[unknown] client=172.18.0.4 LOG:  connection authenticated: identity="worker" method=scram-sha-256 (/etc/postgresql/pg_hba.conf:5)
2026-01-05 10:49:27.814 GMT [202] user=worker db=apidb app=[unknown] client=172.18.0.4 LOG:  connection authorized: user=worker database=apidb
2026-01-05 10:49:33.828 GMT [209] user=[unknown] db=[unknown] app=[unknown] client=[local] LOG:  connection received: host=[local]
2026-01-05 10:49:45.144 GMT [216] user=[unknown] db=[unknown] app=[unknown] client=[local] LOG:  connection received: host=[local]
2026-01-05 10:49:55.232 GMT [224] user=[unknown] db=[unknown] app=[unknown] client=[local] LOG:  connection received: host=[local]
2026-01-05 10:50:05.311 GMT [237] user=[unknown] db=[unknown] app=[unknown] client=[local] LOG:  connection received: host=[local]
2026-01-05 10:50:07.761 GMT [202] user=worker db=apidb app=[unknown] client=172.18.0.4 LOG:  disconnection: session time: 0:00:39.964 user=worker database=apidb host=172.18.0.4 port=35424
2026-01-05 10:50:14.434 GMT [240] user=[unknown] db=[unknown] app=[unknown] client=[local] LOG:  connection received: host=[local]
2026-01-05 10:50:16.630 GMT [247] user=[unknown] db=[unknown] app=[unknown] client=[local] LOG:  connection received: host=[local]
2026-01-05 10:50:23.038 GMT [248] user=[unknown] db=[unknown] app=[unknown] client=[local] LOG:  connection received: host=[local]
2026-01-05 10:50:23.054 GMT [248] user=admin db=apidb app=[unknown] client=[local] LOG:  connection authenticated: identity="admin" method=scram-sha-256 (/etc/postgresql/pg_hba.conf:2)
2026-01-05 10:50:23.054 GMT [248] user=admin db=apidb app=[unknown] client=[local] LOG:  connection authorized: user=admin database=apidb application_name=psql
2026-01-05 10:50:26.726 GMT [256] user=[unknown] db=[unknown] app=[unknown] client=[local] LOG:  connection received: host=[local]
2026-01-05 10:50:37.377 GMT [264] user=[unknown] db=[unknown] app=[unknown] client=[local] LOG:  connection received: host=[local]
2026-01-05 10:50:48.166 GMT [271] user=[unknown] db=[unknown] app=[unknown] client=[local] LOG:  connection received: host=[local]
2026-01-05 10:50:49.138 GMT [272] user=[unknown] db=[unknown] app=[unknown] client=172.18.0.4 LOG:  connection received: host=172.18.0.4 port=51382
2026-01-05 10:50:49.164 GMT [272] user=worker db=apidb app=[unknown] client=172.18.0.4 LOG:  connection authenticated: identity="worker" method=scram-sha-256 (/etc/postgresql/pg_hba.conf:5)
2026-01-05 10:50:49.164 GMT [272] user=worker db=apidb app=[unknown] client=172.18.0.4 LOG:  connection authorized: user=worker database=apidb
2026-01-05 10:50:58.239 GMT [280] user=[unknown] db=[unknown] app=[unknown] client=[local] LOG:  connection received: host=[local]
2026-01-05 10:51:09.571 GMT [287] user=[unknown] db=[unknown] app=[unknown] client=[local] LOG:  connection received: host=[local]
2026-01-05 10:51:19.675 GMT [295] user=[unknown] db=[unknown] app=[unknown] client=[local] LOG:  connection received: host=[local]
2026-01-05 10:51:29.761 GMT [304] user=[unknown] db=[unknown] app=[unknown] client=[local] LOG:  connection received: host=[local]
2026-01-05 10:51:32.588 GMT [272] user=worker db=apidb app=[unknown] client=172.18.0.4 LOG:  disconnection: session time: 0:00:43.450 user=worker database=apidb host=172.18.0.4 port=51382
2026-01-05 10:51:41.078 GMT [311] user=[unknown] db=[unknown] app=[unknown] client=[local] LOG:  connection received: host=[local]
2026-01-05 10:51:51.218 GMT [319] user=[unknown] db=[unknown] app=[unknown] client=[local] LOG:  connection received: host=[local]
2026-01-05 10:51:57.122 GMT [71] user= db= app= client= LOG:  checkpoint starting: time
2026-01-05 10:52:01.388 GMT [327] user=[unknown] db=[unknown] app=[unknown] client=[local] LOG:  connection received: host=[local]
2026-01-05 10:52:02.997 GMT [71] user= db= app= client= LOG:  checkpoint complete: wrote 59 buffers (0.2%); 0 WAL file(s) added, 0 removed, 0 recycled; write=5.840 s, sync=0.012 s, total=5.874 s; sync files=25, longest=0.003 s, average=0.001 s; distance=207 kB, estimate=207 kB
2026-01-05 10:52:12.812 GMT [335] user=[unknown] db=[unknown] app=[unknown] client=[local] LOG:  connection received: host=[local]
2026-01-05 10:52:22.971 GMT [342] user=[unknown] db=[unknown] app=[unknown] client=[local] LOG:  connection received: host=[local]
2026-01-05 10:52:33.094 GMT [351] user=[unknown] db=[unknown] app=[unknown] client=[local] LOG:  connection received: host=[local]
2026-01-05 10:52:44.524 GMT [358] user=[unknown] db=[unknown] app=[unknown] client=[local] LOG:  connection received: host=[local]
2026-01-05 10:52:54.613 GMT [366] user=[unknown] db=[unknown] app=[unknown] client=[local] LOG:  connection received: host=[local]
2026-01-05 10:53:04.712 GMT [373] user=[unknown] db=[unknown] app=[unknown] client=[local] LOG:  connection received: host=[local]
2026-01-05 10:53:16.054 GMT [382] user=[unknown] db=[unknown] app=[unknown] client=[local] LOG:  connection received: host=[local]
2026-01-05 10:53:26.148 GMT [389] user=[unknown] db=[unknown] app=[unknown] client=[local] LOG:  connection received: host=[local]
2026-01-05 10:53:36.249 GMT [397] user=[unknown] db=[unknown] app=[unknown] client=[local] LOG:  connection received: host=[local]
2026-01-05 10:53:47.579 GMT [404] user=[unknown] db=[unknown] app=[unknown] client=[local] LOG:  connection received: host=[local]
2026-01-05 10:53:57.655 GMT [412] user=[unknown] db=[unknown] app=[unknown] client=[local] LOG:  connection received: host=[local]
2026-01-05 10:54:07.751 GMT [419] user=[unknown] db=[unknown] app=[unknown] client=[local] LOG:  connection received: host=[local]
2026-01-05 10:54:19.079 GMT [427] user=[unknown] db=[unknown] app=[unknown] client=[local] LOG:  connection received: host=[local]
2026-01-05 10:54:29.171 GMT [434] user=[unknown] db=[unknown] app=[unknown] client=[local] LOG:  connection received: host=[local]
2026-01-05 10:54:39.254 GMT [442] user=[unknown] db=[unknown] app=[unknown] client=[local] LOG:  connection received: host=[local]
2026-01-05 10:54:50.704 GMT [450] user=[unknown] db=[unknown] app=[unknown] client=[local] LOG:  connection received: host=[local]
2026-01-05 10:55:00.880 GMT [458] user=[unknown] db=[unknown] app=[unknown] client=[local] LOG:  connection received: host=[local]
2026-01-05 10:55:11.066 GMT [466] user=[unknown] db=[unknown] app=[unknown] client=[local] LOG:  connection received: host=[local]
2026-01-05 10:55:22.463 GMT [473] user=[unknown] db=[unknown] app=[unknown] client=[local] LOG:  connection received: host=[local]
2026-01-05 10:55:32.593 GMT [481] user=[unknown] db=[unknown] app=[unknown] client=[local] LOG:  connection received: host=[local]
2026-01-05 10:55:42.842 GMT [488] user=[unknown] db=[unknown] app=[unknown] client=[local] LOG:  connection received: host=[local]
2026-01-05 10:55:54.224 GMT [495] user=[unknown] db=[unknown] app=[unknown] client=[local] LOG:  connection received: host=[local]
2026-01-05 10:56:04.394 GMT [503] user=[unknown] db=[unknown] app=[unknown] client=[local] LOG:  connection received: host=[local]
2026-01-05 10:56:14.536 GMT [511] user=[unknown] db=[unknown] app=[unknown] client=[local] LOG:  connection received: host=[local]
2026-01-05 10:56:25.904 GMT [518] user=[unknown] db=[unknown] app=[unknown] client=[local] LOG:  connection received: host=[local]
2026-01-05 10:56:36.020 GMT [526] user=[unknown] db=[unknown] app=[unknown] client=[local] LOG:  connection received: host=[local]
2026-01-05 10:56:46.143 GMT [533] user=[unknown] db=[unknown] app=[unknown] client=[local] LOG:  connection received: host=[local]
2026-01-05 10:56:57.548 GMT [541] user=[unknown] db=[unknown] app=[unknown] client=[local] LOG:  connection received: host=[local]
2026-01-05 10:57:07.666 GMT [548] user=[unknown] db=[unknown] app=[unknown] client=[local] LOG:  connection received: host=[local]
2026-01-05 10:57:17.823 GMT [556] user=[unknown] db=[unknown] app=[unknown] client=[local] LOG:  connection received: host=[local]
2026-01-05 10:57:29.154 GMT [564] user=[unknown] db=[unknown] app=[unknown] client=[local] LOG:  connection received: host=[local]
2026-01-05 10:57:39.266 GMT [572] user=[unknown] db=[unknown] app=[unknown] client=[local] LOG:  connection received: host=[local]
2026-01-05 10:57:49.417 GMT [579] user=[unknown] db=[unknown] app=[unknown] client=[local] LOG:  connection received: host=[local]
2026-01-05 10:58:00.813 GMT [588] user=[unknown] db=[unknown] app=[unknown] client=[local] LOG:  connection received: host=[local]
2026-01-05 10:58:10.935 GMT [597] user=[unknown] db=[unknown] app=[unknown] client=[local] LOG:  connection received: host=[local]
2026-01-05 10:58:21.087 GMT [604] user=[unknown] db=[unknown] app=[unknown] client=[local] LOG:  connection received: host=[local]
2026-01-05 10:58:32.469 GMT [611] user=[unknown] db=[unknown] app=[unknown] client=[local] LOG:  connection received: host=[local]
2026-01-05 10:58:42.589 GMT [619] user=[unknown] db=[unknown] app=[unknown] client=[local] LOG:  connection received: host=[local]
2026-01-05 10:58:52.729 GMT [626] user=[unknown] db=[unknown] app=[unknown] client=[local] LOG:  connection received: host=[local]
2026-01-05 10:59:04.113 GMT [634] user=[unknown] db=[unknown] app=[unknown] client=[local] LOG:  connection received: host=[local]
2026-01-05 10:59:14.254 GMT [642] user=[unknown] db=[unknown] app=[unknown] client=[local] LOG:  connection received: host=[local]
2026-01-05 10:59:24.376 GMT [649] user=[unknown] db=[unknown] app=[unknown] client=[local] LOG:  connection received: host=[local]
2026-01-05 10:59:35.783 GMT [656] user=[unknown] db=[unknown] app=[unknown] client=[local] LOG:  connection received: host=[local]
2026-01-05 10:59:45.903 GMT [664] user=[unknown] db=[unknown] app=[unknown] client=[local] LOG:  connection received: host=[local]
2026-01-05 10:59:56.024 GMT [671] user=[unknown] db=[unknown] app=[unknown] client=[local] LOG:  connection received: host=[local]
2026-01-05 11:00:08.014 GMT [679] user=[unknown] db=[unknown] app=[unknown] client=[local] LOG:  connection received: host=[local]
2026-01-05 11:00:18.901 GMT [687] user=[unknown] db=[unknown] app=[unknown] client=[local] LOG:  connection received: host=[local]
2026-01-05 11:00:29.116 GMT [695] user=[unknown] db=[unknown] app=[unknown] client=[local] LOG:  connection received: host=[local]
2026-01-05 11:00:40.537 GMT [703] user=[unknown] db=[unknown] app=[unknown] client=[local] LOG:  connection received: host=[local]
2026-01-05 11:00:50.671 GMT [710] user=[unknown] db=[unknown] app=[unknown] client=[local] LOG:  connection received: host=[local]
2026-01-05 11:01:00.814 GMT [718] user=[unknown] db=[unknown] app=[unknown] client=[local] LOG:  connection received: host=[local]
2026-01-05 11:01:12.347 GMT [726] user=[unknown] db=[unknown] app=[unknown] client=[local] LOG:  connection received: host=[local]
2026-01-05 11:01:22.468 GMT [734] user=[unknown] db=[unknown] app=[unknown] client=[local] LOG:  connection received: host=[local]
2026-01-05 11:01:32.589 GMT [741] user=[unknown] db=[unknown] app=[unknown] client=[local] LOG:  connection received: host=[local]
2026-01-05 11:01:44.039 GMT [749] user=[unknown] db=[unknown] app=[unknown] client=[local] LOG:  connection received: host=[local]
2026-01-05 11:01:54.141 GMT [757] user=[unknown] db=[unknown] app=[unknown] client=[local] LOG:  connection received: host=[local]
2026-01-05 11:02:04.254 GMT [765] user=[unknown] db=[unknown] app=[unknown] client=[local] LOG:  connection received: host=[local]
2026-01-05 11:02:15.660 GMT [773] user=[unknown] db=[unknown] app=[unknown] client=[local] LOG:  connection received: host=[local]
2026-01-05 11:02:25.804 GMT [780] user=[unknown] db=[unknown] app=[unknown] client=[local] LOG:  connection received: host=[local]
2026-01-05 11:02:37.188 GMT [788] user=[unknown] db=[unknown] app=[unknown] client=[local] LOG:  connection received: host=[local]
2026-01-05 11:02:47.311 GMT [796] user=[unknown] db=[unknown] app=[unknown] client=[local] LOG:  connection received: host=[local]
2026-01-05 11:02:57.456 GMT [803] user=[unknown] db=[unknown] app=[unknown] client=[local] LOG:  connection received: host=[local]
2026-01-05 11:03:08.824 GMT [811] user=[unknown] db=[unknown] app=[unknown] client=[local] LOG:  connection received: host=[local]
2026-01-05 11:03:18.980 GMT [819] user=[unknown] db=[unknown] app=[unknown] client=[local] LOG:  connection received: host=[local]
2026-01-05 11:03:29.160 GMT [826] user=[unknown] db=[unknown] app=[unknown] client=[local] LOG:  connection received: host=[local]
2026-01-05 11:03:40.501 GMT [833] user=[unknown] db=[unknown] app=[unknown] client=[local] LOG:  connection received: host=[local]
2026-01-05 11:03:50.636 GMT [841] user=[unknown] db=[unknown] app=[unknown] client=[local] LOG:  connection received: host=[local]
2026-01-05 11:04:00.770 GMT [849] user=[unknown] db=[unknown] app=[unknown] client=[local] LOG:  connection received: host=[local]
2026-01-05 11:04:12.244 GMT [858] user=[unknown] db=[unknown] app=[unknown] client=[local] LOG:  connection received: host=[local]
2026-01-05 11:04:22.357 GMT [866] user=[unknown] db=[unknown] app=[unknown] client=[local] LOG:  connection received: host=[local]
2026-01-05 11:04:32.468 GMT [873] user=[unknown] db=[unknown] app=[unknown] client=[local] LOG:  connection received: host=[local]
2026-01-05 11:04:43.905 GMT [881] user=[unknown] db=[unknown] app=[unknown] client=[local] LOG:  connection received: host=[local]
2026-01-05 11:04:54.003 GMT [888] user=[unknown] db=[unknown] app=[unknown] client=[local] LOG:  connection received: host=[local]
2026-01-05 11:05:04.120 GMT [896] user=[unknown] db=[unknown] app=[unknown] client=[local] LOG:  connection received: host=[local]
2026-01-05 11:05:15.560 GMT [903] user=[unknown] db=[unknown] app=[unknown] client=[local] LOG:  connection received: host=[local]
2026-01-05 11:05:25.673 GMT [911] user=[unknown] db=[unknown] app=[unknown] client=[local] LOG:  connection received: host=[local]
2026-01-05 11:05:35.776 GMT [918] user=[unknown] db=[unknown] app=[unknown] client=[local] LOG:  connection received: host=[local]
2026-01-05 11:05:47.213 GMT [927] user=[unknown] db=[unknown] app=[unknown] client=[local] LOG:  connection received: host=[local]
2026-01-05 11:05:57.366 GMT [934] user=[unknown] db=[unknown] app=[unknown] client=[local] LOG:  connection received: host=[local]
2026-01-05 11:06:07.529 GMT [942] user=[unknown] db=[unknown] app=[unknown] client=[local] LOG:  connection received: host=[local]
2026-01-05 11:06:18.969 GMT [950] user=[unknown] db=[unknown] app=[unknown] client=[local] LOG:  connection received: host=[local]
2026-01-05 11:06:29.067 GMT [957] user=[unknown] db=[unknown] app=[unknown] client=[local] LOG:  connection received: host=[local]
2026-01-05 11:06:39.182 GMT [964] user=[unknown] db=[unknown] app=[unknown] client=[local] LOG:  connection received: host=[local]
2026-01-05 11:06:50.593 GMT [972] user=[unknown] db=[unknown] app=[unknown] client=[local] LOG:  connection received: host=[local]
2026-01-05 11:07:00.748 GMT [979] user=[unknown] db=[unknown] app=[unknown] client=[local] LOG:  connection received: host=[local]
2026-01-05 11:07:10.847 GMT [987] user=[unknown] db=[unknown] app=[unknown] client=[local] LOG:  connection received: host=[local]
2026-01-05 11:07:22.237 GMT [995] user=[unknown] db=[unknown] app=[unknown] client=[local] LOG:  connection received: host=[local]
2026-01-05 11:07:32.407 GMT [1002] user=[unknown] db=[unknown] app=[unknown] client=[local] LOG:  connection received: host=[local]
2026-01-05 11:07:42.536 GMT [1010] user=[unknown] db=[unknown] app=[unknown] client=[local] LOG:  connection received: host=[local]
2026-01-05 11:07:53.976 GMT [1017] user=[unknown] db=[unknown] app=[unknown] client=[local] LOG:  connection received: host=[local]
2026-01-05 11:08:04.096 GMT [1026] user=[unknown] db=[unknown] app=[unknown] client=[local] LOG:  connection received: host=[local]
2026-01-05 11:08:14.221 GMT [1033] user=[unknown] db=[unknown] app=[unknown] client=[local] LOG:  connection received: host=[local]
2026-01-05 11:08:25.578 GMT [1042] user=[unknown] db=[unknown] app=[unknown] client=[local] LOG:  connection received: host=[local]
2026-01-05 11:08:35.685 GMT [1049] user=[unknown] db=[unknown] app=[unknown] client=[local] LOG:  connection received: host=[local]
2026-01-05 11:08:45.798 GMT [1057] user=[unknown] db=[unknown] app=[unknown] client=[local] LOG:  connection received: host=[local]
2026-01-05 11:08:57.222 GMT [1064] user=[unknown] db=[unknown] app=[unknown] client=[local] LOG:  connection received: host=[local]
2026-01-05 11:09:07.330 GMT [1072] user=[unknown] db=[unknown] app=[unknown] client=[local] LOG:  connection received: host=[local]
2026-01-05 11:09:17.438 GMT [1079] user=[unknown] db=[unknown] app=[unknown] client=[local] LOG:  connection received: host=[local]
2026-01-05 11:09:28.827 GMT [1087] user=[unknown] db=[unknown] app=[unknown] client=[local] LOG:  connection received: host=[local]
2026-01-05 11:09:38.945 GMT [1094] user=[unknown] db=[unknown] app=[unknown] client=[local] LOG:  connection received: host=[local]
2026-01-05 11:09:49.039 GMT [1102] user=[unknown] db=[unknown] app=[unknown] client=[local] LOG:  connection received: host=[local]
2026-01-05 11:10:00.431 GMT [1109] user=[unknown] db=[unknown] app=[unknown] client=[local] LOG:  connection received: host=[local]
2026-01-05 11:10:10.559 GMT [1117] user=[unknown] db=[unknown] app=[unknown] client=[local] LOG:  connection received: host=[local]
2026-01-05 11:10:20.668 GMT [1124] user=[unknown] db=[unknown] app=[unknown] client=[local] LOG:  connection received: host=[local]
2026-01-05 11:10:32.069 GMT [1132] user=[unknown] db=[unknown] app=[unknown] client=[local] LOG:  connection received: host=[local]
2026-01-05 11:10:42.172 GMT [1140] user=[unknown] db=[unknown] app=[unknown] client=[local] LOG:  connection received: host=[local]
2026-01-05 11:10:52.323 GMT [1148] user=[unknown] db=[unknown] app=[unknown] client=[local] LOG:  connection received: host=[local]
2026-01-05 11:11:03.755 GMT [1155] user=[unknown] db=[unknown] app=[unknown] client=[local] LOG:  connection received: host=[local]
2026-01-05 11:11:13.856 GMT [1163] user=[unknown] db=[unknown] app=[unknown] client=[local] LOG:  connection received: host=[local]
2026-01-05 11:11:23.973 GMT [1172] user=[unknown] db=[unknown] app=[unknown] client=[local] LOG:  connection received: host=[local]
2026-01-05 11:11:35.357 GMT [1179] user=[unknown] db=[unknown] app=[unknown] client=[local] LOG:  connection received: host=[local]
2026-01-05 11:11:45.479 GMT [1186] user=[unknown] db=[unknown] app=[unknown] client=[local] LOG:  connection received: host=[local]
2026-01-05 11:11:55.600 GMT [1195] user=[unknown] db=[unknown] app=[unknown] client=[local] LOG:  connection received: host=[local]
2026-01-05 11:12:07.084 GMT [1202] user=[unknown] db=[unknown] app=[unknown] client=[local] LOG:  connection received: host=[local]
2026-01-05 11:12:17.194 GMT [1210] user=[unknown] db=[unknown] app=[unknown] client=[local] LOG:  connection received: host=[local]
2026-01-05 11:12:27.333 GMT [1218] user=[unknown] db=[unknown] app=[unknown] client=[local] LOG:  connection received: host=[local]
2026-01-05 11:12:38.720 GMT [1225] user=[unknown] db=[unknown] app=[unknown] client=[local] LOG:  connection received: host=[local]
2026-01-05 11:12:48.834 GMT [1233] user=[unknown] db=[unknown] app=[unknown] client=[local] LOG:  connection received: host=[local]
2026-01-05 11:12:58.954 GMT [1241] user=[unknown] db=[unknown] app=[unknown] client=[local] LOG:  connection received: host=[local]
2026-01-05 11:13:10.469 GMT [1249] user=[unknown] db=[unknown] app=[unknown] client=[local] LOG:  connection received: host=[local]
2026-01-05 11:13:20.624 GMT [1256] user=[unknown] db=[unknown] app=[unknown] client=[local] LOG:  connection received: host=[local]
2026-01-05 11:13:30.749 GMT [1264] user=[unknown] db=[unknown] app=[unknown] client=[local] LOG:  connection received: host=[local]
2026-01-05 11:13:42.135 GMT [1271] user=[unknown] db=[unknown] app=[unknown] client=[local] LOG:  connection received: host=[local]
2026-01-05 11:13:52.249 GMT [1280] user=[unknown] db=[unknown] app=[unknown] client=[local] LOG:  connection received: host=[local]
2026-01-05 11:14:02.413 GMT [1287] user=[unknown] db=[unknown] app=[unknown] client=[local] LOG:  connection received: host=[local]
2026-01-05 11:14:13.865 GMT [1295] user=[unknown] db=[unknown] app=[unknown] client=[local] LOG:  connection received: host=[local]
2026-01-05 11:14:23.971 GMT [1303] user=[unknown] db=[unknown] app=[unknown] client=[local] LOG:  connection received: host=[local]
2026-01-05 11:14:34.110 GMT [1310] user=[unknown] db=[unknown] app=[unknown] client=[local] LOG:  connection received: host=[local]
2026-01-05 11:14:45.511 GMT [1318] user=[unknown] db=[unknown] app=[unknown] client=[local] LOG:  connection received: host=[local]
2026-01-05 11:14:55.626 GMT [1327] user=[unknown] db=[unknown] app=[unknown] client=[local] LOG:  connection received: host=[local]
2026-01-05 11:15:05.735 GMT [1334] user=[unknown] db=[unknown] app=[unknown] client=[local] LOG:  connection received: host=[local]
2026-01-05 11:15:17.189 GMT [1342] user=[unknown] db=[unknown] app=[unknown] client=[local] LOG:  connection received: host=[local]
2026-01-05 11:15:27.368 GMT [1350] user=[unknown] db=[unknown] app=[unknown] client=[local] LOG:  connection received: host=[local]
2026-01-05 11:15:38.760 GMT [1357] user=[unknown] db=[unknown] app=[unknown] client=[local] LOG:  connection received: host=[local]
2026-01-05 11:15:48.873 GMT [1364] user=[unknown] db=[unknown] app=[unknown] client=[local] LOG:  connection received: host=[local]
2026-01-05 11:15:58.979 GMT [1372] user=[unknown] db=[unknown] app=[unknown] client=[local] LOG:  connection received: host=[local]
2026-01-05 11:16:10.329 GMT [1379] user=[unknown] db=[unknown] app=[unknown] client=[local] LOG:  connection received: host=[local]
2026-01-05 11:16:20.447 GMT [1387] user=[unknown] db=[unknown] app=[unknown] client=[local] LOG:  connection received: host=[local]
2026-01-05 11:16:30.581 GMT [1395] user=[unknown] db=[unknown] app=[unknown] client=[local] LOG:  connection received: host=[local]
2026-01-05 11:16:42.052 GMT [1403] user=[unknown] db=[unknown] app=[unknown] client=[local] LOG:  connection received: host=[local]
2026-01-05 11:16:52.175 GMT [1410] user=[unknown] db=[unknown] app=[unknown] client=[local] LOG:  connection received: host=[local]
2026-01-05 11:17:02.304 GMT [1418] user=[unknown] db=[unknown] app=[unknown] client=[local] LOG:  connection received: host=[local]
2026-01-05 11:17:13.712 GMT [1426] user=[unknown] db=[unknown] app=[unknown] client=[local] LOG:  connection received: host=[local]
2026-01-05 11:17:23.830 GMT [1435] user=[unknown] db=[unknown] app=[unknown] client=[local] LOG:  connection received: host=[local]
2026-01-05 11:17:33.956 GMT [1442] user=[unknown] db=[unknown] app=[unknown] client=[local] LOG:  connection received: host=[local]
2026-01-05 11:17:45.343 GMT [1449] user=[unknown] db=[unknown] app=[unknown] client=[local] LOG:  connection received: host=[local]
2026-01-05 11:17:55.446 GMT [1457] user=[unknown] db=[unknown] app=[unknown] client=[local] LOG:  connection received: host=[local]
2026-01-05 11:18:05.545 GMT [1464] user=[unknown] db=[unknown] app=[unknown] client=[local] LOG:  connection received: host=[local]
2026-01-05 11:18:16.936 GMT [1472] user=[unknown] db=[unknown] app=[unknown] client=[local] LOG:  connection received: host=[local]
2026-01-05 11:18:27.041 GMT [1480] user=[unknown] db=[unknown] app=[unknown] client=[local] LOG:  connection received: host=[local]
2026-01-05 11:18:37.155 GMT [1487] user=[unknown] db=[unknown] app=[unknown] client=[local] LOG:  connection received: host=[local]
2026-01-05 11:18:48.576 GMT [1494] user=[unknown] db=[unknown] app=[unknown] client=[local] LOG:  connection received: host=[local]
2026-01-05 11:18:58.687 GMT [1503] user=[unknown] db=[unknown] app=[unknown] client=[local] LOG:  connection received: host=[local]
2026-01-05 11:19:08.796 GMT [1511] user=[unknown] db=[unknown] app=[unknown] client=[local] LOG:  connection received: host=[local]
2026-01-05 11:19:20.239 GMT [1519] user=[unknown] db=[unknown] app=[unknown] client=[local] LOG:  connection received: host=[local]
2026-01-05 11:19:30.350 GMT [1527] user=[unknown] db=[unknown] app=[unknown] client=[local] LOG:  connection received: host=[local]
2026-01-05 11:19:40.466 GMT [1534] user=[unknown] db=[unknown] app=[unknown] client=[local] LOG:  connection received: host=[local]
2026-01-05 11:19:51.859 GMT [1541] user=[unknown] db=[unknown] app=[unknown] client=[local] LOG:  connection received: host=[local]
2026-01-05 11:20:01.981 GMT [1549] user=[unknown] db=[unknown] app=[unknown] client=[local] LOG:  connection received: host=[local]
2026-01-05 11:20:12.100 GMT [1556] user=[unknown] db=[unknown] app=[unknown] client=[local] LOG:  connection received: host=[local]
2026-01-05 11:20:23.490 GMT [1565] user=[unknown] db=[unknown] app=[unknown] client=[local] LOG:  connection received: host=[local]
2026-01-05 11:20:33.595 GMT [1572] user=[unknown] db=[unknown] app=[unknown] client=[local] LOG:  connection received: host=[local]
2026-01-05 11:20:43.716 GMT [1579] user=[unknown] db=[unknown] app=[unknown] client=[local] LOG:  connection received: host=[local]
2026-01-05 11:20:55.094 GMT [1586] user=[unknown] db=[unknown] app=[unknown] client=[local] LOG:  connection received: host=[local]
2026-01-05 11:21:05.229 GMT [1594] user=[unknown] db=[unknown] app=[unknown] client=[local] LOG:  connection received: host=[local]
2026-01-05 11:21:15.344 GMT [1601] user=[unknown] db=[unknown] app=[unknown] client=[local] LOG:  connection received: host=[local]
2026-01-05 11:21:26.765 GMT [1610] user=[unknown] db=[unknown] app=[unknown] client=[local] LOG:  connection received: host=[local]
2026-01-05 11:21:36.895 GMT [1618] user=[unknown] db=[unknown] app=[unknown] client=[local] LOG:  connection received: host=[local]
2026-01-05 11:21:47.018 GMT [1625] user=[unknown] db=[unknown] app=[unknown] client=[local] LOG:  connection received: host=[local]
2026-01-05 11:21:58.413 GMT [1633] user=[unknown] db=[unknown] app=[unknown] client=[local] LOG:  connection received: host=[local]
2026-01-05 11:22:08.563 GMT [1641] user=[unknown] db=[unknown] app=[unknown] client=[local] LOG:  connection received: host=[local]
2026-01-05 11:22:18.675 GMT [1649] user=[unknown] db=[unknown] app=[unknown] client=[local] LOG:  connection received: host=[local]
2026-01-05 11:22:30.144 GMT [1657] user=[unknown] db=[unknown] app=[unknown] client=[local] LOG:  connection received: host=[local]
2026-01-05 11:22:40.239 GMT [1664] user=[unknown] db=[unknown] app=[unknown] client=[local] LOG:  connection received: host=[local]
2026-01-05 11:22:50.378 GMT [1671] user=[unknown] db=[unknown] app=[unknown] client=[local] LOG:  connection received: host=[local]
2026-01-05 11:23:01.816 GMT [1679] user=[unknown] db=[unknown] app=[unknown] client=[local] LOG:  connection received: host=[local]
2026-01-05 11:23:11.934 GMT [1687] user=[unknown] db=[unknown] app=[unknown] client=[local] LOG:  connection received: host=[local]
2026-01-05 11:23:22.037 GMT [1695] user=[unknown] db=[unknown] app=[unknown] client=[local] LOG:  connection received: host=[local]
2026-01-05 11:23:33.506 GMT [1703] user=[unknown] db=[unknown] app=[unknown] client=[local] LOG:  connection received: host=[local]
2026-01-05 11:23:43.605 GMT [1711] user=[unknown] db=[unknown] app=[unknown] client=[local] LOG:  connection received: host=[local]
2026-01-05 11:23:53.714 GMT [1718] user=[unknown] db=[unknown] app=[unknown] client=[local] LOG:  connection received: host=[local]
2026-01-05 11:24:05.181 GMT [1726] user=[unknown] db=[unknown] app=[unknown] client=[local] LOG:  connection received: host=[local]
2026-01-05 11:24:15.310 GMT [1733] user=[unknown] db=[unknown] app=[unknown] client=[local] LOG:  connection received: host=[local]
2026-01-05 11:24:25.426 GMT [1743] user=[unknown] db=[unknown] app=[unknown] client=[local] LOG:  connection received: host=[local]
2026-01-05 11:24:36.866 GMT [1750] user=[unknown] db=[unknown] app=[unknown] client=[local] LOG:  connection received: host=[local]
2026-01-05 11:24:46.985 GMT [1757] user=[unknown] db=[unknown] app=[unknown] client=[local] LOG:  connection received: host=[local]
2026-01-05 11:24:57.093 GMT [1764] user=[unknown] db=[unknown] app=[unknown] client=[local] LOG:  connection received: host=[local]
2026-01-05 11:25:08.585 GMT [1772] user=[unknown] db=[unknown] app=[unknown] client=[local] LOG:  connection received: host=[local]
2026-01-05 11:25:18.713 GMT [1781] user=[unknown] db=[unknown] app=[unknown] client=[local] LOG:  connection received: host=[local]
2026-01-05 11:25:28.842 GMT [1789] user=[unknown] db=[unknown] app=[unknown] client=[local] LOG:  connection received: host=[local]
2026-01-05 11:25:40.272 GMT [1796] user=[unknown] db=[unknown] app=[unknown] client=[local] LOG:  connection received: host=[local]
2026-01-05 11:25:50.374 GMT [1804] user=[unknown] db=[unknown] app=[unknown] client=[local] LOG:  connection received: host=[local]
2026-01-05 11:26:00.478 GMT [1811] user=[unknown] db=[unknown] app=[unknown] client=[local] LOG:  connection received: host=[local]
2026-01-05 11:26:11.986 GMT [1819] user=[unknown] db=[unknown] app=[unknown] client=[local] LOG:  connection received: host=[local]
2026-01-05 11:26:22.108 GMT [1827] user=[unknown] db=[unknown] app=[unknown] client=[local] LOG:  connection received: host=[local]
2026-01-05 11:26:32.211 GMT [1835] user=[unknown] db=[unknown] app=[unknown] client=[local] LOG:  connection received: host=[local]
2026-01-05 11:26:43.660 GMT [1842] user=[unknown] db=[unknown] app=[unknown] client=[local] LOG:  connection received: host=[local]
2026-01-05 11:26:53.802 GMT [1849] user=[unknown] db=[unknown] app=[unknown] client=[local] LOG:  connection received: host=[local]
2026-01-05 11:27:03.904 GMT [1856] user=[unknown] db=[unknown] app=[unknown] client=[local] LOG:  connection received: host=[local]
2026-01-05 11:27:15.386 GMT [1864] user=[unknown] db=[unknown] app=[unknown] client=[local] LOG:  connection received: host=[local]
2026-01-05 11:27:25.497 GMT [1874] user=[unknown] db=[unknown] app=[unknown] client=[local] LOG:  connection received: host=[local]
2026-01-05 11:27:35.643 GMT [1881] user=[unknown] db=[unknown] app=[unknown] client=[local] LOG:  connection received: host=[local]
2026-01-05 11:27:47.116 GMT [1888] user=[unknown] db=[unknown] app=[unknown] client=[local] LOG:  connection received: host=[local]
2026-01-05 11:27:57.217 GMT [1895] user=[unknown] db=[unknown] app=[unknown] client=[local] LOG:  connection received: host=[local]
2026-01-05 11:28:07.330 GMT [1903] user=[unknown] db=[unknown] app=[unknown] client=[local] LOG:  connection received: host=[local]
2026-01-05 11:28:18.790 GMT [1913] user=[unknown] db=[unknown] app=[unknown] client=[local] LOG:  connection received: host=[local]
2026-01-05 11:28:28.899 GMT [1921] user=[unknown] db=[unknown] app=[unknown] client=[local] LOG:  connection received: host=[local]
2026-01-05 11:28:39.006 GMT [1928] user=[unknown] db=[unknown] app=[unknown] client=[local] LOG:  connection received: host=[local]
2026-01-05 11:28:50.445 GMT [1935] user=[unknown] db=[unknown] app=[unknown] client=[local] LOG:  connection received: host=[local]
2026-01-05 11:29:00.564 GMT [1942] user=[unknown] db=[unknown] app=[unknown] client=[local] LOG:  connection received: host=[local]
2026-01-05 11:29:10.683 GMT [1949] user=[unknown] db=[unknown] app=[unknown] client=[local] LOG:  connection received: host=[local]
2026-01-05 11:29:22.023 GMT [1958] user=[unknown] db=[unknown] app=[unknown] client=[local] LOG:  connection received: host=[local]
2026-01-05 11:29:32.137 GMT [1966] user=[unknown] db=[unknown] app=[unknown] client=[local] LOG:  connection received: host=[local]
2026-01-05 11:29:42.250 GMT [1973] user=[unknown] db=[unknown] app=[unknown] client=[local] LOG:  connection received: host=[local]
2026-01-05 11:29:53.749 GMT [1980] user=[unknown] db=[unknown] app=[unknown] client=[local] LOG:  connection received: host=[local]
2026-01-05 11:30:03.889 GMT [1987] user=[unknown] db=[unknown] app=[unknown] client=[local] LOG:  connection received: host=[local]
2026-01-05 11:30:15.293 GMT [1994] user=[unknown] db=[unknown] app=[unknown] client=[local] LOG:  connection received: host=[local]
2026-01-05 11:30:25.419 GMT [2002] user=[unknown] db=[unknown] app=[unknown] client=[local] LOG:  connection received: host=[local]
2026-01-05 11:30:35.543 GMT [2009] user=[unknown] db=[unknown] app=[unknown] client=[local] LOG:  connection received: host=[local]
2026-01-05 11:30:46.911 GMT [2018] user=[unknown] db=[unknown] app=[unknown] client=[local] LOG:  connection received: host=[local]
2026-01-05 11:30:57.043 GMT [2025] user=[unknown] db=[unknown] app=[unknown] client=[local] LOG:  connection received: host=[local]
2026-01-05 11:31:07.179 GMT [2033] user=[unknown] db=[unknown] app=[unknown] client=[local] LOG:  connection received: host=[local]
2026-01-05 11:31:18.650 GMT [2040] user=[unknown] db=[unknown] app=[unknown] client=[local] LOG:  connection received: host=[local]
2026-01-05 11:31:28.778 GMT [2048] user=[unknown] db=[unknown] app=[unknown] client=[local] LOG:  connection received: host=[local]
2026-01-05 11:31:38.924 GMT [2056] user=[unknown] db=[unknown] app=[unknown] client=[local] LOG:  connection received: host=[local]
2026-01-05 11:31:50.363 GMT [2064] user=[unknown] db=[unknown] app=[unknown] client=[local] LOG:  connection received: host=[local]
2026-01-05 11:32:00.494 GMT [2072] user=[unknown] db=[unknown] app=[unknown] client=[local] LOG:  connection received: host=[local]
2026-01-05 11:32:10.604 GMT [2080] user=[unknown] db=[unknown] app=[unknown] client=[local] LOG:  connection received: host=[local]
2026-01-05 11:32:22.017 GMT [2087] user=[unknown] db=[unknown] app=[unknown] client=[local] LOG:  connection received: host=[local]
2026-01-05 11:32:32.151 GMT [2095] user=[unknown] db=[unknown] app=[unknown] client=[local] LOG:  connection received: host=[local]
2026-01-05 11:32:42.251 GMT [2103] user=[unknown] db=[unknown] app=[unknown] client=[local] LOG:  connection received: host=[local]
2026-01-05 11:32:53.711 GMT [2110] user=[unknown] db=[unknown] app=[unknown] client=[local] LOG:  connection received: host=[local]
2026-01-05 11:33:03.818 GMT [2118] user=[unknown] db=[unknown] app=[unknown] client=[local] LOG:  connection received: host=[local]
2026-01-05 11:33:13.934 GMT [2127] user=[unknown] db=[unknown] app=[unknown] client=[local] LOG:  connection received: host=[local]
2026-01-05 11:33:25.304 GMT [2135] user=[unknown] db=[unknown] app=[unknown] client=[local] LOG:  connection received: host=[local]
2026-01-05 11:33:35.416 GMT [2142] user=[unknown] db=[unknown] app=[unknown] client=[local] LOG:  connection received: host=[local]
2026-01-05 11:33:45.511 GMT [2150] user=[unknown] db=[unknown] app=[unknown] client=[local] LOG:  connection received: host=[local]
2026-01-05 11:33:56.993 GMT [2157] user=[unknown] db=[unknown] app=[unknown] client=[local] LOG:  connection received: host=[local]
2026-01-05 11:34:07.102 GMT [2165] user=[unknown] db=[unknown] app=[unknown] client=[local] LOG:  connection received: host=[local]
2026-01-05 11:34:17.226 GMT [2172] user=[unknown] db=[unknown] app=[unknown] client=[local] LOG:  connection received: host=[local]
2026-01-05 11:34:28.658 GMT [2180] user=[unknown] db=[unknown] app=[unknown] client=[local] LOG:  connection received: host=[local]
2026-01-05 11:34:38.803 GMT [2187] user=[unknown] db=[unknown] app=[unknown] client=[local] LOG:  connection received: host=[local]
2026-01-05 11:34:48.911 GMT [2195] user=[unknown] db=[unknown] app=[unknown] client=[local] LOG:  connection received: host=[local]
2026-01-05 11:35:00.348 GMT [2202] user=[unknown] db=[unknown] app=[unknown] client=[local] LOG:  connection received: host=[local]
2026-01-05 11:35:10.474 GMT [2210] user=[unknown] db=[unknown] app=[unknown] client=[local] LOG:  connection received: host=[local]
2026-01-05 11:35:20.575 GMT [2217] user=[unknown] db=[unknown] app=[unknown] client=[local] LOG:  connection received: host=[local]
2026-01-05 11:35:32.023 GMT [2225] user=[unknown] db=[unknown] app=[unknown] client=[local] LOG:  connection received: host=[local]
2026-01-05 11:35:42.163 GMT [2233] user=[unknown] db=[unknown] app=[unknown] client=[local] LOG:  connection received: host=[local]
2026-01-05 11:35:52.275 GMT [2240] user=[unknown] db=[unknown] app=[unknown] client=[local] LOG:  connection received: host=[local]
2026-01-05 11:36:03.705 GMT [2247] user=[unknown] db=[unknown] app=[unknown] client=[local] LOG:  connection received: host=[local]
2026-01-05 11:36:13.869 GMT [2255] user=[unknown] db=[unknown] app=[unknown] client=[local] LOG:  connection received: host=[local]
2026-01-05 11:36:23.973 GMT [2263] user=[unknown] db=[unknown] app=[unknown] client=[local] LOG:  connection received: host=[local]
2026-01-05 11:36:35.421 GMT [2271] user=[unknown] db=[unknown] app=[unknown] client=[local] LOG:  connection received: host=[local]
2026-01-05 11:36:45.526 GMT [2279] user=[unknown] db=[unknown] app=[unknown] client=[local] LOG:  connection received: host=[local]
2026-01-05 11:36:55.673 GMT [2287] user=[unknown] db=[unknown] app=[unknown] client=[local] LOG:  connection received: host=[local]
2026-01-05 11:37:07.131 GMT [2294] user=[unknown] db=[unknown] app=[unknown] client=[local] LOG:  connection received: host=[local]
2026-01-05 11:37:17.240 GMT [2302] user=[unknown] db=[unknown] app=[unknown] client=[local] LOG:  connection received: host=[local]
2026-01-05 11:37:27.368 GMT [2310] user=[unknown] db=[unknown] app=[unknown] client=[local] LOG:  connection received: host=[local]
2026-01-05 11:37:38.803 GMT [2317] user=[unknown] db=[unknown] app=[unknown] client=[local] LOG:  connection received: host=[local]
2026-01-05 11:37:48.907 GMT [2325] user=[unknown] db=[unknown] app=[unknown] client=[local] LOG:  connection received: host=[local]
2026-01-05 11:37:59.042 GMT [2332] user=[unknown] db=[unknown] app=[unknown] client=[local] LOG:  connection received: host=[local]
2026-01-05 11:38:10.469 GMT [2339] user=[unknown] db=[unknown] app=[unknown] client=[local] LOG:  connection received: host=[local]
2026-01-05 11:38:20.623 GMT [2347] user=[unknown] db=[unknown] app=[unknown] client=[local] LOG:  connection received: host=[local]
2026-01-05 11:38:30.714 GMT [2355] user=[unknown] db=[unknown] app=[unknown] client=[local] LOG:  connection received: host=[local]
2026-01-05 11:38:42.118 GMT [2362] user=[unknown] db=[unknown] app=[unknown] client=[local] LOG:  connection received: host=[local]
2026-01-05 11:38:52.230 GMT [2370] user=[unknown] db=[unknown] app=[unknown] client=[local] LOG:  connection received: host=[local]
2026-01-05 11:39:02.428 GMT [2377] user=[unknown] db=[unknown] app=[unknown] client=[local] LOG:  connection received: host=[local]
2026-01-05 11:39:13.950 GMT [2385] user=[unknown] db=[unknown] app=[unknown] client=[local] LOG:  connection received: host=[local]
2026-01-05 11:39:24.061 GMT [2392] user=[unknown] db=[unknown] app=[unknown] client=[local] LOG:  connection received: host=[local]
2026-01-05 11:39:34.185 GMT [2400] user=[unknown] db=[unknown] app=[unknown] client=[local] LOG:  connection received: host=[local]
2026-01-05 11:39:45.623 GMT [2408] user=[unknown] db=[unknown] app=[unknown] client=[local] LOG:  connection received: host=[local]
2026-01-05 11:39:55.745 GMT [2416] user=[unknown] db=[unknown] app=[unknown] client=[local] LOG:  connection received: host=[local]
2026-01-05 11:40:05.859 GMT [2423] user=[unknown] db=[unknown] app=[unknown] client=[local] LOG:  connection received: host=[local]
2026-01-05 11:40:17.350 GMT [2431] user=[unknown] db=[unknown] app=[unknown] client=[local] LOG:  connection received: host=[local]
2026-01-05 11:40:27.470 GMT [2440] user=[unknown] db=[unknown] app=[unknown] client=[local] LOG:  connection received: host=[local]
2026-01-05 11:40:37.587 GMT [2447] user=[unknown] db=[unknown] app=[unknown] client=[local] LOG:  connection received: host=[local]
2026-01-05 11:40:49.035 GMT [2455] user=[unknown] db=[unknown] app=[unknown] client=[local] LOG:  connection received: host=[local]
2026-01-05 11:40:59.159 GMT [2462] user=[unknown] db=[unknown] app=[unknown] client=[local] LOG:  connection received: host=[local]
2026-01-05 11:41:09.283 GMT [2469] user=[unknown] db=[unknown] app=[unknown] client=[local] LOG:  connection received: host=[local]
2026-01-05 11:41:20.761 GMT [2477] user=[unknown] db=[unknown] app=[unknown] client=[local] LOG:  connection received: host=[local]
2026-01-05 11:41:30.871 GMT [2485] user=[unknown] db=[unknown] app=[unknown] client=[local] LOG:  connection received: host=[local]
2026-01-05 11:41:40.993 GMT [2492] user=[unknown] db=[unknown] app=[unknown] client=[local] LOG:  connection received: host=[local]
2026-01-05 11:41:52.455 GMT [2500] user=[unknown] db=[unknown] app=[unknown] client=[local] LOG:  connection received: host=[local]
2026-01-05 11:42:02.605 GMT [2507] user=[unknown] db=[unknown] app=[unknown] client=[local] LOG:  connection received: host=[local]
2026-01-05 11:42:12.831 GMT [2515] user=[unknown] db=[unknown] app=[unknown] client=[local] LOG:  connection received: host=[local]
2026-01-05 11:42:24.314 GMT [2523] user=[unknown] db=[unknown] app=[unknown] client=[local] LOG:  connection received: host=[local]
2026-01-05 11:42:34.439 GMT [2531] user=[unknown] db=[unknown] app=[unknown] client=[local] LOG:  connection received: host=[local]
2026-01-05 11:42:44.588 GMT [2539] user=[unknown] db=[unknown] app=[unknown] client=[local] LOG:  connection received: host=[local]
2026-01-05 11:42:56.039 GMT [2547] user=[unknown] db=[unknown] app=[unknown] client=[local] LOG:  connection received: host=[local]
2026-01-05 11:43:06.178 GMT [2554] user=[unknown] db=[unknown] app=[unknown] client=[local] LOG:  connection received: host=[local]
2026-01-05 11:43:16.291 GMT [2561] user=[unknown] db=[unknown] app=[unknown] client=[local] LOG:  connection received: host=[local]
2026-01-05 11:43:27.737 GMT [2570] user=[unknown] db=[unknown] app=[unknown] client=[local] LOG:  connection received: host=[local]
2026-01-05 11:43:37.848 GMT [2577] user=[unknown] db=[unknown] app=[unknown] client=[local] LOG:  connection received: host=[local]
2026-01-05 11:43:49.323 GMT [2584] user=[unknown] db=[unknown] app=[unknown] client=[local] LOG:  connection received: host=[local]
2026-01-05 11:43:59.464 GMT [2592] user=[unknown] db=[unknown] app=[unknown] client=[local] LOG:  connection received: host=[local]
2026-01-05 11:44:09.583 GMT [2599] user=[unknown] db=[unknown] app=[unknown] client=[local] LOG:  connection received: host=[local]
2026-01-05 11:44:21.027 GMT [2607] user=[unknown] db=[unknown] app=[unknown] client=[local] LOG:  connection received: host=[local]
2026-01-05 11:44:31.130 GMT [2615] user=[unknown] db=[unknown] app=[unknown] client=[local] LOG:  connection received: host=[local]
2026-01-05 11:44:41.246 GMT [2622] user=[unknown] db=[unknown] app=[unknown] client=[local] LOG:  connection received: host=[local]
2026-01-05 11:44:52.715 GMT [2629] user=[unknown] db=[unknown] app=[unknown] client=[local] LOG:  connection received: host=[local]
2026-01-05 11:45:02.841 GMT [2637] user=[unknown] db=[unknown] app=[unknown] client=[local] LOG:  connection received: host=[local]
2026-01-05 11:45:12.962 GMT [2644] user=[unknown] db=[unknown] app=[unknown] client=[local] LOG:  connection received: host=[local]
2026-01-05 11:45:24.370 GMT [2652] user=[unknown] db=[unknown] app=[unknown] client=[local] LOG:  connection received: host=[local]
2026-01-05 11:45:34.506 GMT [2661] user=[unknown] db=[unknown] app=[unknown] client=[local] LOG:  connection received: host=[local]
2026-01-05 11:45:44.676 GMT [2668] user=[unknown] db=[unknown] app=[unknown] client=[local] LOG:  connection received: host=[local]
2026-01-05 11:45:56.175 GMT [2676] user=[unknown] db=[unknown] app=[unknown] client=[local] LOG:  connection received: host=[local]
2026-01-05 11:46:06.321 GMT [2683] user=[unknown] db=[unknown] app=[unknown] client=[local] LOG:  connection received: host=[local]
2026-01-05 11:46:16.462 GMT [2691] user=[unknown] db=[unknown] app=[unknown] client=[local] LOG:  connection received: host=[local]
2026-01-05 11:46:28.019 GMT [2698] user=[unknown] db=[unknown] app=[unknown] client=[local] LOG:  connection received: host=[local]
2026-01-05 11:46:38.111 GMT [2706] user=[unknown] db=[unknown] app=[unknown] client=[local] LOG:  connection received: host=[local]
2026-01-05 11:46:48.227 GMT [2714] user=[unknown] db=[unknown] app=[unknown] client=[local] LOG:  connection received: host=[local]
2026-01-05 11:46:59.721 GMT [2722] user=[unknown] db=[unknown] app=[unknown] client=[local] LOG:  connection received: host=[local]
2026-01-05 11:47:09.842 GMT [2729] user=[unknown] db=[unknown] app=[unknown] client=[local] LOG:  connection received: host=[local]
2026-01-05 11:47:19.952 GMT [2737] user=[unknown] db=[unknown] app=[unknown] client=[local] LOG:  connection received: host=[local]
2026-01-05 11:47:31.400 GMT [2745] user=[unknown] db=[unknown] app=[unknown] client=[local] LOG:  connection received: host=[local]
2026-01-05 11:47:41.531 GMT [2753] user=[unknown] db=[unknown] app=[unknown] client=[local] LOG:  connection received: host=[local]
2026-01-05 11:47:51.660 GMT [2760] user=[unknown] db=[unknown] app=[unknown] client=[local] LOG:  connection received: host=[local]
2026-01-05 11:48:03.297 GMT [2769] user=[unknown] db=[unknown] app=[unknown] client=[local] LOG:  connection received: host=[local]
2026-01-05 11:48:13.433 GMT [2776] user=[unknown] db=[unknown] app=[unknown] client=[local] LOG:  connection received: host=[local]
2026-01-05 11:48:23.541 GMT [2784] user=[unknown] db=[unknown] app=[unknown] client=[local] LOG:  connection received: host=[local]
2026-01-05 11:48:34.958 GMT [2792] user=[unknown] db=[unknown] app=[unknown] client=[local] LOG:  connection received: host=[local]
2026-01-05 11:48:45.104 GMT [2798] user=[unknown] db=[unknown] app=[unknown] client=[local] LOG:  connection received: host=[local]
2026-01-05 11:48:55.229 GMT [2805] user=[unknown] db=[unknown] app=[unknown] client=[local] LOG:  connection received: host=[local]
2026-01-05 11:49:06.806 GMT [2813] user=[unknown] db=[unknown] app=[unknown] client=[local] LOG:  connection received: host=[local]
2026-01-05 11:49:16.915 GMT [2820] user=[unknown] db=[unknown] app=[unknown] client=[local] LOG:  connection received: host=[local]
2026-01-05 11:49:27.032 GMT [2829] user=[unknown] db=[unknown] app=[unknown] client=[local] LOG:  connection received: host=[local]
2026-01-05 11:49:38.547 GMT [2837] user=[unknown] db=[unknown] app=[unknown] client=[local] LOG:  connection received: host=[local]
2026-01-05 11:49:48.680 GMT [2844] user=[unknown] db=[unknown] app=[unknown] client=[local] LOG:  connection received: host=[local]
2026-01-05 11:49:58.802 GMT [2852] user=[unknown] db=[unknown] app=[unknown] client=[local] LOG:  connection received: host=[local]
2026-01-05 11:50:10.335 GMT [2859] user=[unknown] db=[unknown] app=[unknown] client=[local] LOG:  connection received: host=[local]
2026-01-05 11:50:20.518 GMT [2866] user=[unknown] db=[unknown] app=[unknown] client=[local] LOG:  connection received: host=[local]
2026-01-05 11:50:30.637 GMT [2874] user=[unknown] db=[unknown] app=[unknown] client=[local] LOG:  connection received: host=[local]
2026-01-05 11:50:42.053 GMT [2883] user=[unknown] db=[unknown] app=[unknown] client=[local] LOG:  connection received: host=[local]
2026-01-05 11:50:52.156 GMT [2890] user=[unknown] db=[unknown] app=[unknown] client=[local] LOG:  connection received: host=[local]
2026-01-05 11:51:02.288 GMT [2898] user=[unknown] db=[unknown] app=[unknown] client=[local] LOG:  connection received: host=[local]
2026-01-05 11:51:13.832 GMT [2906] user=[unknown] db=[unknown] app=[unknown] client=[local] LOG:  connection received: host=[local]
2026-01-05 11:51:23.978 GMT [2915] user=[unknown] db=[unknown] app=[unknown] client=[local] LOG:  connection received: host=[local]
2026-01-05 11:51:34.108 GMT [2923] user=[unknown] db=[unknown] app=[unknown] client=[local] LOG:  connection received: host=[local]
2026-01-05 11:51:45.593 GMT [2931] user=[unknown] db=[unknown] app=[unknown] client=[local] LOG:  connection received: host=[local]
2026-01-05 11:51:55.734 GMT [2938] user=[unknown] db=[unknown] app=[unknown] client=[local] LOG:  connection received: host=[local]
2026-01-05 11:52:05.831 GMT [2947] user=[unknown] db=[unknown] app=[unknown] client=[local] LOG:  connection received: host=[local]
2026-01-05 11:52:17.425 GMT [2954] user=[unknown] db=[unknown] app=[unknown] client=[local] LOG:  connection received: host=[local]
2026-01-05 11:52:27.538 GMT [2962] user=[unknown] db=[unknown] app=[unknown] client=[local] LOG:  connection received: host=[local]
2026-01-05 11:52:37.665 GMT [2971] user=[unknown] db=[unknown] app=[unknown] client=[local] LOG:  connection received: host=[local]
2026-01-05 11:52:49.108 GMT [2979] user=[unknown] db=[unknown] app=[unknown] client=[local] LOG:  connection received: host=[local]
2026-01-05 11:52:59.217 GMT [2987] user=[unknown] db=[unknown] app=[unknown] client=[local] LOG:  connection received: host=[local]
2026-01-05 11:53:09.335 GMT [2994] user=[unknown] db=[unknown] app=[unknown] client=[local] LOG:  connection received: host=[local]
2026-01-05 11:53:20.832 GMT [3001] user=[unknown] db=[unknown] app=[unknown] client=[local] LOG:  connection received: host=[local]
2026-01-05 11:53:31.015 GMT [3009] user=[unknown] db=[unknown] app=[unknown] client=[local] LOG:  connection received: host=[local]
2026-01-05 11:53:41.147 GMT [3017] user=[unknown] db=[unknown] app=[unknown] client=[local] LOG:  connection received: host=[local]
2026-01-05 11:53:52.598 GMT [3024] user=[unknown] db=[unknown] app=[unknown] client=[local] LOG:  connection received: host=[local]
2026-01-05 11:54:02.711 GMT [3032] user=[unknown] db=[unknown] app=[unknown] client=[local] LOG:  connection received: host=[local]
2026-01-05 11:54:12.829 GMT [3039] user=[unknown] db=[unknown] app=[unknown] client=[local] LOG:  connection received: host=[local]
2026-01-05 11:54:24.377 GMT [3046] user=[unknown] db=[unknown] app=[unknown] client=[local] LOG:  connection received: host=[local]
2026-01-05 11:54:34.503 GMT [3054] user=[unknown] db=[unknown] app=[unknown] client=[local] LOG:  connection received: host=[local]
2026-01-05 11:54:44.630 GMT [3062] user=[unknown] db=[unknown] app=[unknown] client=[local] LOG:  connection received: host=[local]
2026-01-05 11:54:56.111 GMT [3069] user=[unknown] db=[unknown] app=[unknown] client=[local] LOG:  connection received: host=[local]
2026-01-05 11:55:06.237 GMT [3077] user=[unknown] db=[unknown] app=[unknown] client=[local] LOG:  connection received: host=[local]
2026-01-05 11:55:16.346 GMT [3084] user=[unknown] db=[unknown] app=[unknown] client=[local] LOG:  connection received: host=[local]
2026-01-05 11:55:27.796 GMT [3092] user=[unknown] db=[unknown] app=[unknown] client=[local] LOG:  connection received: host=[local]
2026-01-05 11:55:37.936 GMT [3101] user=[unknown] db=[unknown] app=[unknown] client=[local] LOG:  connection received: host=[local]
2026-01-05 11:55:48.069 GMT [3108] user=[unknown] db=[unknown] app=[unknown] client=[local] LOG:  connection received: host=[local]
2026-01-05 11:55:59.539 GMT [3115] user=[unknown] db=[unknown] app=[unknown] client=[local] LOG:  connection received: host=[local]
2026-01-05 11:56:09.655 GMT [3123] user=[unknown] db=[unknown] app=[unknown] client=[local] LOG:  connection received: host=[local]
2026-01-05 11:56:19.797 GMT [3130] user=[unknown] db=[unknown] app=[unknown] client=[local] LOG:  connection received: host=[local]
2026-01-05 11:56:31.323 GMT [3138] user=[unknown] db=[unknown] app=[unknown] client=[local] LOG:  connection received: host=[local]
2026-01-05 11:56:41.482 GMT [3146] user=[unknown] db=[unknown] app=[unknown] client=[local] LOG:  connection received: host=[local]
2026-01-05 11:56:52.210 GMT [3154] user=[unknown] db=[unknown] app=[unknown] client=[local] LOG:  connection received: host=[local]
2026-01-05 11:57:03.096 GMT [3161] user=[unknown] db=[unknown] app=[unknown] client=[local] LOG:  connection received: host=[local]
2026-01-05 11:57:13.217 GMT [3169] user=[unknown] db=[unknown] app=[unknown] client=[local] LOG:  connection received: host=[local]
2026-01-05 11:57:24.718 GMT [3176] user=[unknown] db=[unknown] app=[unknown] client=[local] LOG:  connection received: host=[local]
2026-01-05 11:57:34.833 GMT [3184] user=[unknown] db=[unknown] app=[unknown] client=[local] LOG:  connection received: host=[local]
2026-01-05 11:57:44.954 GMT [3192] user=[unknown] db=[unknown] app=[unknown] client=[local] LOG:  connection received: host=[local]
2026-01-05 11:57:56.427 GMT [3200] user=[unknown] db=[unknown] app=[unknown] client=[local] LOG:  connection received: host=[local]
2026-01-05 11:58:06.586 GMT [3209] user=[unknown] db=[unknown] app=[unknown] client=[local] LOG:  connection received: host=[local]
2026-01-05 11:58:16.762 GMT [3216] user=[unknown] db=[unknown] app=[unknown] client=[local] LOG:  connection received: host=[local]
2026-01-05 11:58:28.293 GMT [3223] user=[unknown] db=[unknown] app=[unknown] client=[local] LOG:  connection received: host=[local]
2026-01-05 11:58:38.399 GMT [3232] user=[unknown] db=[unknown] app=[unknown] client=[local] LOG:  connection received: host=[local]
2026-01-05 11:58:48.512 GMT [3239] user=[unknown] db=[unknown] app=[unknown] client=[local] LOG:  connection received: host=[local]
2026-01-05 11:58:59.986 GMT [3246] user=[unknown] db=[unknown] app=[unknown] client=[local] LOG:  connection received: host=[local]
2026-01-05 11:59:10.128 GMT [3254] user=[unknown] db=[unknown] app=[unknown] client=[local] LOG:  connection received: host=[local]
2026-01-05 11:59:20.276 GMT [3261] user=[unknown] db=[unknown] app=[unknown] client=[local] LOG:  connection received: host=[local]
2026-01-05 11:59:31.752 GMT [3268] user=[unknown] db=[unknown] app=[unknown] client=[local] LOG:  connection received: host=[local]
2026-01-05 11:59:41.949 GMT [3277] user=[unknown] db=[unknown] app=[unknown] client=[local] LOG:  connection received: host=[local]
2026-01-05 11:59:52.080 GMT [3284] user=[unknown] db=[unknown] app=[unknown] client=[local] LOG:  connection received: host=[local]
2026-01-05 12:00:03.651 GMT [3292] user=[unknown] db=[unknown] app=[unknown] client=[local] LOG:  connection received: host=[local]
2026-01-05 12:00:13.794 GMT [3301] user=[unknown] db=[unknown] app=[unknown] client=[local] LOG:  connection received: host=[local]
2026-01-05 12:00:23.961 GMT [3309] user=[unknown] db=[unknown] app=[unknown] client=[local] LOG:  connection received: host=[local]
2026-01-05 12:00:35.512 GMT [3316] user=[unknown] db=[unknown] app=[unknown] client=[local] LOG:  connection received: host=[local]
2026-01-05 12:00:45.650 GMT [3324] user=[unknown] db=[unknown] app=[unknown] client=[local] LOG:  connection received: host=[local]
2026-01-05 12:00:55.823 GMT [3333] user=[unknown] db=[unknown] app=[unknown] client=[local] LOG:  connection received: host=[local]
2026-01-05 12:01:07.345 GMT [3340] user=[unknown] db=[unknown] app=[unknown] client=[local] LOG:  connection received: host=[local]
2026-01-05 12:01:17.482 GMT [3348] user=[unknown] db=[unknown] app=[unknown] client=[local] LOG:  connection received: host=[local]
2026-01-05 12:01:27.630 GMT [3356] user=[unknown] db=[unknown] app=[unknown] client=[local] LOG:  connection received: host=[local]
2026-01-05 12:01:39.185 GMT [3365] user=[unknown] db=[unknown] app=[unknown] client=[local] LOG:  connection received: host=[local]
2026-01-05 12:01:49.326 GMT [3372] user=[unknown] db=[unknown] app=[unknown] client=[local] LOG:  connection received: host=[local]
2026-01-05 12:01:59.459 GMT [3380] user=[unknown] db=[unknown] app=[unknown] client=[local] LOG:  connection received: host=[local]
2026-01-05 12:02:11.083 GMT [3387] user=[unknown] db=[unknown] app=[unknown] client=[local] LOG:  connection received: host=[local]
2026-01-05 12:02:21.244 GMT [3395] user=[unknown] db=[unknown] app=[unknown] client=[local] LOG:  connection received: host=[local]
2026-01-05 12:02:31.389 GMT [3402] user=[unknown] db=[unknown] app=[unknown] client=[local] LOG:  connection received: host=[local]
2026-01-05 12:02:42.939 GMT [3410] user=[unknown] db=[unknown] app=[unknown] client=[local] LOG:  connection received: host=[local]
2026-01-05 12:02:53.076 GMT [3417] user=[unknown] db=[unknown] app=[unknown] client=[local] LOG:  connection received: host=[local]
2026-01-05 12:03:03.254 GMT [3425] user=[unknown] db=[unknown] app=[unknown] client=[local] LOG:  connection received: host=[local]
2026-01-05 12:03:14.850 GMT [3433] user=[unknown] db=[unknown] app=[unknown] client=[local] LOG:  connection received: host=[local]
2026-01-05 12:03:24.998 GMT [3441] user=[unknown] db=[unknown] app=[unknown] client=[local] LOG:  connection received: host=[local]
2026-01-05 12:03:35.139 GMT [3449] user=[unknown] db=[unknown] app=[unknown] client=[local] LOG:  connection received: host=[local]
2026-01-05 12:03:46.607 GMT [3457] user=[unknown] db=[unknown] app=[unknown] client=[local] LOG:  connection received: host=[local]
2026-01-05 12:03:56.898 GMT [3465] user=[unknown] db=[unknown] app=[unknown] client=[local] LOG:  connection received: host=[local]
2026-01-05 12:04:07.180 GMT [3473] user=[unknown] db=[unknown] app=[unknown] client=[local] LOG:  connection received: host=[local]
2026-01-05 12:04:18.911 GMT [3480] user=[unknown] db=[unknown] app=[unknown] client=[local] LOG:  connection received: host=[local]
2026-01-05 12:04:29.218 GMT [3488] user=[unknown] db=[unknown] app=[unknown] client=[local] LOG:  connection received: host=[local]
2026-01-05 12:04:39.375 GMT [3496] user=[unknown] db=[unknown] app=[unknown] client=[local] LOG:  connection received: host=[local]
2026-01-05 12:04:50.912 GMT [3503] user=[unknown] db=[unknown] app=[unknown] client=[local] LOG:  connection received: host=[local]
2026-01-05 12:05:01.087 GMT [3511] user=[unknown] db=[unknown] app=[unknown] client=[local] LOG:  connection received: host=[local]
2026-01-05 12:05:11.216 GMT [3518] user=[unknown] db=[unknown] app=[unknown] client=[local] LOG:  connection received: host=[local]
2026-01-05 12:05:22.710 GMT [3526] user=[unknown] db=[unknown] app=[unknown] client=[local] LOG:  connection received: host=[local]
2026-01-05 12:05:32.867 GMT [3533] user=[unknown] db=[unknown] app=[unknown] client=[local] LOG:  connection received: host=[local]
2026-01-05 12:05:43.009 GMT [3541] user=[unknown] db=[unknown] app=[unknown] client=[local] LOG:  connection received: host=[local]
2026-01-05 12:05:54.506 GMT [3549] user=[unknown] db=[unknown] app=[unknown] client=[local] LOG:  connection received: host=[local]
2026-01-05 12:06:04.725 GMT [3557] user=[unknown] db=[unknown] app=[unknown] client=[local] LOG:  connection received: host=[local]
2026-01-05 12:06:14.903 GMT [3564] user=[unknown] db=[unknown] app=[unknown] client=[local] LOG:  connection received: host=[local]
2026-01-05 12:06:26.429 GMT [3572] user=[unknown] db=[unknown] app=[unknown] client=[local] LOG:  connection received: host=[local]
2026-01-05 12:06:36.568 GMT [3579] user=[unknown] db=[unknown] app=[unknown] client=[local] LOG:  connection received: host=[local]
2026-01-05 12:06:46.698 GMT [3587] user=[unknown] db=[unknown] app=[unknown] client=[local] LOG:  connection received: host=[local]
2026-01-05 12:06:58.181 GMT [3594] user=[unknown] db=[unknown] app=[unknown] client=[local] LOG:  connection received: host=[local]
2026-01-05 12:07:08.299 GMT [3602] user=[unknown] db=[unknown] app=[unknown] client=[local] LOG:  connection received: host=[local]
2026-01-05 12:07:18.417 GMT [3609] user=[unknown] db=[unknown] app=[unknown] client=[local] LOG:  connection received: host=[local]
2026-01-05 12:07:29.955 GMT [3617] user=[unknown] db=[unknown] app=[unknown] client=[local] LOG:  connection received: host=[local]
2026-01-05 12:07:40.074 GMT [3625] user=[unknown] db=[unknown] app=[unknown] client=[local] LOG:  connection received: host=[local]
2026-01-05 12:07:50.200 GMT [3632] user=[unknown] db=[unknown] app=[unknown] client=[local] LOG:  connection received: host=[local]
2026-01-05 12:08:01.620 GMT [3640] user=[unknown] db=[unknown] app=[unknown] client=[local] LOG:  connection received: host=[local]
2026-01-05 12:08:11.741 GMT [3649] user=[unknown] db=[unknown] app=[unknown] client=[local] LOG:  connection received: host=[local]
2026-01-05 12:08:22.518 GMT [3657] user=[unknown] db=[unknown] app=[unknown] client=[local] LOG:  connection received: host=[local]
2026-01-05 12:08:33.368 GMT [3666] user=[unknown] db=[unknown] app=[unknown] client=[local] LOG:  connection received: host=[local]
2026-01-05 12:08:43.476 GMT [3674] user=[unknown] db=[unknown] app=[unknown] client=[local] LOG:  connection received: host=[local]
2026-01-05 12:08:55.019 GMT [3681] user=[unknown] db=[unknown] app=[unknown] client=[local] LOG:  connection received: host=[local]
2026-01-05 12:09:05.126 GMT [3689] user=[unknown] db=[unknown] app=[unknown] client=[local] LOG:  connection received: host=[local]
2026-01-05 12:09:15.278 GMT [3697] user=[unknown] db=[unknown] app=[unknown] client=[local] LOG:  connection received: host=[local]
2026-01-05 12:09:26.716 GMT [3705] user=[unknown] db=[unknown] app=[unknown] client=[local] LOG:  connection received: host=[local]
2026-01-05 12:09:36.835 GMT [3713] user=[unknown] db=[unknown] app=[unknown] client=[local] LOG:  connection received: host=[local]
2026-01-05 12:09:46.975 GMT [3721] user=[unknown] db=[unknown] app=[unknown] client=[local] LOG:  connection received: host=[local]
2026-01-05 12:09:58.561 GMT [3728] user=[unknown] db=[unknown] app=[unknown] client=[local] LOG:  connection received: host=[local]
2026-01-05 12:10:08.684 GMT [3736] user=[unknown] db=[unknown] app=[unknown] client=[local] LOG:  connection received: host=[local]
2026-01-05 12:10:18.805 GMT [3743] user=[unknown] db=[unknown] app=[unknown] client=[local] LOG:  connection received: host=[local]
2026-01-05 12:10:30.323 GMT [3751] user=[unknown] db=[unknown] app=[unknown] client=[local] LOG:  connection received: host=[local]
2026-01-05 12:10:40.429 GMT [3759] user=[unknown] db=[unknown] app=[unknown] client=[local] LOG:  connection received: host=[local]
2026-01-05 12:10:50.556 GMT [3766] user=[unknown] db=[unknown] app=[unknown] client=[local] LOG:  connection received: host=[local]
2026-01-05 12:11:02.156 GMT [3774] user=[unknown] db=[unknown] app=[unknown] client=[local] LOG:  connection received: host=[local]
2026-01-05 12:11:12.271 GMT [3782] user=[unknown] db=[unknown] app=[unknown] client=[local] LOG:  connection received: host=[local]
2026-01-05 12:11:22.386 GMT [3789] user=[unknown] db=[unknown] app=[unknown] client=[local] LOG:  connection received: host=[local]
2026-01-05 12:11:33.931 GMT [3797] user=[unknown] db=[unknown] app=[unknown] client=[local] LOG:  connection received: host=[local]
2026-01-05 12:11:44.034 GMT [3805] user=[unknown] db=[unknown] app=[unknown] client=[local] LOG:  connection received: host=[local]
2026-01-05 12:11:54.169 GMT [3812] user=[unknown] db=[unknown] app=[unknown] client=[local] LOG:  connection received: host=[local]
2026-01-05 12:12:05.632 GMT [3819] user=[unknown] db=[unknown] app=[unknown] client=[local] LOG:  connection received: host=[local]
2026-01-05 12:12:15.787 GMT [3828] user=[unknown] db=[unknown] app=[unknown] client=[local] LOG:  connection received: host=[local]
2026-01-05 12:12:25.903 GMT [3835] user=[unknown] db=[unknown] app=[unknown] client=[local] LOG:  connection received: host=[local]
2026-01-05 12:12:37.405 GMT [3844] user=[unknown] db=[unknown] app=[unknown] client=[local] LOG:  connection received: host=[local]
2026-01-05 12:12:47.508 GMT [3852] user=[unknown] db=[unknown] app=[unknown] client=[local] LOG:  connection received: host=[local]
2026-01-05 12:12:57.619 GMT [3859] user=[unknown] db=[unknown] app=[unknown] client=[local] LOG:  connection received: host=[local]
2026-01-05 12:13:09.095 GMT [3866] user=[unknown] db=[unknown] app=[unknown] client=[local] LOG:  connection received: host=[local]
2026-01-05 12:13:19.215 GMT [3874] user=[unknown] db=[unknown] app=[unknown] client=[local] LOG:  connection received: host=[local]
2026-01-05 12:13:29.353 GMT [3881] user=[unknown] db=[unknown] app=[unknown] client=[local] LOG:  connection received: host=[local]
2026-01-05 12:13:40.881 GMT [3889] user=[unknown] db=[unknown] app=[unknown] client=[local] LOG:  connection received: host=[local]
2026-01-05 12:13:51.022 GMT [3897] user=[unknown] db=[unknown] app=[unknown] client=[local] LOG:  connection received: host=[local]
2026-01-05 12:14:01.135 GMT [3904] user=[unknown] db=[unknown] app=[unknown] client=[local] LOG:  connection received: host=[local]
2026-01-05 12:14:12.635 GMT [3912] user=[unknown] db=[unknown] app=[unknown] client=[local] LOG:  connection received: host=[local]
2026-01-05 12:14:22.759 GMT [3919] user=[unknown] db=[unknown] app=[unknown] client=[local] LOG:  connection received: host=[local]
2026-01-05 12:14:32.879 GMT [3928] user=[unknown] db=[unknown] app=[unknown] client=[local] LOG:  connection received: host=[local]
2026-01-05 12:14:44.366 GMT [3937] user=[unknown] db=[unknown] app=[unknown] client=[local] LOG:  connection received: host=[local]
2026-01-05 12:14:54.470 GMT [3944] user=[unknown] db=[unknown] app=[unknown] client=[local] LOG:  connection received: host=[local]
2026-01-05 12:15:04.580 GMT [3951] user=[unknown] db=[unknown] app=[unknown] client=[local] LOG:  connection received: host=[local]
2026-01-05 12:15:16.060 GMT [3959] user=[unknown] db=[unknown] app=[unknown] client=[local] LOG:  connection received: host=[local]
2026-01-05 12:15:26.186 GMT [3966] user=[unknown] db=[unknown] app=[unknown] client=[local] LOG:  connection received: host=[local]
2026-01-05 12:15:36.291 GMT [3974] user=[unknown] db=[unknown] app=[unknown] client=[local] LOG:  connection received: host=[local]
2026-01-05 12:15:47.803 GMT [3982] user=[unknown] db=[unknown] app=[unknown] client=[local] LOG:  connection received: host=[local]
2026-01-05 12:15:57.927 GMT [3990] user=[unknown] db=[unknown] app=[unknown] client=[local] LOG:  connection received: host=[local]
2026-01-05 12:16:08.081 GMT [3997] user=[unknown] db=[unknown] app=[unknown] client=[local] LOG:  connection received: host=[local]
2026-01-05 12:16:19.668 GMT [4006] user=[unknown] db=[unknown] app=[unknown] client=[local] LOG:  connection received: host=[local]
2026-01-05 12:16:29.778 GMT [4013] user=[unknown] db=[unknown] app=[unknown] client=[local] LOG:  connection received: host=[local]
2026-01-05 12:16:39.922 GMT [4022] user=[unknown] db=[unknown] app=[unknown] client=[local] LOG:  connection received: host=[local]
2026-01-05 12:16:51.423 GMT [4031] user=[unknown] db=[unknown] app=[unknown] client=[local] LOG:  connection received: host=[local]
2026-01-05 12:17:01.567 GMT [4038] user=[unknown] db=[unknown] app=[unknown] client=[local] LOG:  connection received: host=[local]
2026-01-05 12:17:11.666 GMT [4045] user=[unknown] db=[unknown] app=[unknown] client=[local] LOG:  connection received: host=[local]
2026-01-05 12:17:23.189 GMT [4053] user=[unknown] db=[unknown] app=[unknown] client=[local] LOG:  connection received: host=[local]
2026-01-05 12:17:33.349 GMT [4061] user=[unknown] db=[unknown] app=[unknown] client=[local] LOG:  connection received: host=[local]
2026-01-05 12:17:43.508 GMT [4068] user=[unknown] db=[unknown] app=[unknown] client=[local] LOG:  connection received: host=[local]
2026-01-05 12:17:54.994 GMT [4076] user=[unknown] db=[unknown] app=[unknown] client=[local] LOG:  connection received: host=[local]
2026-01-05 12:18:05.126 GMT [4084] user=[unknown] db=[unknown] app=[unknown] client=[local] LOG:  connection received: host=[local]
2026-01-05 12:18:15.243 GMT [4092] user=[unknown] db=[unknown] app=[unknown] client=[local] LOG:  connection received: host=[local]
2026-01-05 12:18:26.739 GMT [4099] user=[unknown] db=[unknown] app=[unknown] client=[local] LOG:  connection received: host=[local]
2026-01-05 12:18:36.853 GMT [4107] user=[unknown] db=[unknown] app=[unknown] client=[local] LOG:  connection received: host=[local]
2026-01-05 12:18:46.957 GMT [4114] user=[unknown] db=[unknown] app=[unknown] client=[local] LOG:  connection received: host=[local]
2026-01-05 12:18:58.480 GMT [4122] user=[unknown] db=[unknown] app=[unknown] client=[local] LOG:  connection received: host=[local]
2026-01-05 12:19:08.611 GMT [4129] user=[unknown] db=[unknown] app=[unknown] client=[local] LOG:  connection received: host=[local]
2026-01-05 12:19:18.787 GMT [4137] user=[unknown] db=[unknown] app=[unknown] client=[local] LOG:  connection received: host=[local]
2026-01-05 12:19:30.304 GMT [4144] user=[unknown] db=[unknown] app=[unknown] client=[local] LOG:  connection received: host=[local]
2026-01-05 12:19:40.418 GMT [4152] user=[unknown] db=[unknown] app=[unknown] client=[local] LOG:  connection received: host=[local]
2026-01-05 12:19:50.539 GMT [4161] user=[unknown] db=[unknown] app=[unknown] client=[local] LOG:  connection received: host=[local]
2026-01-05 12:20:02.058 GMT [4168] user=[unknown] db=[unknown] app=[unknown] client=[local] LOG:  connection received: host=[local]
2026-01-05 12:20:12.171 GMT [4175] user=[unknown] db=[unknown] app=[unknown] client=[local] LOG:  connection received: host=[local]
2026-01-05 12:20:22.289 GMT [4183] user=[unknown] db=[unknown] app=[unknown] client=[local] LOG:  connection received: host=[local]
2026-01-05 12:20:33.783 GMT [4190] user=[unknown] db=[unknown] app=[unknown] client=[local] LOG:  connection received: host=[local]
2026-01-05 12:20:43.911 GMT [4198] user=[unknown] db=[unknown] app=[unknown] client=[local] LOG:  connection received: host=[local]
2026-01-05 12:20:54.087 GMT [4207] user=[unknown] db=[unknown] app=[unknown] client=[local] LOG:  connection received: host=[local]
2026-01-05 12:21:05.637 GMT [4214] user=[unknown] db=[unknown] app=[unknown] client=[local] LOG:  connection received: host=[local]
2026-01-05 12:21:15.758 GMT [4221] user=[unknown] db=[unknown] app=[unknown] client=[local] LOG:  connection received: host=[local]
2026-01-05 12:21:25.862 GMT [4230] user=[unknown] db=[unknown] app=[unknown] client=[local] LOG:  connection received: host=[local]
2026-01-05 12:21:37.374 GMT [4238] user=[unknown] db=[unknown] app=[unknown] client=[local] LOG:  connection received: host=[local]
2026-01-05 12:21:47.480 GMT [4246] user=[unknown] db=[unknown] app=[unknown] client=[local] LOG:  connection received: host=[local]
2026-01-05 12:21:57.587 GMT [4254] user=[unknown] db=[unknown] app=[unknown] client=[local] LOG:  connection received: host=[local]
2026-01-05 12:22:09.054 GMT [4261] user=[unknown] db=[unknown] app=[unknown] client=[local] LOG:  connection received: host=[local]
2026-01-05 12:22:19.182 GMT [4269] user=[unknown] db=[unknown] app=[unknown] client=[local] LOG:  connection received: host=[local]
2026-01-05 12:22:30.755 GMT [4277] user=[unknown] db=[unknown] app=[unknown] client=[local] LOG:  connection received: host=[local]
2026-01-05 12:22:40.864 GMT [4285] user=[unknown] db=[unknown] app=[unknown] client=[local] LOG:  connection received: host=[local]
2026-01-05 12:22:50.958 GMT [4293] user=[unknown] db=[unknown] app=[unknown] client=[local] LOG:  connection received: host=[local]
2026-01-05 12:23:02.489 GMT [4300] user=[unknown] db=[unknown] app=[unknown] client=[local] LOG:  connection received: host=[local]
2026-01-05 12:23:12.686 GMT [4307] user=[unknown] db=[unknown] app=[unknown] client=[local] LOG:  connection received: host=[local]
2026-01-05 12:23:22.806 GMT [4315] user=[unknown] db=[unknown] app=[unknown] client=[local] LOG:  connection received: host=[local]
2026-01-05 12:23:34.304 GMT [4323] user=[unknown] db=[unknown] app=[unknown] client=[local] LOG:  connection received: host=[local]
2026-01-05 12:23:44.448 GMT [4331] user=[unknown] db=[unknown] app=[unknown] client=[local] LOG:  connection received: host=[local]
2026-01-05 12:23:54.554 GMT [4339] user=[unknown] db=[unknown] app=[unknown] client=[local] LOG:  connection received: host=[local]
2026-01-05 12:24:06.065 GMT [4346] user=[unknown] db=[unknown] app=[unknown] client=[local] LOG:  connection received: host=[local]
2026-01-05 12:24:16.196 GMT [4353] user=[unknown] db=[unknown] app=[unknown] client=[local] LOG:  connection received: host=[local]
2026-01-05 12:24:26.325 GMT [4361] user=[unknown] db=[unknown] app=[unknown] client=[local] LOG:  connection received: host=[local]
2026-01-05 12:24:37.890 GMT [4368] user=[unknown] db=[unknown] app=[unknown] client=[local] LOG:  connection received: host=[local]
2026-01-05 12:24:48.046 GMT [4376] user=[unknown] db=[unknown] app=[unknown] client=[local] LOG:  connection received: host=[local]
2026-01-05 12:24:58.166 GMT [4384] user=[unknown] db=[unknown] app=[unknown] client=[local] LOG:  connection received: host=[local]
2026-01-05 12:25:09.794 GMT [4391] user=[unknown] db=[unknown] app=[unknown] client=[local] LOG:  connection received: host=[local]
2026-01-05 12:25:19.918 GMT [4399] user=[unknown] db=[unknown] app=[unknown] client=[local] LOG:  connection received: host=[local]
2026-01-05 12:25:30.024 GMT [4407] user=[unknown] db=[unknown] app=[unknown] client=[local] LOG:  connection received: host=[local]
2026-01-05 12:25:41.547 GMT [4415] user=[unknown] db=[unknown] app=[unknown] client=[local] LOG:  connection received: host=[local]
2026-01-05 12:25:51.670 GMT [4424] user=[unknown] db=[unknown] app=[unknown] client=[local] LOG:  connection received: host=[local]
2026-01-05 12:26:01.795 GMT [4432] user=[unknown] db=[unknown] app=[unknown] client=[local] LOG:  connection received: host=[local]
2026-01-05 12:26:13.326 GMT [4439] user=[unknown] db=[unknown] app=[unknown] client=[local] LOG:  connection received: host=[local]
2026-01-05 12:26:23.485 GMT [4446] user=[unknown] db=[unknown] app=[unknown] client=[local] LOG:  connection received: host=[local]
2026-01-05 12:26:33.612 GMT [4455] user=[unknown] db=[unknown] app=[unknown] client=[local] LOG:  connection received: host=[local]
2026-01-05 12:26:45.141 GMT [4463] user=[unknown] db=[unknown] app=[unknown] client=[local] LOG:  connection received: host=[local]
2026-01-05 12:26:55.257 GMT [4471] user=[unknown] db=[unknown] app=[unknown] client=[local] LOG:  connection received: host=[local]
2026-01-05 12:27:05.376 GMT [4478] user=[unknown] db=[unknown] app=[unknown] client=[local] LOG:  connection received: host=[local]
2026-01-05 12:27:17.027 GMT [4485] user=[unknown] db=[unknown] app=[unknown] client=[local] LOG:  connection received: host=[local]
2026-01-05 12:27:27.144 GMT [4493] user=[unknown] db=[unknown] app=[unknown] client=[local] LOG:  connection received: host=[local]
2026-01-05 12:27:37.370 GMT [4500] user=[unknown] db=[unknown] app=[unknown] client=[local] LOG:  connection received: host=[local]
2026-01-05 12:27:48.925 GMT [4509] user=[unknown] db=[unknown] app=[unknown] client=[local] LOG:  connection received: host=[local]
2026-01-05 12:27:59.066 GMT [4516] user=[unknown] db=[unknown] app=[unknown] client=[local] LOG:  connection received: host=[local]
2026-01-05 12:28:09.170 GMT [4524] user=[unknown] db=[unknown] app=[unknown] client=[local] LOG:  connection received: host=[local]
2026-01-05 12:28:20.704 GMT [4531] user=[unknown] db=[unknown] app=[unknown] client=[local] LOG:  connection received: host=[local]
2026-01-05 12:28:30.827 GMT [4539] user=[unknown] db=[unknown] app=[unknown] client=[local] LOG:  connection received: host=[local]
2026-01-05 12:28:40.944 GMT [4547] user=[unknown] db=[unknown] app=[unknown] client=[local] LOG:  connection received: host=[local]
2026-01-05 12:28:52.526 GMT [4557] user=[unknown] db=[unknown] app=[unknown] client=[local] LOG:  connection received: host=[local]
2026-01-05 12:29:02.635 GMT [4564] user=[unknown] db=[unknown] app=[unknown] client=[local] LOG:  connection received: host=[local]
2026-01-05 12:29:12.751 GMT [4571] user=[unknown] db=[unknown] app=[unknown] client=[local] LOG:  connection received: host=[local]
2026-01-05 12:29:24.329 GMT [4578] user=[unknown] db=[unknown] app=[unknown] client=[local] LOG:  connection received: host=[local]
2026-01-05 12:29:34.482 GMT [4586] user=[unknown] db=[unknown] app=[unknown] client=[local] LOG:  connection received: host=[local]
2026-01-05 12:29:44.592 GMT [4593] user=[unknown] db=[unknown] app=[unknown] client=[local] LOG:  connection received: host=[local]
2026-01-05 12:29:56.127 GMT [4602] user=[unknown] db=[unknown] app=[unknown] client=[local] LOG:  connection received: host=[local]
2026-01-05 12:30:06.270 GMT [4610] user=[unknown] db=[unknown] app=[unknown] client=[local] LOG:  connection received: host=[local]
2026-01-05 12:30:16.384 GMT [4617] user=[unknown] db=[unknown] app=[unknown] client=[local] LOG:  connection received: host=[local]
2026-01-05 12:30:27.919 GMT [4625] user=[unknown] db=[unknown] app=[unknown] client=[local] LOG:  connection received: host=[local]
2026-01-05 12:30:38.030 GMT [4633] user=[unknown] db=[unknown] app=[unknown] client=[local] LOG:  connection received: host=[local]
2026-01-05 12:30:48.167 GMT [4641] user=[unknown] db=[unknown] app=[unknown] client=[local] LOG:  connection received: host=[local]
2026-01-05 12:30:59.725 GMT [4649] user=[unknown] db=[unknown] app=[unknown] client=[local] LOG:  connection received: host=[local]
2026-01-05 12:31:09.863 GMT [4656] user=[unknown] db=[unknown] app=[unknown] client=[local] LOG:  connection received: host=[local]
2026-01-05 12:31:19.979 GMT [4663] user=[unknown] db=[unknown] app=[unknown] client=[local] LOG:  connection received: host=[local]
2026-01-05 12:31:31.536 GMT [4670] user=[unknown] db=[unknown] app=[unknown] client=[local] LOG:  connection received: host=[local]
2026-01-05 12:31:41.651 GMT [4678] user=[unknown] db=[unknown] app=[unknown] client=[local] LOG:  connection received: host=[local]
2026-01-05 12:31:51.764 GMT [4687] user=[unknown] db=[unknown] app=[unknown] client=[local] LOG:  connection received: host=[local]
2026-01-05 12:32:03.360 GMT [4694] user=[unknown] db=[unknown] app=[unknown] client=[local] LOG:  connection received: host=[local]
2026-01-05 12:32:13.527 GMT [4701] user=[unknown] db=[unknown] app=[unknown] client=[local] LOG:  connection received: host=[local]
2026-01-05 12:32:23.640 GMT [4708] user=[unknown] db=[unknown] app=[unknown] client=[local] LOG:  connection received: host=[local]
2026-01-05 12:32:35.159 GMT [4715] user=[unknown] db=[unknown] app=[unknown] client=[local] LOG:  connection received: host=[local]
2026-01-05 12:32:45.282 GMT [4723] user=[unknown] db=[unknown] app=[unknown] client=[local] LOG:  connection received: host=[local]
2026-01-05 12:32:55.384 GMT [4732] user=[unknown] db=[unknown] app=[unknown] client=[local] LOG:  connection received: host=[local]
2026-01-05 12:33:06.996 GMT [4740] user=[unknown] db=[unknown] app=[unknown] client=[local] LOG:  connection received: host=[local]
2026-01-05 12:33:17.107 GMT [4748] user=[unknown] db=[unknown] app=[unknown] client=[local] LOG:  connection received: host=[local]
2026-01-05 12:33:27.278 GMT [4755] user=[unknown] db=[unknown] app=[unknown] client=[local] LOG:  connection received: host=[local]
2026-01-05 12:33:38.816 GMT [4762] user=[unknown] db=[unknown] app=[unknown] client=[local] LOG:  connection received: host=[local]
2026-01-05 12:33:48.916 GMT [4772] user=[unknown] db=[unknown] app=[unknown] client=[local] LOG:  connection received: host=[local]
2026-01-05 12:33:59.041 GMT [4779] user=[unknown] db=[unknown] app=[unknown] client=[local] LOG:  connection received: host=[local]
2026-01-05 12:34:10.649 GMT [4786] user=[unknown] db=[unknown] app=[unknown] client=[local] LOG:  connection received: host=[local]
2026-01-05 12:34:20.781 GMT [4793] user=[unknown] db=[unknown] app=[unknown] client=[local] LOG:  connection received: host=[local]
2026-01-05 12:34:31.015 GMT [4800] user=[unknown] db=[unknown] app=[unknown] client=[local] LOG:  connection received: host=[local]
2026-01-05 12:34:42.573 GMT [4807] user=[unknown] db=[unknown] app=[unknown] client=[local] LOG:  connection received: host=[local]
2026-01-05 12:34:52.693 GMT [4817] user=[unknown] db=[unknown] app=[unknown] client=[local] LOG:  connection received: host=[local]
2026-01-05 12:35:02.805 GMT [4824] user=[unknown] db=[unknown] app=[unknown] client=[local] LOG:  connection received: host=[local]
2026-01-05 12:35:14.343 GMT [4831] user=[unknown] db=[unknown] app=[unknown] client=[local] LOG:  connection received: host=[local]
2026-01-05 12:35:24.444 GMT [4838] user=[unknown] db=[unknown] app=[unknown] client=[local] LOG:  connection received: host=[local]
2026-01-05 12:35:34.567 GMT [4845] user=[unknown] db=[unknown] app=[unknown] client=[local] LOG:  connection received: host=[local]
2026-01-05 12:35:46.097 GMT [4853] user=[unknown] db=[unknown] app=[unknown] client=[local] LOG:  connection received: host=[local]
2026-01-05 12:35:56.218 GMT [4862] user=[unknown] db=[unknown] app=[unknown] client=[local] LOG:  connection received: host=[local]
2026-01-05 12:36:07.057 GMT [4869] user=[unknown] db=[unknown] app=[unknown] client=[local] LOG:  connection received: host=[local]
2026-01-05 12:36:17.940 GMT [4876] user=[unknown] db=[unknown] app=[unknown] client=[local] LOG:  connection received: host=[local]
2026-01-05 12:36:28.066 GMT [4884] user=[unknown] db=[unknown] app=[unknown] client=[local] LOG:  connection received: host=[local]
2026-01-05 12:36:39.598 GMT [4892] user=[unknown] db=[unknown] app=[unknown] client=[local] LOG:  connection received: host=[local]
2026-01-05 12:36:49.729 GMT [4900] user=[unknown] db=[unknown] app=[unknown] client=[local] LOG:  connection received: host=[local]
2026-01-05 12:36:59.848 GMT [4907] user=[unknown] db=[unknown] app=[unknown] client=[local] LOG:  connection received: host=[local]
2026-01-05 12:37:11.428 GMT [4915] user=[unknown] db=[unknown] app=[unknown] client=[local] LOG:  connection received: host=[local]
2026-01-05 12:37:21.540 GMT [4922] user=[unknown] db=[unknown] app=[unknown] client=[local] LOG:  connection received: host=[local]
2026-01-05 12:37:31.659 GMT [4930] user=[unknown] db=[unknown] app=[unknown] client=[local] LOG:  connection received: host=[local]
2026-01-05 12:37:43.178 GMT [4937] user=[unknown] db=[unknown] app=[unknown] client=[local] LOG:  connection received: host=[local]
2026-01-05 12:37:53.282 GMT [4945] user=[unknown] db=[unknown] app=[unknown] client=[local] LOG:  connection received: host=[local]
2026-01-05 12:38:03.381 GMT [4952] user=[unknown] db=[unknown] app=[unknown] client=[local] LOG:  connection received: host=[local]
2026-01-05 12:38:14.990 GMT [4960] user=[unknown] db=[unknown] app=[unknown] client=[local] LOG:  connection received: host=[local]
2026-01-05 12:38:25.100 GMT [4967] user=[unknown] db=[unknown] app=[unknown] client=[local] LOG:  connection received: host=[local]
2026-01-05 12:38:35.220 GMT [4975] user=[unknown] db=[unknown] app=[unknown] client=[local] LOG:  connection received: host=[local]
2026-01-05 12:38:46.746 GMT [4982] user=[unknown] db=[unknown] app=[unknown] client=[local] LOG:  connection received: host=[local]
2026-01-05 12:38:56.849 GMT [4990] user=[unknown] db=[unknown] app=[unknown] client=[local] LOG:  connection received: host=[local]
2026-01-05 12:39:07.017 GMT [4997] user=[unknown] db=[unknown] app=[unknown] client=[local] LOG:  connection received: host=[local]
2026-01-05 12:39:18.611 GMT [5005] user=[unknown] db=[unknown] app=[unknown] client=[local] LOG:  connection received: host=[local]
2026-01-05 12:39:28.700 GMT [5012] user=[unknown] db=[unknown] app=[unknown] client=[local] LOG:  connection received: host=[local]
2026-01-05 12:39:38.811 GMT [5020] user=[unknown] db=[unknown] app=[unknown] client=[local] LOG:  connection received: host=[local]
2026-01-05 12:39:50.381 GMT [5027] user=[unknown] db=[unknown] app=[unknown] client=[local] LOG:  connection received: host=[local]
2026-01-05 12:40:00.492 GMT [5035] user=[unknown] db=[unknown] app=[unknown] client=[local] LOG:  connection received: host=[local]
2026-01-05 12:40:10.678 GMT [5043] user=[unknown] db=[unknown] app=[unknown] client=[local] LOG:  connection received: host=[local]
2026-01-05 12:40:22.291 GMT [5050] user=[unknown] db=[unknown] app=[unknown] client=[local] LOG:  connection received: host=[local]
2026-01-05 12:40:32.396 GMT [5057] user=[unknown] db=[unknown] app=[unknown] client=[local] LOG:  connection received: host=[local]
2026-01-05 12:40:42.518 GMT [5065] user=[unknown] db=[unknown] app=[unknown] client=[local] LOG:  connection received: host=[local]
2026-01-05 12:40:54.085 GMT [5072] user=[unknown] db=[unknown] app=[unknown] client=[local] LOG:  connection received: host=[local]
2026-01-05 12:41:04.190 GMT [5080] user=[unknown] db=[unknown] app=[unknown] client=[local] LOG:  connection received: host=[local]
2026-01-05 12:41:14.310 GMT [5088] user=[unknown] db=[unknown] app=[unknown] client=[local] LOG:  connection received: host=[local]
2026-01-05 12:41:25.833 GMT [5095] user=[unknown] db=[unknown] app=[unknown] client=[local] LOG:  connection received: host=[local]
2026-01-05 12:41:35.935 GMT [5103] user=[unknown] db=[unknown] app=[unknown] client=[local] LOG:  connection received: host=[local]
2026-01-05 12:41:46.066 GMT [5110] user=[unknown] db=[unknown] app=[unknown] client=[local] LOG:  connection received: host=[local]
2026-01-05 12:41:57.637 GMT [5118] user=[unknown] db=[unknown] app=[unknown] client=[local] LOG:  connection received: host=[local]
2026-01-05 12:42:07.749 GMT [5125] user=[unknown] db=[unknown] app=[unknown] client=[local] LOG:  connection received: host=[local]
2026-01-05 12:42:17.843 GMT [5133] user=[unknown] db=[unknown] app=[unknown] client=[local] LOG:  connection received: host=[local]
2026-01-05 12:42:29.431 GMT [5141] user=[unknown] db=[unknown] app=[unknown] client=[local] LOG:  connection received: host=[local]
2026-01-05 12:42:39.556 GMT [5150] user=[unknown] db=[unknown] app=[unknown] client=[local] LOG:  connection received: host=[local]
2026-01-05 12:42:49.679 GMT [5157] user=[unknown] db=[unknown] app=[unknown] client=[local] LOG:  connection received: host=[local]
2026-01-05 12:43:01.231 GMT [5165] user=[unknown] db=[unknown] app=[unknown] client=[local] LOG:  connection received: host=[local]
2026-01-05 12:43:11.353 GMT [5173] user=[unknown] db=[unknown] app=[unknown] client=[local] LOG:  connection received: host=[local]
2026-01-05 12:43:21.463 GMT [5181] user=[unknown] db=[unknown] app=[unknown] client=[local] LOG:  connection received: host=[local]
2026-01-05 12:43:33.019 GMT [5188] user=[unknown] db=[unknown] app=[unknown] client=[local] LOG:  connection received: host=[local]
2026-01-05 12:43:43.133 GMT [5196] user=[unknown] db=[unknown] app=[unknown] client=[local] LOG:  connection received: host=[local]
2026-01-05 12:43:53.242 GMT [5203] user=[unknown] db=[unknown] app=[unknown] client=[local] LOG:  connection received: host=[local]
2026-01-05 12:44:04.802 GMT [5211] user=[unknown] db=[unknown] app=[unknown] client=[local] LOG:  connection received: host=[local]
2026-01-05 12:44:14.926 GMT [5220] user=[unknown] db=[unknown] app=[unknown] client=[local] LOG:  connection received: host=[local]
2026-01-05 12:44:25.039 GMT [5227] user=[unknown] db=[unknown] app=[unknown] client=[local] LOG:  connection received: host=[local]
2026-01-05 12:44:36.595 GMT [5234] user=[unknown] db=[unknown] app=[unknown] client=[local] LOG:  connection received: host=[local]
2026-01-05 12:44:46.730 GMT [5242] user=[unknown] db=[unknown] app=[unknown] client=[local] LOG:  connection received: host=[local]
2026-01-05 12:44:56.860 GMT [5249] user=[unknown] db=[unknown] app=[unknown] client=[local] LOG:  connection received: host=[local]
2026-01-05 12:45:08.392 GMT [5257] user=[unknown] db=[unknown] app=[unknown] client=[local] LOG:  connection received: host=[local]
2026-01-05 12:45:18.500 GMT [5265] user=[unknown] db=[unknown] app=[unknown] client=[local] LOG:  connection received: host=[local]
2026-01-05 12:45:28.645 GMT [5273] user=[unknown] db=[unknown] app=[unknown] client=[local] LOG:  connection received: host=[local]
2026-01-05 12:45:40.209 GMT [5280] user=[unknown] db=[unknown] app=[unknown] client=[local] LOG:  connection received: host=[local]
2026-01-05 12:45:50.352 GMT [5289] user=[unknown] db=[unknown] app=[unknown] client=[local] LOG:  connection received: host=[local]
2026-01-05 12:46:00.467 GMT [5297] user=[unknown] db=[unknown] app=[unknown] client=[local] LOG:  connection received: host=[local]
2026-01-05 12:46:12.016 GMT [5304] user=[unknown] db=[unknown] app=[unknown] client=[local] LOG:  connection received: host=[local]
2026-01-05 12:46:22.116 GMT [5312] user=[unknown] db=[unknown] app=[unknown] client=[local] LOG:  connection received: host=[local]
2026-01-05 12:46:32.235 GMT [5319] user=[unknown] db=[unknown] app=[unknown] client=[local] LOG:  connection received: host=[local]
2026-01-05 12:46:43.859 GMT [5328] user=[unknown] db=[unknown] app=[unknown] client=[local] LOG:  connection received: host=[local]
2026-01-05 12:46:53.965 GMT [5335] user=[unknown] db=[unknown] app=[unknown] client=[local] LOG:  connection received: host=[local]
2026-01-05 12:47:04.093 GMT [5343] user=[unknown] db=[unknown] app=[unknown] client=[local] LOG:  connection received: host=[local]
2026-01-05 12:47:15.642 GMT [5351] user=[unknown] db=[unknown] app=[unknown] client=[local] LOG:  connection received: host=[local]
2026-01-05 12:47:25.816 GMT [5359] user=[unknown] db=[unknown] app=[unknown] client=[local] LOG:  connection received: host=[local]
2026-01-05 12:47:35.925 GMT [5366] user=[unknown] db=[unknown] app=[unknown] client=[local] LOG:  connection received: host=[local]
2026-01-05 12:47:47.514 GMT [5374] user=[unknown] db=[unknown] app=[unknown] client=[local] LOG:  connection received: host=[local]
2026-01-05 12:47:57.632 GMT [5382] user=[unknown] db=[unknown] app=[unknown] client=[local] LOG:  connection received: host=[local]
2026-01-05 12:48:07.783 GMT [5389] user=[unknown] db=[unknown] app=[unknown] client=[local] LOG:  connection received: host=[local]
2026-01-05 12:48:19.341 GMT [5397] user=[unknown] db=[unknown] app=[unknown] client=[local] LOG:  connection received: host=[local]
2026-01-05 12:48:29.438 GMT [5404] user=[unknown] db=[unknown] app=[unknown] client=[local] LOG:  connection received: host=[local]
2026-01-05 12:48:39.545 GMT [5411] user=[unknown] db=[unknown] app=[unknown] client=[local] LOG:  connection received: host=[local]
2026-01-05 12:48:51.157 GMT [5419] user=[unknown] db=[unknown] app=[unknown] client=[local] LOG:  connection received: host=[local]
2026-01-05 12:49:01.302 GMT [5427] user=[unknown] db=[unknown] app=[unknown] client=[local] LOG:  connection received: host=[local]
2026-01-05 12:49:11.438 GMT [5434] user=[unknown] db=[unknown] app=[unknown] client=[local] LOG:  connection received: host=[local]
2026-01-05 12:49:22.958 GMT [5442] user=[unknown] db=[unknown] app=[unknown] client=[local] LOG:  connection received: host=[local]
2026-01-05 12:49:33.087 GMT [5449] user=[unknown] db=[unknown] app=[unknown] client=[local] LOG:  connection received: host=[local]
2026-01-05 12:49:43.234 GMT [5456] user=[unknown] db=[unknown] app=[unknown] client=[local] LOG:  connection received: host=[local]
2026-01-05 12:49:54.873 GMT [5464] user=[unknown] db=[unknown] app=[unknown] client=[local] LOG:  connection received: host=[local]
2026-01-05 12:50:04.982 GMT [5472] user=[unknown] db=[unknown] app=[unknown] client=[local] LOG:  connection received: host=[local]
2026-01-05 12:50:15.089 GMT [5479] user=[unknown] db=[unknown] app=[unknown] client=[local] LOG:  connection received: host=[local]
2026-01-05 12:50:26.643 GMT [5487] user=[unknown] db=[unknown] app=[unknown] client=[local] LOG:  connection received: host=[local]
2026-01-05 12:50:36.765 GMT [5494] user=[unknown] db=[unknown] app=[unknown] client=[local] LOG:  connection received: host=[local]
2026-01-05 12:50:47.561 GMT [5502] user=[unknown] db=[unknown] app=[unknown] client=[local] LOG:  connection received: host=[local]
2026-01-05 12:50:58.475 GMT [5511] user=[unknown] db=[unknown] app=[unknown] client=[local] LOG:  connection received: host=[local]
2026-01-05 12:51:08.588 GMT [5519] user=[unknown] db=[unknown] app=[unknown] client=[local] LOG:  connection received: host=[local]
2026-01-05 12:51:20.138 GMT [5527] user=[unknown] db=[unknown] app=[unknown] client=[local] LOG:  connection received: host=[local]
2026-01-05 12:51:30.283 GMT [5534] user=[unknown] db=[unknown] app=[unknown] client=[local] LOG:  connection received: host=[local]
2026-01-05 12:51:40.396 GMT [5541] user=[unknown] db=[unknown] app=[unknown] client=[local] LOG:  connection received: host=[local]
2026-01-05 12:51:51.981 GMT [5550] user=[unknown] db=[unknown] app=[unknown] client=[local] LOG:  connection received: host=[local]
2026-01-05 12:52:02.094 GMT [5558] user=[unknown] db=[unknown] app=[unknown] client=[local] LOG:  connection received: host=[local]
2026-01-05 12:52:12.204 GMT [5566] user=[unknown] db=[unknown] app=[unknown] client=[local] LOG:  connection received: host=[local]
2026-01-05 12:52:23.808 GMT [5574] user=[unknown] db=[unknown] app=[unknown] client=[local] LOG:  connection received: host=[local]
2026-01-05 12:52:33.942 GMT [5581] user=[unknown] db=[unknown] app=[unknown] client=[local] LOG:  connection received: host=[local]
2026-01-05 12:52:44.062 GMT [5588] user=[unknown] db=[unknown] app=[unknown] client=[local] LOG:  connection received: host=[local]
2026-01-05 12:52:55.635 GMT [5596] user=[unknown] db=[unknown] app=[unknown] client=[local] LOG:  connection received: host=[local]
2026-01-05 12:53:05.732 GMT [5604] user=[unknown] db=[unknown] app=[unknown] client=[local] LOG:  connection received: host=[local]
2026-01-05 12:53:15.839 GMT [5611] user=[unknown] db=[unknown] app=[unknown] client=[local] LOG:  connection received: host=[local]
2026-01-05 12:53:27.409 GMT [5619] user=[unknown] db=[unknown] app=[unknown] client=[local] LOG:  connection received: host=[local]
2026-01-05 12:53:37.540 GMT [5626] user=[unknown] db=[unknown] app=[unknown] client=[local] LOG:  connection received: host=[local]
2026-01-05 12:53:47.690 GMT [5634] user=[unknown] db=[unknown] app=[unknown] client=[local] LOG:  connection received: host=[local]
2026-01-05 12:53:59.263 GMT [5642] user=[unknown] db=[unknown] app=[unknown] client=[local] LOG:  connection received: host=[local]
2026-01-05 12:54:09.354 GMT [5650] user=[unknown] db=[unknown] app=[unknown] client=[local] LOG:  connection received: host=[local]
2026-01-05 12:54:19.455 GMT [5657] user=[unknown] db=[unknown] app=[unknown] client=[local] LOG:  connection received: host=[local]
2026-01-05 12:54:30.989 GMT [5665] user=[unknown] db=[unknown] app=[unknown] client=[local] LOG:  connection received: host=[local]
2026-01-05 12:54:41.106 GMT [5672] user=[unknown] db=[unknown] app=[unknown] client=[local] LOG:  connection received: host=[local]
2026-01-05 12:54:51.246 GMT [5679] user=[unknown] db=[unknown] app=[unknown] client=[local] LOG:  connection received: host=[local]
2026-01-05 12:55:02.918 GMT [5687] user=[unknown] db=[unknown] app=[unknown] client=[local] LOG:  connection received: host=[local]
2026-01-05 12:55:13.024 GMT [5695] user=[unknown] db=[unknown] app=[unknown] client=[local] LOG:  connection received: host=[local]
2026-01-05 12:55:23.143 GMT [5703] user=[unknown] db=[unknown] app=[unknown] client=[local] LOG:  connection received: host=[local]
2026-01-05 12:55:34.683 GMT [5710] user=[unknown] db=[unknown] app=[unknown] client=[local] LOG:  connection received: host=[local]
2026-01-05 12:55:44.806 GMT [5717] user=[unknown] db=[unknown] app=[unknown] client=[local] LOG:  connection received: host=[local]
2026-01-05 12:55:54.907 GMT [5724] user=[unknown] db=[unknown] app=[unknown] client=[local] LOG:  connection received: host=[local]
2026-01-05 12:56:06.540 GMT [5733] user=[unknown] db=[unknown] app=[unknown] client=[local] LOG:  connection received: host=[local]
2026-01-05 12:56:16.653 GMT [5740] user=[unknown] db=[unknown] app=[unknown] client=[local] LOG:  connection received: host=[local]
2026-01-05 12:56:26.783 GMT [5749] user=[unknown] db=[unknown] app=[unknown] client=[local] LOG:  connection received: host=[local]
2026-01-05 12:56:38.368 GMT [5756] user=[unknown] db=[unknown] app=[unknown] client=[local] LOG:  connection received: host=[local]
2026-01-05 12:56:48.477 GMT [5763] user=[unknown] db=[unknown] app=[unknown] client=[local] LOG:  connection received: host=[local]
2026-01-05 12:56:58.643 GMT [5772] user=[unknown] db=[unknown] app=[unknown] client=[local] LOG:  connection received: host=[local]
2026-01-05 12:57:10.213 GMT [5780] user=[unknown] db=[unknown] app=[unknown] client=[local] LOG:  connection received: host=[local]
2026-01-05 12:57:20.335 GMT [5788] user=[unknown] db=[unknown] app=[unknown] client=[local] LOG:  connection received: host=[local]
2026-01-05 12:57:30.451 GMT [5795] user=[unknown] db=[unknown] app=[unknown] client=[local] LOG:  connection received: host=[local]
2026-01-05 12:57:42.063 GMT [5802] user=[unknown] db=[unknown] app=[unknown] client=[local] LOG:  connection received: host=[local]
2026-01-05 12:57:52.185 GMT [5809] user=[unknown] db=[unknown] app=[unknown] client=[local] LOG:  connection received: host=[local]
2026-01-05 12:58:02.304 GMT [5817] user=[unknown] db=[unknown] app=[unknown] client=[local] LOG:  connection received: host=[local]
2026-01-05 12:58:13.925 GMT [5825] user=[unknown] db=[unknown] app=[unknown] client=[local] LOG:  connection received: host=[local]
2026-01-05 12:58:24.037 GMT [5833] user=[unknown] db=[unknown] app=[unknown] client=[local] LOG:  connection received: host=[local]
2026-01-05 12:58:34.191 GMT [5841] user=[unknown] db=[unknown] app=[unknown] client=[local] LOG:  connection received: host=[local]
2026-01-05 12:58:45.773 GMT [5848] user=[unknown] db=[unknown] app=[unknown] client=[local] LOG:  connection received: host=[local]
2026-01-05 12:58:55.879 GMT [5855] user=[unknown] db=[unknown] app=[unknown] client=[local] LOG:  connection received: host=[local]
2026-01-05 12:59:05.974 GMT [5863] user=[unknown] db=[unknown] app=[unknown] client=[local] LOG:  connection received: host=[local]
2026-01-05 12:59:17.588 GMT [5872] user=[unknown] db=[unknown] app=[unknown] client=[local] LOG:  connection received: host=[local]
2026-01-05 12:59:27.712 GMT [5881] user=[unknown] db=[unknown] app=[unknown] client=[local] LOG:  connection received: host=[local]
2026-01-05 12:59:37.827 GMT [5889] user=[unknown] db=[unknown] app=[unknown] client=[local] LOG:  connection received: host=[local]
2026-01-05 12:59:49.454 GMT [5897] user=[unknown] db=[unknown] app=[unknown] client=[local] LOG:  connection received: host=[local]
2026-01-05 12:59:59.584 GMT [5904] user=[unknown] db=[unknown] app=[unknown] client=[local] LOG:  connection received: host=[local]
2026-01-05 13:00:09.715 GMT [5913] user=[unknown] db=[unknown] app=[unknown] client=[local] LOG:  connection received: host=[local]
2026-01-05 13:00:21.431 GMT [5920] user=[unknown] db=[unknown] app=[unknown] client=[local] LOG:  connection received: host=[local]
2026-01-05 13:00:31.585 GMT [5929] user=[unknown] db=[unknown] app=[unknown] client=[local] LOG:  connection received: host=[local]
2026-01-05 13:00:41.709 GMT [5937] user=[unknown] db=[unknown] app=[unknown] client=[local] LOG:  connection received: host=[local]
2026-01-05 13:00:53.275 GMT [5944] user=[unknown] db=[unknown] app=[unknown] client=[local] LOG:  connection received: host=[local]
2026-01-05 13:01:03.431 GMT [5952] user=[unknown] db=[unknown] app=[unknown] client=[local] LOG:  connection received: host=[local]
2026-01-05 13:01:13.552 GMT [5960] user=[unknown] db=[unknown] app=[unknown] client=[local] LOG:  connection received: host=[local]
2026-01-05 13:01:25.224 GMT [5968] user=[unknown] db=[unknown] app=[unknown] client=[local] LOG:  connection received: host=[local]
2026-01-05 13:01:35.363 GMT [5977] user=[unknown] db=[unknown] app=[unknown] client=[local] LOG:  connection received: host=[local]
2026-01-05 13:01:45.482 GMT [5984] user=[unknown] db=[unknown] app=[unknown] client=[local] LOG:  connection received: host=[local]
2026-01-05 13:01:57.107 GMT [5991] user=[unknown] db=[unknown] app=[unknown] client=[local] LOG:  connection received: host=[local]
2026-01-05 13:02:07.223 GMT [6000] user=[unknown] db=[unknown] app=[unknown] client=[local] LOG:  connection received: host=[local]
2026-01-05 13:02:17.384 GMT [6007] user=[unknown] db=[unknown] app=[unknown] client=[local] LOG:  connection received: host=[local]
2026-01-05 13:02:29.032 GMT [6016] user=[unknown] db=[unknown] app=[unknown] client=[local] LOG:  connection received: host=[local]
2026-01-05 13:02:39.147 GMT [6023] user=[unknown] db=[unknown] app=[unknown] client=[local] LOG:  connection received: host=[local]
2026-01-05 13:02:49.281 GMT [6031] user=[unknown] db=[unknown] app=[unknown] client=[local] LOG:  connection received: host=[local]
2026-01-05 13:03:00.919 GMT [6038] user=[unknown] db=[unknown] app=[unknown] client=[local] LOG:  connection received: host=[local]
2026-01-05 13:03:11.047 GMT [6047] user=[unknown] db=[unknown] app=[unknown] client=[local] LOG:  connection received: host=[local]
2026-01-05 13:03:21.163 GMT [6054] user=[unknown] db=[unknown] app=[unknown] client=[local] LOG:  connection received: host=[local]
2026-01-05 13:03:32.751 GMT [6062] user=[unknown] db=[unknown] app=[unknown] client=[local] LOG:  connection received: host=[local]
2026-01-05 13:03:42.867 GMT [6069] user=[unknown] db=[unknown] app=[unknown] client=[local] LOG:  connection received: host=[local]
2026-01-05 13:03:52.998 GMT [6077] user=[unknown] db=[unknown] app=[unknown] client=[local] LOG:  connection received: host=[local]
2026-01-05 13:04:04.686 GMT [6084] user=[unknown] db=[unknown] app=[unknown] client=[local] LOG:  connection received: host=[local]
2026-01-05 13:04:14.791 GMT [6092] user=[unknown] db=[unknown] app=[unknown] client=[local] LOG:  connection received: host=[local]
2026-01-05 13:04:24.915 GMT [6099] user=[unknown] db=[unknown] app=[unknown] client=[local] LOG:  connection received: host=[local]
2026-01-05 13:04:36.537 GMT [6107] user=[unknown] db=[unknown] app=[unknown] client=[local] LOG:  connection received: host=[local]
2026-01-05 13:04:46.650 GMT [6114] user=[unknown] db=[unknown] app=[unknown] client=[local] LOG:  connection received: host=[local]
2026-01-05 13:04:57.482 GMT [6121] user=[unknown] db=[unknown] app=[unknown] client=[local] LOG:  connection received: host=[local]
2026-01-05 13:05:08.491 GMT [6128] user=[unknown] db=[unknown] app=[unknown] client=[local] LOG:  connection received: host=[local]
2026-01-05 13:05:18.665 GMT [6137] user=[unknown] db=[unknown] app=[unknown] client=[local] LOG:  connection received: host=[local]
2026-01-05 13:05:30.245 GMT [6145] user=[unknown] db=[unknown] app=[unknown] client=[local] LOG:  connection received: host=[local]
2026-01-05 13:05:40.372 GMT [6153] user=[unknown] db=[unknown] app=[unknown] client=[local] LOG:  connection received: host=[local]
2026-01-05 13:05:50.517 GMT [6161] user=[unknown] db=[unknown] app=[unknown] client=[local] LOG:  connection received: host=[local]
2026-01-05 13:06:02.134 GMT [6168] user=[unknown] db=[unknown] app=[unknown] client=[local] LOG:  connection received: host=[local]
2026-01-05 13:06:12.258 GMT [6176] user=[unknown] db=[unknown] app=[unknown] client=[local] LOG:  connection received: host=[local]
2026-01-05 13:06:22.376 GMT [6184] user=[unknown] db=[unknown] app=[unknown] client=[local] LOG:  connection received: host=[local]
2026-01-05 13:06:34.019 GMT [6192] user=[unknown] db=[unknown] app=[unknown] client=[local] LOG:  connection received: host=[local]
2026-01-05 13:06:44.122 GMT [6199] user=[unknown] db=[unknown] app=[unknown] client=[local] LOG:  connection received: host=[local]
2026-01-05 13:06:54.253 GMT [6207] user=[unknown] db=[unknown] app=[unknown] client=[local] LOG:  connection received: host=[local]
2026-01-05 13:07:05.822 GMT [6214] user=[unknown] db=[unknown] app=[unknown] client=[local] LOG:  connection received: host=[local]
2026-01-05 13:07:15.950 GMT [6222] user=[unknown] db=[unknown] app=[unknown] client=[local] LOG:  connection received: host=[local]
2026-01-05 13:07:26.109 GMT [6229] user=[unknown] db=[unknown] app=[unknown] client=[local] LOG:  connection received: host=[local]
2026-01-05 13:07:37.710 GMT [6237] user=[unknown] db=[unknown] app=[unknown] client=[local] LOG:  connection received: host=[local]
2026-01-05 13:07:47.847 GMT [6245] user=[unknown] db=[unknown] app=[unknown] client=[local] LOG:  connection received: host=[local]
2026-01-05 13:07:57.955 GMT [6253] user=[unknown] db=[unknown] app=[unknown] client=[local] LOG:  connection received: host=[local]
2026-01-05 13:08:09.625 GMT [6260] user=[unknown] db=[unknown] app=[unknown] client=[local] LOG:  connection received: host=[local]
2026-01-05 13:08:19.758 GMT [6268] user=[unknown] db=[unknown] app=[unknown] client=[local] LOG:  connection received: host=[local]
2026-01-05 13:08:29.891 GMT [6276] user=[unknown] db=[unknown] app=[unknown] client=[local] LOG:  connection received: host=[local]
2026-01-05 13:08:41.540 GMT [6284] user=[unknown] db=[unknown] app=[unknown] client=[local] LOG:  connection received: host=[local]
2026-01-05 13:08:51.645 GMT [6292] user=[unknown] db=[unknown] app=[unknown] client=[local] LOG:  connection received: host=[local]
2026-01-05 13:09:01.759 GMT [6299] user=[unknown] db=[unknown] app=[unknown] client=[local] LOG:  connection received: host=[local]
2026-01-05 13:09:13.450 GMT [6306] user=[unknown] db=[unknown] app=[unknown] client=[local] LOG:  connection received: host=[local]
2026-01-05 13:09:23.542 GMT [6314] user=[unknown] db=[unknown] app=[unknown] client=[local] LOG:  connection received: host=[local]
2026-01-05 13:09:33.689 GMT [6322] user=[unknown] db=[unknown] app=[unknown] client=[local] LOG:  connection received: host=[local]
2026-01-05 13:09:45.287 GMT [6329] user=[unknown] db=[unknown] app=[unknown] client=[local] LOG:  connection received: host=[local]
2026-01-05 13:09:55.383 GMT [6337] user=[unknown] db=[unknown] app=[unknown] client=[local] LOG:  connection received: host=[local]
2026-01-05 13:10:05.557 GMT [6344] user=[unknown] db=[unknown] app=[unknown] client=[local] LOG:  connection received: host=[local]
2026-01-05 13:10:17.185 GMT [6353] user=[unknown] db=[unknown] app=[unknown] client=[local] LOG:  connection received: host=[local]
2026-01-05 13:10:27.296 GMT [6360] user=[unknown] db=[unknown] app=[unknown] client=[local] LOG:  connection received: host=[local]
2026-01-05 13:10:37.418 GMT [6368] user=[unknown] db=[unknown] app=[unknown] client=[local] LOG:  connection received: host=[local]
2026-01-05 13:10:49.070 GMT [6375] user=[unknown] db=[unknown] app=[unknown] client=[local] LOG:  connection received: host=[local]
2026-01-05 13:10:59.252 GMT [6383] user=[unknown] db=[unknown] app=[unknown] client=[local] LOG:  connection received: host=[local]
2026-01-05 13:11:09.363 GMT [6390] user=[unknown] db=[unknown] app=[unknown] client=[local] LOG:  connection received: host=[local]
2026-01-05 13:11:21.009 GMT [6398] user=[unknown] db=[unknown] app=[unknown] client=[local] LOG:  connection received: host=[local]
2026-01-05 13:11:31.119 GMT [6406] user=[unknown] db=[unknown] app=[unknown] client=[local] LOG:  connection received: host=[local]
2026-01-05 13:11:41.244 GMT [6413] user=[unknown] db=[unknown] app=[unknown] client=[local] LOG:  connection received: host=[local]
2026-01-05 13:11:52.885 GMT [6421] user=[unknown] db=[unknown] app=[unknown] client=[local] LOG:  connection received: host=[local]
2026-01-05 13:12:03.003 GMT [6429] user=[unknown] db=[unknown] app=[unknown] client=[local] LOG:  connection received: host=[local]
2026-01-05 13:12:13.119 GMT [6436] user=[unknown] db=[unknown] app=[unknown] client=[local] LOG:  connection received: host=[local]
2026-01-05 13:12:24.790 GMT [6445] user=[unknown] db=[unknown] app=[unknown] client=[local] LOG:  connection received: host=[local]
2026-01-05 13:12:34.891 GMT [6453] user=[unknown] db=[unknown] app=[unknown] client=[local] LOG:  connection received: host=[local]
2026-01-05 13:12:45.002 GMT [6460] user=[unknown] db=[unknown] app=[unknown] client=[local] LOG:  connection received: host=[local]
2026-01-05 13:12:56.636 GMT [6467] user=[unknown] db=[unknown] app=[unknown] client=[local] LOG:  connection received: host=[local]
2026-01-05 13:13:06.741 GMT [6475] user=[unknown] db=[unknown] app=[unknown] client=[local] LOG:  connection received: host=[local]
2026-01-05 13:13:16.848 GMT [6482] user=[unknown] db=[unknown] app=[unknown] client=[local] LOG:  connection received: host=[local]
2026-01-05 13:13:28.524 GMT [6491] user=[unknown] db=[unknown] app=[unknown] client=[local] LOG:  connection received: host=[local]
2026-01-05 13:13:38.620 GMT [6499] user=[unknown] db=[unknown] app=[unknown] client=[local] LOG:  connection received: host=[local]
2026-01-05 13:13:48.729 GMT [6506] user=[unknown] db=[unknown] app=[unknown] client=[local] LOG:  connection received: host=[local]
2026-01-05 13:14:00.426 GMT [6514] user=[unknown] db=[unknown] app=[unknown] client=[local] LOG:  connection received: host=[local]
2026-01-05 13:14:10.543 GMT [6521] user=[unknown] db=[unknown] app=[unknown] client=[local] LOG:  connection received: host=[local]
2026-01-05 13:14:20.750 GMT [6529] user=[unknown] db=[unknown] app=[unknown] client=[local] LOG:  connection received: host=[local]
2026-01-05 13:14:32.371 GMT [6536] user=[unknown] db=[unknown] app=[unknown] client=[local] LOG:  connection received: host=[local]
2026-01-05 13:14:42.485 GMT [6544] user=[unknown] db=[unknown] app=[unknown] client=[local] LOG:  connection received: host=[local]
2026-01-05 13:14:52.593 GMT [6551] user=[unknown] db=[unknown] app=[unknown] client=[local] LOG:  connection received: host=[local]
2026-01-05 13:15:04.333 GMT [6559] user=[unknown] db=[unknown] app=[unknown] client=[local] LOG:  connection received: host=[local]
2026-01-05 13:15:14.439 GMT [6566] user=[unknown] db=[unknown] app=[unknown] client=[local] LOG:  connection received: host=[local]
2026-01-05 13:15:24.553 GMT [6574] user=[unknown] db=[unknown] app=[unknown] client=[local] LOG:  connection received: host=[local]
2026-01-05 13:15:36.156 GMT [6582] user=[unknown] db=[unknown] app=[unknown] client=[local] LOG:  connection received: host=[local]
2026-01-05 13:15:46.284 GMT [6589] user=[unknown] db=[unknown] app=[unknown] client=[local] LOG:  connection received: host=[local]
2026-01-05 13:15:56.454 GMT [6596] user=[unknown] db=[unknown] app=[unknown] client=[local] LOG:  connection received: host=[local]
2026-01-05 13:16:08.125 GMT [6604] user=[unknown] db=[unknown] app=[unknown] client=[local] LOG:  connection received: host=[local]
2026-01-05 13:16:18.258 GMT [6612] user=[unknown] db=[unknown] app=[unknown] client=[local] LOG:  connection received: host=[local]
2026-01-05 13:16:28.376 GMT [6619] user=[unknown] db=[unknown] app=[unknown] client=[local] LOG:  connection received: host=[local]
2026-01-05 13:16:39.987 GMT [6627] user=[unknown] db=[unknown] app=[unknown] client=[local] LOG:  connection received: host=[local]
2026-01-05 13:16:50.119 GMT [6634] user=[unknown] db=[unknown] app=[unknown] client=[local] LOG:  connection received: host=[local]
2026-01-05 13:17:00.288 GMT [6641] user=[unknown] db=[unknown] app=[unknown] client=[local] LOG:  connection received: host=[local]
2026-01-05 13:17:12.012 GMT [6649] user=[unknown] db=[unknown] app=[unknown] client=[local] LOG:  connection received: host=[local]
2026-01-05 13:17:22.172 GMT [6657] user=[unknown] db=[unknown] app=[unknown] client=[local] LOG:  connection received: host=[local]
2026-01-05 13:17:32.312 GMT [6664] user=[unknown] db=[unknown] app=[unknown] client=[local] LOG:  connection received: host=[local]
2026-01-05 13:17:43.978 GMT [6673] user=[unknown] db=[unknown] app=[unknown] client=[local] LOG:  connection received: host=[local]
2026-01-05 13:17:54.072 GMT [6680] user=[unknown] db=[unknown] app=[unknown] client=[local] LOG:  connection received: host=[local]
2026-01-05 13:18:04.174 GMT [6688] user=[unknown] db=[unknown] app=[unknown] client=[local] LOG:  connection received: host=[local]
2026-01-05 13:18:15.850 GMT [6695] user=[unknown] db=[unknown] app=[unknown] client=[local] LOG:  connection received: host=[local]
2026-01-05 13:18:25.999 GMT [6703] user=[unknown] db=[unknown] app=[unknown] client=[local] LOG:  connection received: host=[local]
2026-01-05 13:18:37.626 GMT [6710] user=[unknown] db=[unknown] app=[unknown] client=[local] LOG:  connection received: host=[local]
2026-01-05 13:18:47.747 GMT [6718] user=[unknown] db=[unknown] app=[unknown] client=[local] LOG:  connection received: host=[local]
2026-01-05 13:18:57.882 GMT [6725] user=[unknown] db=[unknown] app=[unknown] client=[local] LOG:  connection received: host=[local]
2026-01-05 13:19:09.535 GMT [6733] user=[unknown] db=[unknown] app=[unknown] client=[local] LOG:  connection received: host=[local]
2026-01-05 13:19:19.680 GMT [6741] user=[unknown] db=[unknown] app=[unknown] client=[local] LOG:  connection received: host=[local]
2026-01-05 13:19:29.818 GMT [6749] user=[unknown] db=[unknown] app=[unknown] client=[local] LOG:  connection received: host=[local]
2026-01-05 13:19:41.495 GMT [6756] user=[unknown] db=[unknown] app=[unknown] client=[local] LOG:  connection received: host=[local]
2026-01-05 13:19:51.629 GMT [6764] user=[unknown] db=[unknown] app=[unknown] client=[local] LOG:  connection received: host=[local]
2026-01-05 13:20:01.739 GMT [6771] user=[unknown] db=[unknown] app=[unknown] client=[local] LOG:  connection received: host=[local]
2026-01-05 13:20:13.441 GMT [6779] user=[unknown] db=[unknown] app=[unknown] client=[local] LOG:  connection received: host=[local]
2026-01-05 13:20:23.572 GMT [6787] user=[unknown] db=[unknown] app=[unknown] client=[local] LOG:  connection received: host=[local]
2026-01-05 13:20:33.704 GMT [6794] user=[unknown] db=[unknown] app=[unknown] client=[local] LOG:  connection received: host=[local]
2026-01-05 13:20:45.376 GMT [6802] user=[unknown] db=[unknown] app=[unknown] client=[local] LOG:  connection received: host=[local]
2026-01-05 13:20:55.474 GMT [6809] user=[unknown] db=[unknown] app=[unknown] client=[local] LOG:  connection received: host=[local]
2026-01-05 13:21:05.610 GMT [6817] user=[unknown] db=[unknown] app=[unknown] client=[local] LOG:  connection received: host=[local]
2026-01-05 13:21:17.324 GMT [6824] user=[unknown] db=[unknown] app=[unknown] client=[local] LOG:  connection received: host=[local]
2026-01-05 13:21:27.434 GMT [6832] user=[unknown] db=[unknown] app=[unknown] client=[local] LOG:  connection received: host=[local]
2026-01-05 13:21:37.540 GMT [6839] user=[unknown] db=[unknown] app=[unknown] client=[local] LOG:  connection received: host=[local]
2026-01-05 13:21:49.224 GMT [6847] user=[unknown] db=[unknown] app=[unknown] client=[local] LOG:  connection received: host=[local]
2026-01-05 13:21:59.343 GMT [6854] user=[unknown] db=[unknown] app=[unknown] client=[local] LOG:  connection received: host=[local]
2026-01-05 13:22:09.470 GMT [6862] user=[unknown] db=[unknown] app=[unknown] client=[local] LOG:  connection received: host=[local]
2026-01-05 13:22:21.167 GMT [6869] user=[unknown] db=[unknown] app=[unknown] client=[local] LOG:  connection received: host=[local]
2026-01-05 13:22:31.308 GMT [6877] user=[unknown] db=[unknown] app=[unknown] client=[local] LOG:  connection received: host=[local]
2026-01-05 13:22:41.412 GMT [6884] user=[unknown] db=[unknown] app=[unknown] client=[local] LOG:  connection received: host=[local]
2026-01-05 13:22:53.021 GMT [6892] user=[unknown] db=[unknown] app=[unknown] client=[local] LOG:  connection received: host=[local]
2026-01-05 13:23:03.223 GMT [6899] user=[unknown] db=[unknown] app=[unknown] client=[local] LOG:  connection received: host=[local]
2026-01-05 13:23:13.346 GMT [6907] user=[unknown] db=[unknown] app=[unknown] client=[local] LOG:  connection received: host=[local]
2026-01-05 13:23:24.999 GMT [6914] user=[unknown] db=[unknown] app=[unknown] client=[local] LOG:  connection received: host=[local]
2026-01-05 13:23:35.144 GMT [6922] user=[unknown] db=[unknown] app=[unknown] client=[local] LOG:  connection received: host=[local]
2026-01-05 13:23:45.261 GMT [6930] user=[unknown] db=[unknown] app=[unknown] client=[local] LOG:  connection received: host=[local]
2026-01-05 13:23:57.038 GMT [6937] user=[unknown] db=[unknown] app=[unknown] client=[local] LOG:  connection received: host=[local]
2026-01-05 13:24:07.203 GMT [6944] user=[unknown] db=[unknown] app=[unknown] client=[local] LOG:  connection received: host=[local]
2026-01-05 13:24:17.319 GMT [6952] user=[unknown] db=[unknown] app=[unknown] client=[local] LOG:  connection received: host=[local]
2026-01-05 13:24:28.915 GMT [6960] user=[unknown] db=[unknown] app=[unknown] client=[local] LOG:  connection received: host=[local]
2026-01-05 13:24:39.022 GMT [6967] user=[unknown] db=[unknown] app=[unknown] client=[local] LOG:  connection received: host=[local]
2026-01-05 13:24:49.189 GMT [6975] user=[unknown] db=[unknown] app=[unknown] client=[local] LOG:  connection received: host=[local]
2026-01-05 13:25:00.919 GMT [6982] user=[unknown] db=[unknown] app=[unknown] client=[local] LOG:  connection received: host=[local]
2026-01-05 13:25:11.041 GMT [6990] user=[unknown] db=[unknown] app=[unknown] client=[local] LOG:  connection received: host=[local]
2026-01-05 13:25:21.146 GMT [6997] user=[unknown] db=[unknown] app=[unknown] client=[local] LOG:  connection received: host=[local]
2026-01-05 13:25:32.802 GMT [7005] user=[unknown] db=[unknown] app=[unknown] client=[local] LOG:  connection received: host=[local]
2026-01-05 13:25:42.961 GMT [7013] user=[unknown] db=[unknown] app=[unknown] client=[local] LOG:  connection received: host=[local]
2026-01-05 13:25:53.084 GMT [7021] user=[unknown] db=[unknown] app=[unknown] client=[local] LOG:  connection received: host=[local]
2026-01-05 13:26:04.818 GMT [7028] user=[unknown] db=[unknown] app=[unknown] client=[local] LOG:  connection received: host=[local]
2026-01-05 13:26:14.933 GMT [7036] user=[unknown] db=[unknown] app=[unknown] client=[local] LOG:  connection received: host=[local]
2026-01-05 13:26:25.075 GMT [7043] user=[unknown] db=[unknown] app=[unknown] client=[local] LOG:  connection received: host=[local]
2026-01-05 13:26:36.699 GMT [7051] user=[unknown] db=[unknown] app=[unknown] client=[local] LOG:  connection received: host=[local]
2026-01-05 13:26:46.816 GMT [7059] user=[unknown] db=[unknown] app=[unknown] client=[local] LOG:  connection received: host=[local]
2026-01-05 13:26:56.931 GMT [7066] user=[unknown] db=[unknown] app=[unknown] client=[local] LOG:  connection received: host=[local]
2026-01-05 13:27:08.635 GMT [7073] user=[unknown] db=[unknown] app=[unknown] client=[local] LOG:  connection received: host=[local]
2026-01-05 13:27:18.742 GMT [7081] user=[unknown] db=[unknown] app=[unknown] client=[local] LOG:  connection received: host=[local]
2026-01-05 13:27:28.884 GMT [7088] user=[unknown] db=[unknown] app=[unknown] client=[local] LOG:  connection received: host=[local]
2026-01-05 13:27:40.522 GMT [7097] user=[unknown] db=[unknown] app=[unknown] client=[local] LOG:  connection received: host=[local]
2026-01-05 13:27:50.643 GMT [7105] user=[unknown] db=[unknown] app=[unknown] client=[local] LOG:  connection received: host=[local]
2026-01-05 13:28:00.771 GMT [7112] user=[unknown] db=[unknown] app=[unknown] client=[local] LOG:  connection received: host=[local]
2026-01-05 13:28:12.451 GMT [7119] user=[unknown] db=[unknown] app=[unknown] client=[local] LOG:  connection received: host=[local]
2026-01-05 13:28:22.552 GMT [7127] user=[unknown] db=[unknown] app=[unknown] client=[local] LOG:  connection received: host=[local]
2026-01-05 13:28:32.710 GMT [7135] user=[unknown] db=[unknown] app=[unknown] client=[local] LOG:  connection received: host=[local]
2026-01-05 13:28:44.341 GMT [7142] user=[unknown] db=[unknown] app=[unknown] client=[local] LOG:  connection received: host=[local]
2026-01-05 13:28:54.457 GMT [7150] user=[unknown] db=[unknown] app=[unknown] client=[local] LOG:  connection received: host=[local]
2026-01-05 13:29:04.570 GMT [7158] user=[unknown] db=[unknown] app=[unknown] client=[local] LOG:  connection received: host=[local]
2026-01-05 13:29:16.234 GMT [7165] user=[unknown] db=[unknown] app=[unknown] client=[local] LOG:  connection received: host=[local]
2026-01-05 13:29:26.404 GMT [7173] user=[unknown] db=[unknown] app=[unknown] client=[local] LOG:  connection received: host=[local]
2026-01-05 13:29:36.529 GMT [7181] user=[unknown] db=[unknown] app=[unknown] client=[local] LOG:  connection received: host=[local]
2026-01-05 13:29:48.132 GMT [7188] user=[unknown] db=[unknown] app=[unknown] client=[local] LOG:  connection received: host=[local]
2026-01-05 13:29:58.264 GMT [7196] user=[unknown] db=[unknown] app=[unknown] client=[local] LOG:  connection received: host=[local]
2026-01-05 13:30:08.379 GMT [7203] user=[unknown] db=[unknown] app=[unknown] client=[local] LOG:  connection received: host=[local]
2026-01-05 13:30:20.050 GMT [7211] user=[unknown] db=[unknown] app=[unknown] client=[local] LOG:  connection received: host=[local]
2026-01-05 13:30:30.169 GMT [7218] user=[unknown] db=[unknown] app=[unknown] client=[local] LOG:  connection received: host=[local]
2026-01-05 13:30:40.268 GMT [7226] user=[unknown] db=[unknown] app=[unknown] client=[local] LOG:  connection received: host=[local]
2026-01-05 13:30:51.978 GMT [7234] user=[unknown] db=[unknown] app=[unknown] client=[local] LOG:  connection received: host=[local]
2026-01-05 13:31:02.100 GMT [7241] user=[unknown] db=[unknown] app=[unknown] client=[local] LOG:  connection received: host=[local]
2026-01-05 13:31:12.350 GMT [7248] user=[unknown] db=[unknown] app=[unknown] client=[local] LOG:  connection received: host=[local]
2026-01-05 13:31:24.065 GMT [7256] user=[unknown] db=[unknown] app=[unknown] client=[local] LOG:  connection received: host=[local]
2026-01-05 13:31:34.182 GMT [7264] user=[unknown] db=[unknown] app=[unknown] client=[local] LOG:  connection received: host=[local]
2026-01-05 13:31:45.778 GMT [7271] user=[unknown] db=[unknown] app=[unknown] client=[local] LOG:  connection received: host=[local]
2026-01-05 13:31:55.904 GMT [7279] user=[unknown] db=[unknown] app=[unknown] client=[local] LOG:  connection received: host=[local]
2026-01-05 13:32:06.037 GMT [7286] user=[unknown] db=[unknown] app=[unknown] client=[local] LOG:  connection received: host=[local]
2026-01-05 13:32:17.697 GMT [7293] user=[unknown] db=[unknown] app=[unknown] client=[local] LOG:  connection received: host=[local]
2026-01-05 13:32:27.845 GMT [7302] user=[unknown] db=[unknown] app=[unknown] client=[local] LOG:  connection received: host=[local]
2026-01-05 13:32:37.990 GMT [7310] user=[unknown] db=[unknown] app=[unknown] client=[local] LOG:  connection received: host=[local]
2026-01-05 13:32:49.683 GMT [7317] user=[unknown] db=[unknown] app=[unknown] client=[local] LOG:  connection received: host=[local]
2026-01-05 13:32:59.798 GMT [7326] user=[unknown] db=[unknown] app=[unknown] client=[local] LOG:  connection received: host=[local]
2026-01-05 13:33:09.922 GMT [7333] user=[unknown] db=[unknown] app=[unknown] client=[local] LOG:  connection received: host=[local]
2026-01-05 13:33:21.679 GMT [7341] user=[unknown] db=[unknown] app=[unknown] client=[local] LOG:  connection received: host=[local]
2026-01-05 13:33:31.798 GMT [7350] user=[unknown] db=[unknown] app=[unknown] client=[local] LOG:  connection received: host=[local]
2026-01-05 13:33:41.916 GMT [7357] user=[unknown] db=[unknown] app=[unknown] client=[local] LOG:  connection received: host=[local]
2026-01-05 13:33:53.545 GMT [7364] user=[unknown] db=[unknown] app=[unknown] client=[local] LOG:  connection received: host=[local]
2026-01-05 13:34:03.664 GMT [7372] user=[unknown] db=[unknown] app=[unknown] client=[local] LOG:  connection received: host=[local]
2026-01-05 13:34:13.822 GMT [7379] user=[unknown] db=[unknown] app=[unknown] client=[local] LOG:  connection received: host=[local]
2026-01-05 13:34:25.500 GMT [7387] user=[unknown] db=[unknown] app=[unknown] client=[local] LOG:  connection received: host=[local]
2026-01-05 13:34:35.660 GMT [7395] user=[unknown] db=[unknown] app=[unknown] client=[local] LOG:  connection received: host=[local]
2026-01-05 13:34:45.831 GMT [7402] user=[unknown] db=[unknown] app=[unknown] client=[local] LOG:  connection received: host=[local]
2026-01-05 13:34:57.608 GMT [7410] user=[unknown] db=[unknown] app=[unknown] client=[local] LOG:  connection received: host=[local]
2026-01-05 13:35:07.740 GMT [7417] user=[unknown] db=[unknown] app=[unknown] client=[local] LOG:  connection received: host=[local]
2026-01-05 13:35:17.888 GMT [7424] user=[unknown] db=[unknown] app=[unknown] client=[local] LOG:  connection received: host=[local]
2026-01-05 13:35:29.590 GMT [7433] user=[unknown] db=[unknown] app=[unknown] client=[local] LOG:  connection received: host=[local]
2026-01-05 13:35:39.752 GMT [7441] user=[unknown] db=[unknown] app=[unknown] client=[local] LOG:  connection received: host=[local]
2026-01-05 13:35:49.879 GMT [7448] user=[unknown] db=[unknown] app=[unknown] client=[local] LOG:  connection received: host=[local]
2026-01-05 13:36:01.588 GMT [7456] user=[unknown] db=[unknown] app=[unknown] client=[local] LOG:  connection received: host=[local]
2026-01-05 13:36:11.708 GMT [7463] user=[unknown] db=[unknown] app=[unknown] client=[local] LOG:  connection received: host=[local]
2026-01-05 13:36:21.812 GMT [7470] user=[unknown] db=[unknown] app=[unknown] client=[local] LOG:  connection received: host=[local]
2026-01-05 13:36:33.496 GMT [7478] user=[unknown] db=[unknown] app=[unknown] client=[local] LOG:  connection received: host=[local]
2026-01-05 13:36:43.609 GMT [7486] user=[unknown] db=[unknown] app=[unknown] client=[local] LOG:  connection received: host=[local]
2026-01-05 13:36:53.712 GMT [7493] user=[unknown] db=[unknown] app=[unknown] client=[local] LOG:  connection received: host=[local]
2026-01-05 13:37:05.482 GMT [7501] user=[unknown] db=[unknown] app=[unknown] client=[local] LOG:  connection received: host=[local]
2026-01-05 13:37:15.589 GMT [7508] user=[unknown] db=[unknown] app=[unknown] client=[local] LOG:  connection received: host=[local]
2026-01-05 13:37:25.709 GMT [7515] user=[unknown] db=[unknown] app=[unknown] client=[local] LOG:  connection received: host=[local]
2026-01-05 13:37:37.437 GMT [7524] user=[unknown] db=[unknown] app=[unknown] client=[local] LOG:  connection received: host=[local]
2026-01-05 13:37:47.561 GMT [7531] user=[unknown] db=[unknown] app=[unknown] client=[local] LOG:  connection received: host=[local]
2026-01-05 13:37:57.675 GMT [7539] user=[unknown] db=[unknown] app=[unknown] client=[local] LOG:  connection received: host=[local]
2026-01-05 13:38:09.375 GMT [7546] user=[unknown] db=[unknown] app=[unknown] client=[local] LOG:  connection received: host=[local]
2026-01-05 13:38:19.504 GMT [7554] user=[unknown] db=[unknown] app=[unknown] client=[local] LOG:  connection received: host=[local]
2026-01-05 13:38:29.669 GMT [7562] user=[unknown] db=[unknown] app=[unknown] client=[local] LOG:  connection received: host=[local]
2026-01-05 13:38:41.349 GMT [7571] user=[unknown] db=[unknown] app=[unknown] client=[local] LOG:  connection received: host=[local]
2026-01-05 13:38:51.474 GMT [7579] user=[unknown] db=[unknown] app=[unknown] client=[local] LOG:  connection received: host=[local]
2026-01-05 13:39:01.598 GMT [7587] user=[unknown] db=[unknown] app=[unknown] client=[local] LOG:  connection received: host=[local]
2026-01-05 13:39:13.357 GMT [7594] user=[unknown] db=[unknown] app=[unknown] client=[local] LOG:  connection received: host=[local]
2026-01-05 13:39:23.555 GMT [7601] user=[unknown] db=[unknown] app=[unknown] client=[local] LOG:  connection received: host=[local]
2026-01-05 13:39:33.676 GMT [7609] user=[unknown] db=[unknown] app=[unknown] client=[local] LOG:  connection received: host=[local]
2026-01-05 13:39:45.358 GMT [7617] user=[unknown] db=[unknown] app=[unknown] client=[local] LOG:  connection received: host=[local]
2026-01-05 13:39:55.483 GMT [7625] user=[unknown] db=[unknown] app=[unknown] client=[local] LOG:  connection received: host=[local]
2026-01-05 13:40:05.622 GMT [7634] user=[unknown] db=[unknown] app=[unknown] client=[local] LOG:  connection received: host=[local]
2026-01-05 13:40:17.455 GMT [7641] user=[unknown] db=[unknown] app=[unknown] client=[local] LOG:  connection received: host=[local]
2026-01-05 13:40:27.550 GMT [7648] user=[unknown] db=[unknown] app=[unknown] client=[local] LOG:  connection received: host=[local]
2026-01-05 13:40:37.660 GMT [7656] user=[unknown] db=[unknown] app=[unknown] client=[local] LOG:  connection received: host=[local]
2026-01-05 13:40:49.321 GMT [7664] user=[unknown] db=[unknown] app=[unknown] client=[local] LOG:  connection received: host=[local]
2026-01-05 13:40:59.468 GMT [7672] user=[unknown] db=[unknown] app=[unknown] client=[local] LOG:  connection received: host=[local]
2026-01-05 13:41:09.610 GMT [7679] user=[unknown] db=[unknown] app=[unknown] client=[local] LOG:  connection received: host=[local]
2026-01-05 13:41:21.394 GMT [7686] user=[unknown] db=[unknown] app=[unknown] client=[local] LOG:  connection received: host=[local]
2026-01-05 13:41:31.536 GMT [7693] user=[unknown] db=[unknown] app=[unknown] client=[local] LOG:  connection received: host=[local]
2026-01-05 13:41:41.647 GMT [7702] user=[unknown] db=[unknown] app=[unknown] client=[local] LOG:  connection received: host=[local]
2026-01-05 13:41:53.350 GMT [7709] user=[unknown] db=[unknown] app=[unknown] client=[local] LOG:  connection received: host=[local]
2026-01-05 13:42:03.484 GMT [7718] user=[unknown] db=[unknown] app=[unknown] client=[local] LOG:  connection received: host=[local]
2026-01-05 13:42:13.606 GMT [7725] user=[unknown] db=[unknown] app=[unknown] client=[local] LOG:  connection received: host=[local]
2026-01-05 13:42:25.255 GMT [7732] user=[unknown] db=[unknown] app=[unknown] client=[local] LOG:  connection received: host=[local]
2026-01-05 13:42:35.385 GMT [7740] user=[unknown] db=[unknown] app=[unknown] client=[local] LOG:  connection received: host=[local]
2026-01-05 13:42:45.492 GMT [7748] user=[unknown] db=[unknown] app=[unknown] client=[local] LOG:  connection received: host=[local]
2026-01-05 13:42:57.192 GMT [7755] user=[unknown] db=[unknown] app=[unknown] client=[local] LOG:  connection received: host=[local]
2026-01-05 13:43:07.304 GMT [7763] user=[unknown] db=[unknown] app=[unknown] client=[local] LOG:  connection received: host=[local]
2026-01-05 13:43:17.424 GMT [7770] user=[unknown] db=[unknown] app=[unknown] client=[local] LOG:  connection received: host=[local]
2026-01-05 13:43:29.106 GMT [7777] user=[unknown] db=[unknown] app=[unknown] client=[local] LOG:  connection received: host=[local]
2026-01-05 13:43:39.247 GMT [7786] user=[unknown] db=[unknown] app=[unknown] client=[local] LOG:  connection received: host=[local]
2026-01-05 13:43:49.465 GMT [7793] user=[unknown] db=[unknown] app=[unknown] client=[local] LOG:  connection received: host=[local]
2026-01-05 13:44:01.228 GMT [7800] user=[unknown] db=[unknown] app=[unknown] client=[local] LOG:  connection received: host=[local]
2026-01-05 13:44:11.328 GMT [7808] user=[unknown] db=[unknown] app=[unknown] client=[local] LOG:  connection received: host=[local]
2026-01-05 13:44:22.154 GMT [7815] user=[unknown] db=[unknown] app=[unknown] client=[local] LOG:  connection received: host=[local]
2026-01-05 13:44:33.096 GMT [7823] user=[unknown] db=[unknown] app=[unknown] client=[local] LOG:  connection received: host=[local]
2026-01-05 13:44:43.406 GMT [7832] user=[unknown] db=[unknown] app=[unknown] client=[local] LOG:  connection received: host=[local]
2026-01-05 13:44:55.168 GMT [7839] user=[unknown] db=[unknown] app=[unknown] client=[local] LOG:  connection received: host=[local]
2026-01-05 13:45:05.307 GMT [7847] user=[unknown] db=[unknown] app=[unknown] client=[local] LOG:  connection received: host=[local]
2026-01-05 13:45:15.435 GMT [7854] user=[unknown] db=[unknown] app=[unknown] client=[local] LOG:  connection received: host=[local]
2026-01-05 13:45:27.153 GMT [7861] user=[unknown] db=[unknown] app=[unknown] client=[local] LOG:  connection received: host=[local]
2026-01-05 13:45:37.264 GMT [7868] user=[unknown] db=[unknown] app=[unknown] client=[local] LOG:  connection received: host=[local]
2026-01-05 13:45:47.367 GMT [7877] user=[unknown] db=[unknown] app=[unknown] client=[local] LOG:  connection received: host=[local]
2026-01-05 13:45:59.082 GMT [7884] user=[unknown] db=[unknown] app=[unknown] client=[local] LOG:  connection received: host=[local]
2026-01-05 13:46:09.182 GMT [7892] user=[unknown] db=[unknown] app=[unknown] client=[local] LOG:  connection received: host=[local]
2026-01-05 13:46:19.307 GMT [7899] user=[unknown] db=[unknown] app=[unknown] client=[local] LOG:  connection received: host=[local]
2026-01-05 13:46:31.050 GMT [7908] user=[unknown] db=[unknown] app=[unknown] client=[local] LOG:  connection received: host=[local]
2026-01-05 13:46:41.142 GMT [7915] user=[unknown] db=[unknown] app=[unknown] client=[local] LOG:  connection received: host=[local]
2026-01-05 13:46:51.234 GMT [7923] user=[unknown] db=[unknown] app=[unknown] client=[local] LOG:  connection received: host=[local]
2026-01-05 13:47:02.888 GMT [7931] user=[unknown] db=[unknown] app=[unknown] client=[local] LOG:  connection received: host=[local]
2026-01-05 13:47:13.014 GMT [7939] user=[unknown] db=[unknown] app=[unknown] client=[local] LOG:  connection received: host=[local]
2026-01-05 13:47:23.174 GMT [7947] user=[unknown] db=[unknown] app=[unknown] client=[local] LOG:  connection received: host=[local]
2026-01-05 13:47:34.884 GMT [7954] user=[unknown] db=[unknown] app=[unknown] client=[local] LOG:  connection received: host=[local]
2026-01-05 13:47:45.006 GMT [7963] user=[unknown] db=[unknown] app=[unknown] client=[local] LOG:  connection received: host=[local]
2026-01-05 13:47:55.115 GMT [7970] user=[unknown] db=[unknown] app=[unknown] client=[local] LOG:  connection received: host=[local]
2026-01-05 13:48:06.845 GMT [7978] user=[unknown] db=[unknown] app=[unknown] client=[local] LOG:  connection received: host=[local]
2026-01-05 13:48:17.019 GMT [7985] user=[unknown] db=[unknown] app=[unknown] client=[local] LOG:  connection received: host=[local]
2026-01-05 13:48:27.131 GMT [7993] user=[unknown] db=[unknown] app=[unknown] client=[local] LOG:  connection received: host=[local]
2026-01-05 13:48:38.848 GMT [8000] user=[unknown] db=[unknown] app=[unknown] client=[local] LOG:  connection received: host=[local]
2026-01-05 13:48:48.977 GMT [8008] user=[unknown] db=[unknown] app=[unknown] client=[local] LOG:  connection received: host=[local]
2026-01-05 13:48:59.096 GMT [8015] user=[unknown] db=[unknown] app=[unknown] client=[local] LOG:  connection received: host=[local]
2026-01-05 13:49:10.859 GMT [8024] user=[unknown] db=[unknown] app=[unknown] client=[local] LOG:  connection received: host=[local]
2026-01-05 13:49:20.982 GMT [8031] user=[unknown] db=[unknown] app=[unknown] client=[local] LOG:  connection received: host=[local]
2026-01-05 13:49:31.112 GMT [8039] user=[unknown] db=[unknown] app=[unknown] client=[local] LOG:  connection received: host=[local]
2026-01-05 13:49:42.739 GMT [8047] user=[unknown] db=[unknown] app=[unknown] client=[local] LOG:  connection received: host=[local]
2026-01-05 13:49:52.847 GMT [8055] user=[unknown] db=[unknown] app=[unknown] client=[local] LOG:  connection received: host=[local]
2026-01-05 13:50:02.957 GMT [8062] user=[unknown] db=[unknown] app=[unknown] client=[local] LOG:  connection received: host=[local]
2026-01-05 13:50:14.732 GMT [8070] user=[unknown] db=[unknown] app=[unknown] client=[local] LOG:  connection received: host=[local]
2026-01-05 13:50:24.862 GMT [8078] user=[unknown] db=[unknown] app=[unknown] client=[local] LOG:  connection received: host=[local]
2026-01-05 13:50:35.000 GMT [8085] user=[unknown] db=[unknown] app=[unknown] client=[local] LOG:  connection received: host=[local]
2026-01-05 13:50:46.733 GMT [8093] user=[unknown] db=[unknown] app=[unknown] client=[local] LOG:  connection received: host=[local]
2026-01-05 13:50:56.919 GMT [8101] user=[unknown] db=[unknown] app=[unknown] client=[local] LOG:  connection received: host=[local]
2026-01-05 13:51:07.093 GMT [8109] user=[unknown] db=[unknown] app=[unknown] client=[local] LOG:  connection received: host=[local]
2026-01-05 13:51:18.827 GMT [8116] user=[unknown] db=[unknown] app=[unknown] client=[local] LOG:  connection received: host=[local]
2026-01-05 13:51:28.948 GMT [8124] user=[unknown] db=[unknown] app=[unknown] client=[local] LOG:  connection received: host=[local]
2026-01-05 13:51:39.066 GMT [8131] user=[unknown] db=[unknown] app=[unknown] client=[local] LOG:  connection received: host=[local]
2026-01-05 13:51:50.831 GMT [8139] user=[unknown] db=[unknown] app=[unknown] client=[local] LOG:  connection received: host=[local]
2026-01-05 13:52:00.931 GMT [8146] user=[unknown] db=[unknown] app=[unknown] client=[local] LOG:  connection received: host=[local]
2026-01-05 13:52:11.072 GMT [8154] user=[unknown] db=[unknown] app=[unknown] client=[local] LOG:  connection received: host=[local]
2026-01-05 13:52:22.810 GMT [8160] user=[unknown] db=[unknown] app=[unknown] client=[local] LOG:  connection received: host=[local]
2026-01-05 13:52:32.948 GMT [8168] user=[unknown] db=[unknown] app=[unknown] client=[local] LOG:  connection received: host=[local]
2026-01-05 13:52:43.118 GMT [8175] user=[unknown] db=[unknown] app=[unknown] client=[local] LOG:  connection received: host=[local]
2026-01-05 13:52:54.839 GMT [8183] user=[unknown] db=[unknown] app=[unknown] client=[local] LOG:  connection received: host=[local]
2026-01-05 13:53:04.948 GMT [8191] user=[unknown] db=[unknown] app=[unknown] client=[local] LOG:  connection received: host=[local]
2026-01-05 13:53:15.055 GMT [8198] user=[unknown] db=[unknown] app=[unknown] client=[local] LOG:  connection received: host=[local]
2026-01-05 13:53:26.743 GMT [8205] user=[unknown] db=[unknown] app=[unknown] client=[local] LOG:  connection received: host=[local]
2026-01-05 13:53:36.915 GMT [8213] user=[unknown] db=[unknown] app=[unknown] client=[local] LOG:  connection received: host=[local]
2026-01-05 13:53:47.028 GMT [8220] user=[unknown] db=[unknown] app=[unknown] client=[local] LOG:  connection received: host=[local]
2026-01-05 13:53:58.777 GMT [8228] user=[unknown] db=[unknown] app=[unknown] client=[local] LOG:  connection received: host=[local]
2026-01-05 13:54:08.907 GMT [8236] user=[unknown] db=[unknown] app=[unknown] client=[local] LOG:  connection received: host=[local]
2026-01-05 13:54:19.053 GMT [8243] user=[unknown] db=[unknown] app=[unknown] client=[local] LOG:  connection received: host=[local]
2026-01-05 13:54:30.766 GMT [8252] user=[unknown] db=[unknown] app=[unknown] client=[local] LOG:  connection received: host=[local]
2026-01-05 13:54:40.875 GMT [8259] user=[unknown] db=[unknown] app=[unknown] client=[local] LOG:  connection received: host=[local]
2026-01-05 13:54:50.979 GMT [8266] user=[unknown] db=[unknown] app=[unknown] client=[local] LOG:  connection received: host=[local]
2026-01-05 13:55:02.664 GMT [8275] user=[unknown] db=[unknown] app=[unknown] client=[local] LOG:  connection received: host=[local]
2026-01-05 13:55:12.771 GMT [8283] user=[unknown] db=[unknown] app=[unknown] client=[local] LOG:  connection received: host=[local]
2026-01-05 13:55:22.923 GMT [8290] user=[unknown] db=[unknown] app=[unknown] client=[local] LOG:  connection received: host=[local]
2026-01-05 13:55:34.629 GMT [8298] user=[unknown] db=[unknown] app=[unknown] client=[local] LOG:  connection received: host=[local]
2026-01-05 13:55:44.741 GMT [8305] user=[unknown] db=[unknown] app=[unknown] client=[local] LOG:  connection received: host=[local]
2026-01-05 13:55:54.842 GMT [8313] user=[unknown] db=[unknown] app=[unknown] client=[local] LOG:  connection received: host=[local]
2026-01-05 13:56:06.508 GMT [8320] user=[unknown] db=[unknown] app=[unknown] client=[local] LOG:  connection received: host=[local]
2026-01-05 13:56:16.650 GMT [8328] user=[unknown] db=[unknown] app=[unknown] client=[local] LOG:  connection received: host=[local]
2026-01-05 13:56:26.748 GMT [8335] user=[unknown] db=[unknown] app=[unknown] client=[local] LOG:  connection received: host=[local]
2026-01-05 13:56:38.458 GMT [8343] user=[unknown] db=[unknown] app=[unknown] client=[local] LOG:  connection received: host=[local]
2026-01-05 13:56:48.572 GMT [8350] user=[unknown] db=[unknown] app=[unknown] client=[local] LOG:  connection received: host=[local]
2026-01-05 13:56:58.678 GMT [8358] user=[unknown] db=[unknown] app=[unknown] client=[local] LOG:  connection received: host=[local]
2026-01-05 13:57:10.436 GMT [8366] user=[unknown] db=[unknown] app=[unknown] client=[local] LOG:  connection received: host=[local]
2026-01-05 13:57:20.589 GMT [8374] user=[unknown] db=[unknown] app=[unknown] client=[local] LOG:  connection received: host=[local]
2026-01-05 13:57:31.380 GMT [8382] user=[unknown] db=[unknown] app=[unknown] client=[local] LOG:  connection received: host=[local]
2026-01-05 13:57:42.391 GMT [8390] user=[unknown] db=[unknown] app=[unknown] client=[local] LOG:  connection received: host=[local]
2026-01-05 13:57:52.541 GMT [8397] user=[unknown] db=[unknown] app=[unknown] client=[local] LOG:  connection received: host=[local]
2026-01-05 13:58:04.257 GMT [8405] user=[unknown] db=[unknown] app=[unknown] client=[local] LOG:  connection received: host=[local]
2026-01-05 13:58:14.439 GMT [8413] user=[unknown] db=[unknown] app=[unknown] client=[local] LOG:  connection received: host=[local]
2026-01-05 13:58:24.569 GMT [8420] user=[unknown] db=[unknown] app=[unknown] client=[local] LOG:  connection received: host=[local]
2026-01-05 13:58:36.280 GMT [8428] user=[unknown] db=[unknown] app=[unknown] client=[local] LOG:  connection received: host=[local]
2026-01-05 13:58:46.395 GMT [8435] user=[unknown] db=[unknown] app=[unknown] client=[local] LOG:  connection received: host=[local]
2026-01-05 13:58:56.512 GMT [8443] user=[unknown] db=[unknown] app=[unknown] client=[local] LOG:  connection received: host=[local]
2026-01-05 13:59:08.279 GMT [8450] user=[unknown] db=[unknown] app=[unknown] client=[local] LOG:  connection received: host=[local]
2026-01-05 13:59:18.399 GMT [8458] user=[unknown] db=[unknown] app=[unknown] client=[local] LOG:  connection received: host=[local]
2026-01-05 13:59:28.512 GMT [8465] user=[unknown] db=[unknown] app=[unknown] client=[local] LOG:  connection received: host=[local]
2026-01-05 13:59:40.178 GMT [8473] user=[unknown] db=[unknown] app=[unknown] client=[local] LOG:  connection received: host=[local]
2026-01-05 13:59:50.304 GMT [8480] user=[unknown] db=[unknown] app=[unknown] client=[local] LOG:  connection received: host=[local]
2026-01-05 14:00:00.410 GMT [8488] user=[unknown] db=[unknown] app=[unknown] client=[local] LOG:  connection received: host=[local]
2026-01-05 14:00:12.127 GMT [8496] user=[unknown] db=[unknown] app=[unknown] client=[local] LOG:  connection received: host=[local]
2026-01-05 14:00:22.244 GMT [8504] user=[unknown] db=[unknown] app=[unknown] client=[local] LOG:  connection received: host=[local]
2026-01-05 14:00:32.355 GMT [8511] user=[unknown] db=[unknown] app=[unknown] client=[local] LOG:  connection received: host=[local]
2026-01-05 14:00:44.047 GMT [8520] user=[unknown] db=[unknown] app=[unknown] client=[local] LOG:  connection received: host=[local]
2026-01-05 14:00:54.180 GMT [8527] user=[unknown] db=[unknown] app=[unknown] client=[local] LOG:  connection received: host=[local]
2026-01-05 14:01:04.289 GMT [8535] user=[unknown] db=[unknown] app=[unknown] client=[local] LOG:  connection received: host=[local]
2026-01-05 14:01:16.034 GMT [8543] user=[unknown] db=[unknown] app=[unknown] client=[local] LOG:  connection received: host=[local]
2026-01-05 14:01:26.162 GMT [8551] user=[unknown] db=[unknown] app=[unknown] client=[local] LOG:  connection received: host=[local]
2026-01-05 14:01:36.279 GMT [8559] user=[unknown] db=[unknown] app=[unknown] client=[local] LOG:  connection received: host=[local]
2026-01-05 14:01:47.993 GMT [8567] user=[unknown] db=[unknown] app=[unknown] client=[local] LOG:  connection received: host=[local]
2026-01-05 14:01:58.188 GMT [8575] user=[unknown] db=[unknown] app=[unknown] client=[local] LOG:  connection received: host=[local]
2026-01-05 14:02:08.287 GMT [8582] user=[unknown] db=[unknown] app=[unknown] client=[local] LOG:  connection received: host=[local]
2026-01-05 14:02:20.427 GMT [8590] user=[unknown] db=[unknown] app=[unknown] client=[local] LOG:  connection received: host=[local]
2026-01-05 14:02:30.555 GMT [8598] user=[unknown] db=[unknown] app=[unknown] client=[local] LOG:  connection received: host=[local]
2026-01-05 14:02:40.681 GMT [8606] user=[unknown] db=[unknown] app=[unknown] client=[local] LOG:  connection received: host=[local]
2026-01-05 14:02:52.386 GMT [8613] user=[unknown] db=[unknown] app=[unknown] client=[local] LOG:  connection received: host=[local]
2026-01-05 14:03:02.496 GMT [8621] user=[unknown] db=[unknown] app=[unknown] client=[local] LOG:  connection received: host=[local]
2026-01-05 14:03:12.601 GMT [8628] user=[unknown] db=[unknown] app=[unknown] client=[local] LOG:  connection received: host=[local]
2026-01-05 14:03:24.386 GMT [8636] user=[unknown] db=[unknown] app=[unknown] client=[local] LOG:  connection received: host=[local]
2026-01-05 14:03:34.602 GMT [8643] user=[unknown] db=[unknown] app=[unknown] client=[local] LOG:  connection received: host=[local]
2026-01-05 14:03:44.733 GMT [8651] user=[unknown] db=[unknown] app=[unknown] client=[local] LOG:  connection received: host=[local]
2026-01-05 14:03:56.419 GMT [8658] user=[unknown] db=[unknown] app=[unknown] client=[local] LOG:  connection received: host=[local]
2026-01-05 14:04:06.544 GMT [8666] user=[unknown] db=[unknown] app=[unknown] client=[local] LOG:  connection received: host=[local]
2026-01-05 14:04:16.735 GMT [8673] user=[unknown] db=[unknown] app=[unknown] client=[local] LOG:  connection received: host=[local]
2026-01-05 14:04:28.405 GMT [8681] user=[unknown] db=[unknown] app=[unknown] client=[local] LOG:  connection received: host=[local]
2026-01-05 14:04:38.540 GMT [8689] user=[unknown] db=[unknown] app=[unknown] client=[local] LOG:  connection received: host=[local]
2026-01-05 14:04:48.652 GMT [8697] user=[unknown] db=[unknown] app=[unknown] client=[local] LOG:  connection received: host=[local]
2026-01-05 14:05:00.433 GMT [8704] user=[unknown] db=[unknown] app=[unknown] client=[local] LOG:  connection received: host=[local]
2026-01-05 14:05:10.592 GMT [8713] user=[unknown] db=[unknown] app=[unknown] client=[local] LOG:  connection received: host=[local]
2026-01-05 14:05:20.710 GMT [8721] user=[unknown] db=[unknown] app=[unknown] client=[local] LOG:  connection received: host=[local]
2026-01-05 14:05:32.409 GMT [8728] user=[unknown] db=[unknown] app=[unknown] client=[local] LOG:  connection received: host=[local]
2026-01-05 14:05:42.526 GMT [8736] user=[unknown] db=[unknown] app=[unknown] client=[local] LOG:  connection received: host=[local]
2026-01-05 14:05:52.645 GMT [8743] user=[unknown] db=[unknown] app=[unknown] client=[local] LOG:  connection received: host=[local]
2026-01-05 14:06:04.403 GMT [8751] user=[unknown] db=[unknown] app=[unknown] client=[local] LOG:  connection received: host=[local]
2026-01-05 14:06:14.505 GMT [8758] user=[unknown] db=[unknown] app=[unknown] client=[local] LOG:  connection received: host=[local]
2026-01-05 14:06:24.615 GMT [8766] user=[unknown] db=[unknown] app=[unknown] client=[local] LOG:  connection received: host=[local]
2026-01-05 14:06:36.378 GMT [8773] user=[unknown] db=[unknown] app=[unknown] client=[local] LOG:  connection received: host=[local]
2026-01-05 14:06:46.507 GMT [8781] user=[unknown] db=[unknown] app=[unknown] client=[local] LOG:  connection received: host=[local]
2026-01-05 14:06:56.662 GMT [8787] user=[unknown] db=[unknown] app=[unknown] client=[local] LOG:  connection received: host=[local]
2026-01-05 14:07:08.356 GMT [8795] user=[unknown] db=[unknown] app=[unknown] client=[local] LOG:  connection received: host=[local]
2026-01-05 14:07:18.468 GMT [8803] user=[unknown] db=[unknown] app=[unknown] client=[local] LOG:  connection received: host=[local]
2026-01-05 14:07:28.578 GMT [8810] user=[unknown] db=[unknown] app=[unknown] client=[local] LOG:  connection received: host=[local]
2026-01-05 14:07:40.294 GMT [8817] user=[unknown] db=[unknown] app=[unknown] client=[local] LOG:  connection received: host=[local]
2026-01-05 14:07:50.437 GMT [8826] user=[unknown] db=[unknown] app=[unknown] client=[local] LOG:  connection received: host=[local]
2026-01-05 14:08:00.663 GMT [8833] user=[unknown] db=[unknown] app=[unknown] client=[local] LOG:  connection received: host=[local]
2026-01-05 14:08:12.429 GMT [8841] user=[unknown] db=[unknown] app=[unknown] client=[local] LOG:  connection received: host=[local]
2026-01-05 14:08:22.546 GMT [8849] user=[unknown] db=[unknown] app=[unknown] client=[local] LOG:  connection received: host=[local]
2026-01-05 14:08:32.653 GMT [8856] user=[unknown] db=[unknown] app=[unknown] client=[local] LOG:  connection received: host=[local]
2026-01-05 14:08:44.415 GMT [8863] user=[unknown] db=[unknown] app=[unknown] client=[local] LOG:  connection received: host=[local]
2026-01-05 14:08:54.583 GMT [8872] user=[unknown] db=[unknown] app=[unknown] client=[local] LOG:  connection received: host=[local]
2026-01-05 14:09:04.697 GMT [8879] user=[unknown] db=[unknown] app=[unknown] client=[local] LOG:  connection received: host=[local]
2026-01-05 14:09:16.338 GMT [8888] user=[unknown] db=[unknown] app=[unknown] client=[local] LOG:  connection received: host=[local]
2026-01-05 14:09:26.455 GMT [8896] user=[unknown] db=[unknown] app=[unknown] client=[local] LOG:  connection received: host=[local]
2026-01-05 14:09:36.603 GMT [8903] user=[unknown] db=[unknown] app=[unknown] client=[local] LOG:  connection received: host=[local]
2026-01-05 14:09:48.429 GMT [8912] user=[unknown] db=[unknown] app=[unknown] client=[local] LOG:  connection received: host=[local]
2026-01-05 14:09:58.557 GMT [8920] user=[unknown] db=[unknown] app=[unknown] client=[local] LOG:  connection received: host=[local]
2026-01-05 14:10:08.662 GMT [8928] user=[unknown] db=[unknown] app=[unknown] client=[local] LOG:  connection received: host=[local]
2026-01-05 14:10:20.396 GMT [8936] user=[unknown] db=[unknown] app=[unknown] client=[local] LOG:  connection received: host=[local]
2026-01-05 14:10:30.545 GMT [8943] user=[unknown] db=[unknown] app=[unknown] client=[local] LOG:  connection received: host=[local]
2026-01-05 14:10:41.452 GMT [8950] user=[unknown] db=[unknown] app=[unknown] client=[local] LOG:  connection received: host=[local]
2026-01-05 14:10:52.417 GMT [8959] user=[unknown] db=[unknown] app=[unknown] client=[local] LOG:  connection received: host=[local]
2026-01-05 14:11:02.533 GMT [8966] user=[unknown] db=[unknown] app=[unknown] client=[local] LOG:  connection received: host=[local]
2026-01-05 14:11:14.272 GMT [8974] user=[unknown] db=[unknown] app=[unknown] client=[local] LOG:  connection received: host=[local]
2026-01-05 14:11:24.408 GMT [8982] user=[unknown] db=[unknown] app=[unknown] client=[local] LOG:  connection received: host=[local]
2026-01-05 14:11:34.512 GMT [8989] user=[unknown] db=[unknown] app=[unknown] client=[local] LOG:  connection received: host=[local]
2026-01-05 14:11:46.296 GMT [8996] user=[unknown] db=[unknown] app=[unknown] client=[local] LOG:  connection received: host=[local]
2026-01-05 14:11:56.418 GMT [9005] user=[unknown] db=[unknown] app=[unknown] client=[local] LOG:  connection received: host=[local]
2026-01-05 14:12:06.543 GMT [9012] user=[unknown] db=[unknown] app=[unknown] client=[local] LOG:  connection received: host=[local]
2026-01-05 14:12:18.249 GMT [9020] user=[unknown] db=[unknown] app=[unknown] client=[local] LOG:  connection received: host=[local]
2026-01-05 14:12:28.387 GMT [9028] user=[unknown] db=[unknown] app=[unknown] client=[local] LOG:  connection received: host=[local]
2026-01-05 14:12:38.528 GMT [9035] user=[unknown] db=[unknown] app=[unknown] client=[local] LOG:  connection received: host=[local]
2026-01-05 14:12:50.203 GMT [9042] user=[unknown] db=[unknown] app=[unknown] client=[local] LOG:  connection received: host=[local]
2026-01-05 14:13:00.333 GMT [9050] user=[unknown] db=[unknown] app=[unknown] client=[local] LOG:  connection received: host=[local]
2026-01-05 14:13:10.443 GMT [9058] user=[unknown] db=[unknown] app=[unknown] client=[local] LOG:  connection received: host=[local]
2026-01-05 14:13:22.198 GMT [9065] user=[unknown] db=[unknown] app=[unknown] client=[local] LOG:  connection received: host=[local]
2026-01-05 14:13:32.311 GMT [9074] user=[unknown] db=[unknown] app=[unknown] client=[local] LOG:  connection received: host=[local]
2026-01-05 14:13:42.433 GMT [9082] user=[unknown] db=[unknown] app=[unknown] client=[local] LOG:  connection received: host=[local]
2026-01-05 14:13:54.146 GMT [9090] user=[unknown] db=[unknown] app=[unknown] client=[local] LOG:  connection received: host=[local]
2026-01-05 14:14:04.245 GMT [9097] user=[unknown] db=[unknown] app=[unknown] client=[local] LOG:  connection received: host=[local]
2026-01-05 14:14:14.347 GMT [9105] user=[unknown] db=[unknown] app=[unknown] client=[local] LOG:  connection received: host=[local]
2026-01-05 14:14:26.148 GMT [9113] user=[unknown] db=[unknown] app=[unknown] client=[local] LOG:  connection received: host=[local]
2026-01-05 14:14:36.301 GMT [9120] user=[unknown] db=[unknown] app=[unknown] client=[local] LOG:  connection received: host=[local]
2026-01-05 14:14:46.429 GMT [9127] user=[unknown] db=[unknown] app=[unknown] client=[local] LOG:  connection received: host=[local]
2026-01-05 14:14:58.115 GMT [9135] user=[unknown] db=[unknown] app=[unknown] client=[local] LOG:  connection received: host=[local]
2026-01-05 14:15:08.246 GMT [9142] user=[unknown] db=[unknown] app=[unknown] client=[local] LOG:  connection received: host=[local]
2026-01-05 14:15:18.359 GMT [9150] user=[unknown] db=[unknown] app=[unknown] client=[local] LOG:  connection received: host=[local]
2026-01-05 14:15:30.199 GMT [9158] user=[unknown] db=[unknown] app=[unknown] client=[local] LOG:  connection received: host=[local]
2026-01-05 14:15:40.311 GMT [9165] user=[unknown] db=[unknown] app=[unknown] client=[local] LOG:  connection received: host=[local]
2026-01-05 14:15:50.428 GMT [9172] user=[unknown] db=[unknown] app=[unknown] client=[local] LOG:  connection received: host=[local]
2026-01-05 14:16:02.062 GMT [9181] user=[unknown] db=[unknown] app=[unknown] client=[local] LOG:  connection received: host=[local]
2026-01-05 14:16:12.178 GMT [9189] user=[unknown] db=[unknown] app=[unknown] client=[local] LOG:  connection received: host=[local]
2026-01-05 14:16:22.300 GMT [9196] user=[unknown] db=[unknown] app=[unknown] client=[local] LOG:  connection received: host=[local]
2026-01-05 14:16:34.042 GMT [9204] user=[unknown] db=[unknown] app=[unknown] client=[local] LOG:  connection received: host=[local]
2026-01-05 14:16:44.149 GMT [9211] user=[unknown] db=[unknown] app=[unknown] client=[local] LOG:  connection received: host=[local]
2026-01-05 14:16:54.278 GMT [9218] user=[unknown] db=[unknown] app=[unknown] client=[local] LOG:  connection received: host=[local]
2026-01-05 14:17:05.990 GMT [9226] user=[unknown] db=[unknown] app=[unknown] client=[local] LOG:  connection received: host=[local]
2026-01-05 14:17:16.131 GMT [9233] user=[unknown] db=[unknown] app=[unknown] client=[local] LOG:  connection received: host=[local]
2026-01-05 14:17:26.247 GMT [9240] user=[unknown] db=[unknown] app=[unknown] client=[local] LOG:  connection received: host=[local]
2026-01-05 14:17:37.933 GMT [9249] user=[unknown] db=[unknown] app=[unknown] client=[local] LOG:  connection received: host=[local]
2026-01-05 14:17:48.065 GMT [9257] user=[unknown] db=[unknown] app=[unknown] client=[local] LOG:  connection received: host=[local]
2026-01-05 14:17:58.164 GMT [9264] user=[unknown] db=[unknown] app=[unknown] client=[local] LOG:  connection received: host=[local]
2026-01-05 14:18:10.014 GMT [9272] user=[unknown] db=[unknown] app=[unknown] client=[local] LOG:  connection received: host=[local]
2026-01-05 14:18:20.137 GMT [9280] user=[unknown] db=[unknown] app=[unknown] client=[local] LOG:  connection received: host=[local]
2026-01-05 14:18:30.253 GMT [9288] user=[unknown] db=[unknown] app=[unknown] client=[local] LOG:  connection received: host=[local]
2026-01-05 14:18:41.945 GMT [9295] user=[unknown] db=[unknown] app=[unknown] client=[local] LOG:  connection received: host=[local]
2026-01-05 14:18:52.080 GMT [9302] user=[unknown] db=[unknown] app=[unknown] client=[local] LOG:  connection received: host=[local]
2026-01-05 14:19:02.210 GMT [9310] user=[unknown] db=[unknown] app=[unknown] client=[local] LOG:  connection received: host=[local]
2026-01-05 14:19:14.040 GMT [9317] user=[unknown] db=[unknown] app=[unknown] client=[local] LOG:  connection received: host=[local]
2026-01-05 14:19:24.172 GMT [9325] user=[unknown] db=[unknown] app=[unknown] client=[local] LOG:  connection received: host=[local]
2026-01-05 14:19:34.298 GMT [9333] user=[unknown] db=[unknown] app=[unknown] client=[local] LOG:  connection received: host=[local]
2026-01-05 14:19:46.000 GMT [9340] user=[unknown] db=[unknown] app=[unknown] client=[local] LOG:  connection received: host=[local]
2026-01-05 14:19:56.122 GMT [9348] user=[unknown] db=[unknown] app=[unknown] client=[local] LOG:  connection received: host=[local]
2026-01-05 14:20:06.324 GMT [9356] user=[unknown] db=[unknown] app=[unknown] client=[local] LOG:  connection received: host=[local]
2026-01-05 14:20:18.056 GMT [9364] user=[unknown] db=[unknown] app=[unknown] client=[local] LOG:  connection received: host=[local]
2026-01-05 14:20:28.214 GMT [9372] user=[unknown] db=[unknown] app=[unknown] client=[local] LOG:  connection received: host=[local]
2026-01-05 14:20:38.330 GMT [9379] user=[unknown] db=[unknown] app=[unknown] client=[local] LOG:  connection received: host=[local]
2026-01-05 14:20:50.007 GMT [9386] user=[unknown] db=[unknown] app=[unknown] client=[local] LOG:  connection received: host=[local]
2026-01-05 14:21:00.178 GMT [9393] user=[unknown] db=[unknown] app=[unknown] client=[local] LOG:  connection received: host=[local]
2026-01-05 14:21:10.278 GMT [9401] user=[unknown] db=[unknown] app=[unknown] client=[local] LOG:  connection received: host=[local]
2026-01-05 14:21:21.983 GMT [9409] user=[unknown] db=[unknown] app=[unknown] client=[local] LOG:  connection received: host=[local]
2026-01-05 14:21:32.109 GMT [9418] user=[unknown] db=[unknown] app=[unknown] client=[local] LOG:  connection received: host=[local]
2026-01-05 14:21:42.241 GMT [9425] user=[unknown] db=[unknown] app=[unknown] client=[local] LOG:  connection received: host=[local]
2026-01-05 14:21:53.940 GMT [9432] user=[unknown] db=[unknown] app=[unknown] client=[local] LOG:  connection received: host=[local]
2026-01-05 14:22:04.042 GMT [9439] user=[unknown] db=[unknown] app=[unknown] client=[local] LOG:  connection received: host=[local]
2026-01-05 14:22:14.172 GMT [9448] user=[unknown] db=[unknown] app=[unknown] client=[local] LOG:  connection received: host=[local]
2026-01-05 14:22:25.836 GMT [9456] user=[unknown] db=[unknown] app=[unknown] client=[local] LOG:  connection received: host=[local]
2026-01-05 14:22:35.963 GMT [9464] user=[unknown] db=[unknown] app=[unknown] client=[local] LOG:  connection received: host=[local]
2026-01-05 14:22:46.081 GMT [9472] user=[unknown] db=[unknown] app=[unknown] client=[local] LOG:  connection received: host=[local]
2026-01-05 14:22:57.757 GMT [9479] user=[unknown] db=[unknown] app=[unknown] client=[local] LOG:  connection received: host=[local]
2026-01-05 14:23:07.869 GMT [9487] user=[unknown] db=[unknown] app=[unknown] client=[local] LOG:  connection received: host=[local]
2026-01-05 14:23:17.987 GMT [9494] user=[unknown] db=[unknown] app=[unknown] client=[local] LOG:  connection received: host=[local]
2026-01-05 14:23:29.623 GMT [9504] user=[unknown] db=[unknown] app=[unknown] client=[local] LOG:  connection received: host=[local]
2026-01-05 14:23:39.724 GMT [9511] user=[unknown] db=[unknown] app=[unknown] client=[local] LOG:  connection received: host=[local]
2026-01-05 14:23:49.862 GMT [9518] user=[unknown] db=[unknown] app=[unknown] client=[local] LOG:  connection received: host=[local]
2026-01-05 14:24:01.504 GMT [9526] user=[unknown] db=[unknown] app=[unknown] client=[local] LOG:  connection received: host=[local]
2026-01-05 14:24:11.620 GMT [9534] user=[unknown] db=[unknown] app=[unknown] client=[local] LOG:  connection received: host=[local]
2026-01-05 14:24:22.580 GMT [9542] user=[unknown] db=[unknown] app=[unknown] client=[local] LOG:  connection received: host=[local]
2026-01-05 14:24:33.366 GMT [9550] user=[unknown] db=[unknown] app=[unknown] client=[local] LOG:  connection received: host=[local]
2026-01-05 14:24:43.471 GMT [9557] user=[unknown] db=[unknown] app=[unknown] client=[local] LOG:  connection received: host=[local]
2026-01-05 14:24:55.151 GMT [9564] user=[unknown] db=[unknown] app=[unknown] client=[local] LOG:  connection received: host=[local]
2026-01-05 14:25:05.313 GMT [9571] user=[unknown] db=[unknown] app=[unknown] client=[local] LOG:  connection received: host=[local]
2026-01-05 14:25:15.446 GMT [9579] user=[unknown] db=[unknown] app=[unknown] client=[local] LOG:  connection received: host=[local]
2026-01-05 14:25:27.046 GMT [9587] user=[unknown] db=[unknown] app=[unknown] client=[local] LOG:  connection received: host=[local]
2026-01-05 14:25:37.157 GMT [9595] user=[unknown] db=[unknown] app=[unknown] client=[local] LOG:  connection received: host=[local]
2026-01-05 14:25:47.267 GMT [9602] user=[unknown] db=[unknown] app=[unknown] client=[local] LOG:  connection received: host=[local]
2026-01-05 14:25:58.921 GMT [9609] user=[unknown] db=[unknown] app=[unknown] client=[local] LOG:  connection received: host=[local]
2026-01-05 14:26:09.067 GMT [9616] user=[unknown] db=[unknown] app=[unknown] client=[local] LOG:  connection received: host=[local]
2026-01-05 14:26:19.181 GMT [9625] user=[unknown] db=[unknown] app=[unknown] client=[local] LOG:  connection received: host=[local]
2026-01-05 14:26:30.781 GMT [9633] user=[unknown] db=[unknown] app=[unknown] client=[local] LOG:  connection received: host=[local]
2026-01-05 14:26:40.892 GMT [9641] user=[unknown] db=[unknown] app=[unknown] client=[local] LOG:  connection received: host=[local]
2026-01-05 14:26:51.020 GMT [9648] user=[unknown] db=[unknown] app=[unknown] client=[local] LOG:  connection received: host=[local]
2026-01-05 14:27:02.742 GMT [9655] user=[unknown] db=[unknown] app=[unknown] client=[local] LOG:  connection received: host=[local]
2026-01-05 14:27:12.911 GMT [9663] user=[unknown] db=[unknown] app=[unknown] client=[local] LOG:  connection received: host=[local]
2026-01-05 14:27:23.021 GMT [9672] user=[unknown] db=[unknown] app=[unknown] client=[local] LOG:  connection received: host=[local]
2026-01-05 14:27:34.650 GMT [9681] user=[unknown] db=[unknown] app=[unknown] client=[local] LOG:  connection received: host=[local]
2026-01-05 14:27:44.772 GMT [9688] user=[unknown] db=[unknown] app=[unknown] client=[local] LOG:  connection received: host=[local]
2026-01-05 14:27:54.905 GMT [9695] user=[unknown] db=[unknown] app=[unknown] client=[local] LOG:  connection received: host=[local]
2026-01-05 14:28:06.612 GMT [9702] user=[unknown] db=[unknown] app=[unknown] client=[local] LOG:  connection received: host=[local]
2026-01-05 14:28:16.750 GMT [9710] user=[unknown] db=[unknown] app=[unknown] client=[local] LOG:  connection received: host=[local]
2026-01-05 14:28:26.851 GMT [9718] user=[unknown] db=[unknown] app=[unknown] client=[local] LOG:  connection received: host=[local]
2026-01-05 14:28:38.430 GMT [9726] user=[unknown] db=[unknown] app=[unknown] client=[local] LOG:  connection received: host=[local]
2026-01-05 14:28:48.561 GMT [9733] user=[unknown] db=[unknown] app=[unknown] client=[local] LOG:  connection received: host=[local]
2026-01-05 14:28:58.747 GMT [9740] user=[unknown] db=[unknown] app=[unknown] client=[local] LOG:  connection received: host=[local]
2026-01-05 14:29:10.399 GMT [9747] user=[unknown] db=[unknown] app=[unknown] client=[local] LOG:  connection received: host=[local]
2026-01-05 14:29:20.511 GMT [9755] user=[unknown] db=[unknown] app=[unknown] client=[local] LOG:  connection received: host=[local]
2026-01-05 14:29:30.644 GMT [9763] user=[unknown] db=[unknown] app=[unknown] client=[local] LOG:  connection received: host=[local]
2026-01-05 14:29:42.231 GMT [9771] user=[unknown] db=[unknown] app=[unknown] client=[local] LOG:  connection received: host=[local]
2026-01-05 14:29:52.399 GMT [9778] user=[unknown] db=[unknown] app=[unknown] client=[local] LOG:  connection received: host=[local]
2026-01-05 14:30:02.515 GMT [9785] user=[unknown] db=[unknown] app=[unknown] client=[local] LOG:  connection received: host=[local]
2026-01-05 14:30:14.243 GMT [9792] user=[unknown] db=[unknown] app=[unknown] client=[local] LOG:  connection received: host=[local]
2026-01-05 14:30:24.361 GMT [9801] user=[unknown] db=[unknown] app=[unknown] client=[local] LOG:  connection received: host=[local]
2026-01-05 14:30:34.507 GMT [9809] user=[unknown] db=[unknown] app=[unknown] client=[local] LOG:  connection received: host=[local]
2026-01-05 14:30:46.085 GMT [9816] user=[unknown] db=[unknown] app=[unknown] client=[local] LOG:  connection received: host=[local]
2026-01-05 14:30:56.214 GMT [9823] user=[unknown] db=[unknown] app=[unknown] client=[local] LOG:  connection received: host=[local]
2026-01-05 14:31:06.332 GMT [9830] user=[unknown] db=[unknown] app=[unknown] client=[local] LOG:  connection received: host=[local]
2026-01-05 14:31:17.768 GMT [9837] user=[unknown] db=[unknown] app=[unknown] client=[local] LOG:  connection received: host=[local]
2026-01-05 14:31:27.889 GMT [9845] user=[unknown] db=[unknown] app=[unknown] client=[local] LOG:  connection received: host=[local]
2026-01-05 14:31:38.064 GMT [9852] user=[unknown] db=[unknown] app=[unknown] client=[local] LOG:  connection received: host=[local]
2026-01-05 14:31:49.539 GMT [9860] user=[unknown] db=[unknown] app=[unknown] client=[local] LOG:  connection received: host=[local]
2026-01-05 14:31:59.634 GMT [9867] user=[unknown] db=[unknown] app=[unknown] client=[local] LOG:  connection received: host=[local]
2026-01-05 14:32:09.762 GMT [9875] user=[unknown] db=[unknown] app=[unknown] client=[local] LOG:  connection received: host=[local]
2026-01-05 14:32:21.481 GMT [9883] user=[unknown] db=[unknown] app=[unknown] client=[local] LOG:  connection received: host=[local]
2026-01-05 14:32:31.636 GMT [9891] user=[unknown] db=[unknown] app=[unknown] client=[local] LOG:  connection received: host=[local]
2026-01-05 14:32:41.753 GMT [9898] user=[unknown] db=[unknown] app=[unknown] client=[local] LOG:  connection received: host=[local]
2026-01-05 14:32:53.336 GMT [9906] user=[unknown] db=[unknown] app=[unknown] client=[local] LOG:  connection received: host=[local]
2026-01-05 14:33:03.460 GMT [9913] user=[unknown] db=[unknown] app=[unknown] client=[local] LOG:  connection received: host=[local]
2026-01-05 14:33:13.569 GMT [9921] user=[unknown] db=[unknown] app=[unknown] client=[local] LOG:  connection received: host=[local]
2026-01-05 14:33:25.121 GMT [9928] user=[unknown] db=[unknown] app=[unknown] client=[local] LOG:  connection received: host=[local]
2026-01-05 14:33:35.234 GMT [9936] user=[unknown] db=[unknown] app=[unknown] client=[local] LOG:  connection received: host=[local]
2026-01-05 14:33:45.382 GMT [9944] user=[unknown] db=[unknown] app=[unknown] client=[local] LOG:  connection received: host=[local]
2026-01-05 14:33:56.947 GMT [9951] user=[unknown] db=[unknown] app=[unknown] client=[local] LOG:  connection received: host=[local]
2026-01-05 14:34:07.056 GMT [9961] user=[unknown] db=[unknown] app=[unknown] client=[local] LOG:  connection received: host=[local]
2026-01-05 14:34:17.174 GMT [9969] user=[unknown] db=[unknown] app=[unknown] client=[local] LOG:  connection received: host=[local]
2026-01-05 14:34:28.692 GMT [9977] user=[unknown] db=[unknown] app=[unknown] client=[local] LOG:  connection received: host=[local]
2026-01-05 14:34:38.818 GMT [9984] user=[unknown] db=[unknown] app=[unknown] client=[local] LOG:  connection received: host=[local]
2026-01-05 14:34:48.945 GMT [9993] user=[unknown] db=[unknown] app=[unknown] client=[local] LOG:  connection received: host=[local]
2026-01-05 14:35:00.460 GMT [10000] user=[unknown] db=[unknown] app=[unknown] client=[local] LOG:  connection received: host=[local]
2026-01-05 14:35:10.564 GMT [10008] user=[unknown] db=[unknown] app=[unknown] client=[local] LOG:  connection received: host=[local]
2026-01-05 14:35:20.678 GMT [10015] user=[unknown] db=[unknown] app=[unknown] client=[local] LOG:  connection received: host=[local]
2026-01-05 14:35:32.171 GMT [10023] user=[unknown] db=[unknown] app=[unknown] client=[local] LOG:  connection received: host=[local]
2026-01-05 14:35:42.278 GMT [10030] user=[unknown] db=[unknown] app=[unknown] client=[local] LOG:  connection received: host=[local]
2026-01-05 14:35:52.392 GMT [10038] user=[unknown] db=[unknown] app=[unknown] client=[local] LOG:  connection received: host=[local]
2026-01-05 14:36:03.896 GMT [10045] user=[unknown] db=[unknown] app=[unknown] client=[local] LOG:  connection received: host=[local]
2026-01-05 14:36:14.049 GMT [10054] user=[unknown] db=[unknown] app=[unknown] client=[local] LOG:  connection received: host=[local]
2026-01-05 14:36:24.170 GMT [10061] user=[unknown] db=[unknown] app=[unknown] client=[local] LOG:  connection received: host=[local]
2026-01-05 14:36:35.650 GMT [10069] user=[unknown] db=[unknown] app=[unknown] client=[local] LOG:  connection received: host=[local]
2026-01-05 14:36:45.773 GMT [10077] user=[unknown] db=[unknown] app=[unknown] client=[local] LOG:  connection received: host=[local]
2026-01-05 14:36:55.870 GMT [10084] user=[unknown] db=[unknown] app=[unknown] client=[local] LOG:  connection received: host=[local]
2026-01-05 14:37:07.278 GMT [10091] user=[unknown] db=[unknown] app=[unknown] client=[local] LOG:  connection received: host=[local]
2026-01-05 14:37:17.398 GMT [10100] user=[unknown] db=[unknown] app=[unknown] client=[local] LOG:  connection received: host=[local]
2026-01-05 14:37:27.534 GMT [10107] user=[unknown] db=[unknown] app=[unknown] client=[local] LOG:  connection received: host=[local]
2026-01-05 14:37:38.998 GMT [10115] user=[unknown] db=[unknown] app=[unknown] client=[local] LOG:  connection received: host=[local]
2026-01-05 14:37:49.147 GMT [10123] user=[unknown] db=[unknown] app=[unknown] client=[local] LOG:  connection received: host=[local]
2026-01-05 14:38:00.636 GMT [10130] user=[unknown] db=[unknown] app=[unknown] client=[local] LOG:  connection received: host=[local]
2026-01-05 14:38:10.747 GMT [10138] user=[unknown] db=[unknown] app=[unknown] client=[local] LOG:  connection received: host=[local]
2026-01-05 14:38:20.874 GMT [10146] user=[unknown] db=[unknown] app=[unknown] client=[local] LOG:  connection received: host=[local]
2026-01-05 14:38:32.338 GMT [10153] user=[unknown] db=[unknown] app=[unknown] client=[local] LOG:  connection received: host=[local]
2026-01-05 14:38:42.461 GMT [10160] user=[unknown] db=[unknown] app=[unknown] client=[local] LOG:  connection received: host=[local]
2026-01-05 14:38:52.579 GMT [10168] user=[unknown] db=[unknown] app=[unknown] client=[local] LOG:  connection received: host=[local]
2026-01-05 14:39:04.106 GMT [10176] user=[unknown] db=[unknown] app=[unknown] client=[local] LOG:  connection received: host=[local]
2026-01-05 14:39:14.243 GMT [10185] user=[unknown] db=[unknown] app=[unknown] client=[local] LOG:  connection received: host=[local]
2026-01-05 14:39:24.345 GMT [10192] user=[unknown] db=[unknown] app=[unknown] client=[local] LOG:  connection received: host=[local]
2026-01-05 14:39:35.803 GMT [10200] user=[unknown] db=[unknown] app=[unknown] client=[local] LOG:  connection received: host=[local]
2026-01-05 14:39:45.919 GMT [10208] user=[unknown] db=[unknown] app=[unknown] client=[local] LOG:  connection received: host=[local]
2026-01-05 14:39:56.036 GMT [10215] user=[unknown] db=[unknown] app=[unknown] client=[local] LOG:  connection received: host=[local]
2026-01-05 14:40:07.381 GMT [10222] user=[unknown] db=[unknown] app=[unknown] client=[local] LOG:  connection received: host=[local]
2026-01-05 14:40:17.468 GMT [10230] user=[unknown] db=[unknown] app=[unknown] client=[local] LOG:  connection received: host=[local]
2026-01-05 14:40:27.591 GMT [10237] user=[unknown] db=[unknown] app=[unknown] client=[local] LOG:  connection received: host=[local]
2026-01-05 14:40:39.092 GMT [10245] user=[unknown] db=[unknown] app=[unknown] client=[local] LOG:  connection received: host=[local]
2026-01-05 14:40:49.219 GMT [10253] user=[unknown] db=[unknown] app=[unknown] client=[local] LOG:  connection received: host=[local]
2026-01-05 14:40:59.310 GMT [10260] user=[unknown] db=[unknown] app=[unknown] client=[local] LOG:  connection received: host=[local]
2026-01-05 14:41:10.679 GMT [10268] user=[unknown] db=[unknown] app=[unknown] client=[local] LOG:  connection received: host=[local]
2026-01-05 14:41:20.814 GMT [10276] user=[unknown] db=[unknown] app=[unknown] client=[local] LOG:  connection received: host=[local]
2026-01-05 14:41:31.000 GMT [10283] user=[unknown] db=[unknown] app=[unknown] client=[local] LOG:  connection received: host=[local]
2026-01-05 14:41:42.317 GMT [10292] user=[unknown] db=[unknown] app=[unknown] client=[local] LOG:  connection received: host=[local]
2026-01-05 14:41:52.433 GMT [10300] user=[unknown] db=[unknown] app=[unknown] client=[local] LOG:  connection received: host=[local]
2026-01-05 14:42:02.537 GMT [10308] user=[unknown] db=[unknown] app=[unknown] client=[local] LOG:  connection received: host=[local]
2026-01-05 14:42:14.013 GMT [10315] user=[unknown] db=[unknown] app=[unknown] client=[local] LOG:  connection received: host=[local]
2026-01-05 14:42:24.132 GMT [10323] user=[unknown] db=[unknown] app=[unknown] client=[local] LOG:  connection received: host=[local]
2026-01-05 14:42:34.254 GMT [10331] user=[unknown] db=[unknown] app=[unknown] client=[local] LOG:  connection received: host=[local]
2026-01-05 14:42:45.621 GMT [10338] user=[unknown] db=[unknown] app=[unknown] client=[local] LOG:  connection received: host=[local]
2026-01-05 14:42:55.737 GMT [10346] user=[unknown] db=[unknown] app=[unknown] client=[local] LOG:  connection received: host=[local]
2026-01-05 14:43:05.849 GMT [10353] user=[unknown] db=[unknown] app=[unknown] client=[local] LOG:  connection received: host=[local]
2026-01-05 14:43:17.308 GMT [10360] user=[unknown] db=[unknown] app=[unknown] client=[local] LOG:  connection received: host=[local]
2026-01-05 14:43:27.437 GMT [10368] user=[unknown] db=[unknown] app=[unknown] client=[local] LOG:  connection received: host=[local]
2026-01-05 14:43:37.546 GMT [10376] user=[unknown] db=[unknown] app=[unknown] client=[local] LOG:  connection received: host=[local]
2026-01-05 14:43:48.727 GMT [10383] user=[unknown] db=[unknown] app=[unknown] client=[local] LOG:  connection received: host=[local]
2026-01-05 14:43:58.916 GMT [10391] user=[unknown] db=[unknown] app=[unknown] client=[local] LOG:  connection received: host=[local]
2026-01-05 14:44:09.036 GMT [10398] user=[unknown] db=[unknown] app=[unknown] client=[local] LOG:  connection received: host=[local]
2026-01-05 14:44:20.417 GMT [10406] user=[unknown] db=[unknown] app=[unknown] client=[local] LOG:  connection received: host=[local]
2026-01-05 14:44:30.532 GMT [10413] user=[unknown] db=[unknown] app=[unknown] client=[local] LOG:  connection received: host=[local]
2026-01-05 14:44:40.650 GMT [10421] user=[unknown] db=[unknown] app=[unknown] client=[local] LOG:  connection received: host=[local]
2026-01-05 14:44:51.961 GMT [10429] user=[unknown] db=[unknown] app=[unknown] client=[local] LOG:  connection received: host=[local]
2026-01-05 14:45:02.075 GMT [10437] user=[unknown] db=[unknown] app=[unknown] client=[local] LOG:  connection received: host=[local]
2026-01-05 14:45:12.235 GMT [10444] user=[unknown] db=[unknown] app=[unknown] client=[local] LOG:  connection received: host=[local]
2026-01-05 14:45:23.575 GMT [10452] user=[unknown] db=[unknown] app=[unknown] client=[local] LOG:  connection received: host=[local]
2026-01-05 14:45:33.746 GMT [10460] user=[unknown] db=[unknown] app=[unknown] client=[local] LOG:  connection received: host=[local]
2026-01-05 14:45:43.854 GMT [10467] user=[unknown] db=[unknown] app=[unknown] client=[local] LOG:  connection received: host=[local]
2026-01-05 14:45:55.060 GMT [10475] user=[unknown] db=[unknown] app=[unknown] client=[local] LOG:  connection received: host=[local]
2026-01-05 14:46:05.170 GMT [10482] user=[unknown] db=[unknown] app=[unknown] client=[local] LOG:  connection received: host=[local]
2026-01-05 14:46:15.348 GMT [10489] user=[unknown] db=[unknown] app=[unknown] client=[local] LOG:  connection received: host=[local]
2026-01-05 14:46:26.578 GMT [10497] user=[unknown] db=[unknown] app=[unknown] client=[local] LOG:  connection received: host=[local]
2026-01-05 14:46:36.684 GMT [10505] user=[unknown] db=[unknown] app=[unknown] client=[local] LOG:  connection received: host=[local]
2026-01-05 14:46:46.824 GMT [10512] user=[unknown] db=[unknown] app=[unknown] client=[local] LOG:  connection received: host=[local]
2026-01-05 14:46:57.587 GMT [10520] user=[unknown] db=[unknown] app=[unknown] client=[local] LOG:  connection received: host=[local]
2026-01-05 14:47:07.708 GMT [10527] user=[unknown] db=[unknown] app=[unknown] client=[local] LOG:  connection received: host=[local]
2026-01-05 14:47:17.824 GMT [10534] user=[unknown] db=[unknown] app=[unknown] client=[local] LOG:  connection received: host=[local]
2026-01-05 14:47:28.856 GMT [10542] user=[unknown] db=[unknown] app=[unknown] client=[local] LOG:  connection received: host=[local]
2026-01-05 14:47:38.984 GMT [10550] user=[unknown] db=[unknown] app=[unknown] client=[local] LOG:  connection received: host=[local]
2026-01-05 14:47:49.105 GMT [10557] user=[unknown] db=[unknown] app=[unknown] client=[local] LOG:  connection received: host=[local]
2026-01-05 14:48:00.382 GMT [10565] user=[unknown] db=[unknown] app=[unknown] client=[local] LOG:  connection received: host=[local]
2026-01-05 14:48:10.511 GMT [10572] user=[unknown] db=[unknown] app=[unknown] client=[local] LOG:  connection received: host=[local]
2026-01-05 14:48:20.620 GMT [10579] user=[unknown] db=[unknown] app=[unknown] client=[local] LOG:  connection received: host=[local]
2026-01-05 14:48:31.731 GMT [10587] user=[unknown] db=[unknown] app=[unknown] client=[local] LOG:  connection received: host=[local]
2026-01-05 14:48:41.851 GMT [10595] user=[unknown] db=[unknown] app=[unknown] client=[local] LOG:  connection received: host=[local]
2026-01-05 14:48:51.986 GMT [10602] user=[unknown] db=[unknown] app=[unknown] client=[local] LOG:  connection received: host=[local]
2026-01-05 14:49:03.072 GMT [10610] user=[unknown] db=[unknown] app=[unknown] client=[local] LOG:  connection received: host=[local]
2026-01-05 14:49:13.209 GMT [10618] user=[unknown] db=[unknown] app=[unknown] client=[local] LOG:  connection received: host=[local]
2026-01-05 14:49:23.317 GMT [10627] user=[unknown] db=[unknown] app=[unknown] client=[local] LOG:  connection received: host=[local]
2026-01-05 14:49:34.448 GMT [10634] user=[unknown] db=[unknown] app=[unknown] client=[local] LOG:  connection received: host=[local]
2026-01-05 14:49:44.553 GMT [10643] user=[unknown] db=[unknown] app=[unknown] client=[local] LOG:  connection received: host=[local]
2026-01-05 14:49:54.666 GMT [10650] user=[unknown] db=[unknown] app=[unknown] client=[local] LOG:  connection received: host=[local]
2026-01-05 14:50:05.333 GMT [10659] user=[unknown] db=[unknown] app=[unknown] client=[local] LOG:  connection received: host=[local]
2026-01-05 14:50:15.442 GMT [10666] user=[unknown] db=[unknown] app=[unknown] client=[local] LOG:  connection received: host=[local]
2026-01-05 14:50:25.573 GMT [10675] user=[unknown] db=[unknown] app=[unknown] client=[local] LOG:  connection received: host=[local]
2026-01-05 14:50:36.165 GMT [10683] user=[unknown] db=[unknown] app=[unknown] client=[local] LOG:  connection received: host=[local]
2026-01-05 14:50:46.310 GMT [10690] user=[unknown] db=[unknown] app=[unknown] client=[local] LOG:  connection received: host=[local]
2026-01-05 14:50:56.424 GMT [10699] user=[unknown] db=[unknown] app=[unknown] client=[local] LOG:  connection received: host=[local]
2026-01-05 14:51:07.475 GMT [10706] user=[unknown] db=[unknown] app=[unknown] client=[local] LOG:  connection received: host=[local]
2026-01-05 14:51:17.597 GMT [10713] user=[unknown] db=[unknown] app=[unknown] client=[local] LOG:  connection received: host=[local]
2026-01-05 14:51:28.580 GMT [10721] user=[unknown] db=[unknown] app=[unknown] client=[local] LOG:  connection received: host=[local]
2026-01-05 14:51:38.689 GMT [10729] user=[unknown] db=[unknown] app=[unknown] client=[local] LOG:  connection received: host=[local]
2026-01-05 14:51:48.823 GMT [10737] user=[unknown] db=[unknown] app=[unknown] client=[local] LOG:  connection received: host=[local]
2026-01-05 14:51:59.941 GMT [10745] user=[unknown] db=[unknown] app=[unknown] client=[local] LOG:  connection received: host=[local]
2026-01-05 14:52:10.076 GMT [10752] user=[unknown] db=[unknown] app=[unknown] client=[local] LOG:  connection received: host=[local]
2026-01-05 14:52:20.188 GMT [10759] user=[unknown] db=[unknown] app=[unknown] client=[local] LOG:  connection received: host=[local]
2026-01-05 14:52:30.788 GMT [10767] user=[unknown] db=[unknown] app=[unknown] client=[local] LOG:  connection received: host=[local]
2026-01-05 14:52:40.883 GMT [10775] user=[unknown] db=[unknown] app=[unknown] client=[local] LOG:  connection received: host=[local]
2026-01-05 14:52:51.007 GMT [10783] user=[unknown] db=[unknown] app=[unknown] client=[local] LOG:  connection received: host=[local]
2026-01-05 14:53:01.777 GMT [10791] user=[unknown] db=[unknown] app=[unknown] client=[local] LOG:  connection received: host=[local]
2026-01-05 14:53:11.897 GMT [10798] user=[unknown] db=[unknown] app=[unknown] client=[local] LOG:  connection received: host=[local]
2026-01-05 14:53:22.024 GMT [10805] user=[unknown] db=[unknown] app=[unknown] client=[local] LOG:  connection received: host=[local]
2026-01-05 14:53:32.466 GMT [10814] user=[unknown] db=[unknown] app=[unknown] client=[local] LOG:  connection received: host=[local]
2026-01-05 14:53:42.589 GMT [10822] user=[unknown] db=[unknown] app=[unknown] client=[local] LOG:  connection received: host=[local]
2026-01-05 14:53:52.699 GMT [10829] user=[unknown] db=[unknown] app=[unknown] client=[local] LOG:  connection received: host=[local]
2026-01-05 14:54:03.179 GMT [10837] user=[unknown] db=[unknown] app=[unknown] client=[local] LOG:  connection received: host=[local]
2026-01-05 14:54:13.297 GMT [10844] user=[unknown] db=[unknown] app=[unknown] client=[local] LOG:  connection received: host=[local]
2026-01-05 14:54:23.478 GMT [10851] user=[unknown] db=[unknown] app=[unknown] client=[local] LOG:  connection received: host=[local]
2026-01-05 14:54:33.958 GMT [10860] user=[unknown] db=[unknown] app=[unknown] client=[local] LOG:  connection received: host=[local]
2026-01-05 14:54:44.060 GMT [10868] user=[unknown] db=[unknown] app=[unknown] client=[local] LOG:  connection received: host=[local]
2026-01-05 14:54:54.179 GMT [10875] user=[unknown] db=[unknown] app=[unknown] client=[local] LOG:  connection received: host=[local]
2026-01-05 14:55:04.730 GMT [10884] user=[unknown] db=[unknown] app=[unknown] client=[local] LOG:  connection received: host=[local]
2026-01-05 14:55:14.882 GMT [10891] user=[unknown] db=[unknown] app=[unknown] client=[local] LOG:  connection received: host=[local]
2026-01-05 14:55:24.984 GMT [10898] user=[unknown] db=[unknown] app=[unknown] client=[local] LOG:  connection received: host=[local]
2026-01-05 14:55:35.480 GMT [10906] user=[unknown] db=[unknown] app=[unknown] client=[local] LOG:  connection received: host=[local]
2026-01-05 14:55:45.654 GMT [10914] user=[unknown] db=[unknown] app=[unknown] client=[local] LOG:  connection received: host=[local]
2026-01-05 14:55:55.764 GMT [10921] user=[unknown] db=[unknown] app=[unknown] client=[local] LOG:  connection received: host=[local]
2026-01-05 14:56:06.338 GMT [10930] user=[unknown] db=[unknown] app=[unknown] client=[local] LOG:  connection received: host=[local]
2026-01-05 14:56:16.491 GMT [10937] user=[unknown] db=[unknown] app=[unknown] client=[local] LOG:  connection received: host=[local]
2026-01-05 14:56:26.653 GMT [10945] user=[unknown] db=[unknown] app=[unknown] client=[local] LOG:  connection received: host=[local]
2026-01-05 14:56:37.151 GMT [10952] user=[unknown] db=[unknown] app=[unknown] client=[local] LOG:  connection received: host=[local]
2026-01-05 14:56:47.267 GMT [10960] user=[unknown] db=[unknown] app=[unknown] client=[local] LOG:  connection received: host=[local]
2026-01-05 14:56:57.373 GMT [10968] user=[unknown] db=[unknown] app=[unknown] client=[local] LOG:  connection received: host=[local]
2026-01-05 14:57:07.936 GMT [10975] user=[unknown] db=[unknown] app=[unknown] client=[local] LOG:  connection received: host=[local]
2026-01-05 14:57:18.053 GMT [10982] user=[unknown] db=[unknown] app=[unknown] client=[local] LOG:  connection received: host=[local]
2026-01-05 14:57:28.191 GMT [10990] user=[unknown] db=[unknown] app=[unknown] client=[local] LOG:  connection received: host=[local]
2026-01-05 14:57:38.695 GMT [10999] user=[unknown] db=[unknown] app=[unknown] client=[local] LOG:  connection received: host=[local]
2026-01-05 14:57:48.802 GMT [11006] user=[unknown] db=[unknown] app=[unknown] client=[local] LOG:  connection received: host=[local]
2026-01-05 14:57:58.904 GMT [11014] user=[unknown] db=[unknown] app=[unknown] client=[local] LOG:  connection received: host=[local]
2026-01-05 14:58:09.567 GMT [11021] user=[unknown] db=[unknown] app=[unknown] client=[local] LOG:  connection received: host=[local]
2026-01-05 14:58:19.656 GMT [11029] user=[unknown] db=[unknown] app=[unknown] client=[local] LOG:  connection received: host=[local]
2026-01-05 14:58:29.769 GMT [11037] user=[unknown] db=[unknown] app=[unknown] client=[local] LOG:  connection received: host=[local]
2026-01-05 14:58:40.313 GMT [11045] user=[unknown] db=[unknown] app=[unknown] client=[local] LOG:  connection received: host=[local]
2026-01-05 14:58:50.434 GMT [11053] user=[unknown] db=[unknown] app=[unknown] client=[local] LOG:  connection received: host=[local]
2026-01-05 14:59:00.600 GMT [11062] user=[unknown] db=[unknown] app=[unknown] client=[local] LOG:  connection received: host=[local]
2026-01-05 14:59:11.171 GMT [11069] user=[unknown] db=[unknown] app=[unknown] client=[local] LOG:  connection received: host=[local]
2026-01-05 14:59:21.308 GMT [11076] user=[unknown] db=[unknown] app=[unknown] client=[local] LOG:  connection received: host=[local]
2026-01-05 14:59:31.441 GMT [11084] user=[unknown] db=[unknown] app=[unknown] client=[local] LOG:  connection received: host=[local]
2026-01-05 14:59:41.924 GMT [11092] user=[unknown] db=[unknown] app=[unknown] client=[local] LOG:  connection received: host=[local]
2026-01-05 14:59:52.048 GMT [11099] user=[unknown] db=[unknown] app=[unknown] client=[local] LOG:  connection received: host=[local]
2026-01-05 15:00:02.153 GMT [11107] user=[unknown] db=[unknown] app=[unknown] client=[local] LOG:  connection received: host=[local]
2026-01-05 15:00:12.762 GMT [11114] user=[unknown] db=[unknown] app=[unknown] client=[local] LOG:  connection received: host=[local]
2026-01-05 15:00:22.910 GMT [11121] user=[unknown] db=[unknown] app=[unknown] client=[local] LOG:  connection received: host=[local]
2026-01-05 15:00:33.038 GMT [11129] user=[unknown] db=[unknown] app=[unknown] client=[local] LOG:  connection received: host=[local]
2026-01-05 15:00:43.537 GMT [11138] user=[unknown] db=[unknown] app=[unknown] client=[local] LOG:  connection received: host=[local]
2026-01-05 15:00:53.747 GMT [11145] user=[unknown] db=[unknown] app=[unknown] client=[local] LOG:  connection received: host=[local]
2026-01-05 15:01:03.866 GMT [11154] user=[unknown] db=[unknown] app=[unknown] client=[local] LOG:  connection received: host=[local]
2026-01-05 15:01:14.406 GMT [11161] user=[unknown] db=[unknown] app=[unknown] client=[local] LOG:  connection received: host=[local]
2026-01-05 15:01:24.519 GMT [11169] user=[unknown] db=[unknown] app=[unknown] client=[local] LOG:  connection received: host=[local]
2026-01-05 15:01:34.645 GMT [11177] user=[unknown] db=[unknown] app=[unknown] client=[local] LOG:  connection received: host=[local]
2026-01-05 15:01:45.122 GMT [11186] user=[unknown] db=[unknown] app=[unknown] client=[local] LOG:  connection received: host=[local]
2026-01-05 15:01:55.222 GMT [11193] user=[unknown] db=[unknown] app=[unknown] client=[local] LOG:  connection received: host=[local]
2026-01-05 15:02:05.350 GMT [11201] user=[unknown] db=[unknown] app=[unknown] client=[local] LOG:  connection received: host=[local]
2026-01-05 15:02:16.103 GMT [11208] user=[unknown] db=[unknown] app=[unknown] client=[local] LOG:  connection received: host=[local]
2026-01-05 15:02:26.255 GMT [11215] user=[unknown] db=[unknown] app=[unknown] client=[local] LOG:  connection received: host=[local]
2026-01-05 15:02:36.445 GMT [11223] user=[unknown] db=[unknown] app=[unknown] client=[local] LOG:  connection received: host=[local]
2026-01-05 15:02:46.963 GMT [11232] user=[unknown] db=[unknown] app=[unknown] client=[local] LOG:  connection received: host=[local]
2026-01-05 15:02:57.083 GMT [11240] user=[unknown] db=[unknown] app=[unknown] client=[local] LOG:  connection received: host=[local]
2026-01-05 15:03:07.611 GMT [11247] user=[unknown] db=[unknown] app=[unknown] client=[local] LOG:  connection received: host=[local]
2026-01-05 15:03:17.823 GMT [11254] user=[unknown] db=[unknown] app=[unknown] client=[local] LOG:  connection received: host=[local]
2026-01-05 15:03:28.013 GMT [11261] user=[unknown] db=[unknown] app=[unknown] client=[local] LOG:  connection received: host=[local]
2026-01-05 15:03:38.455 GMT [11269] user=[unknown] db=[unknown] app=[unknown] client=[local] LOG:  connection received: host=[local]
2026-01-05 15:03:48.567 GMT [11277] user=[unknown] db=[unknown] app=[unknown] client=[local] LOG:  connection received: host=[local]
2026-01-05 15:03:58.711 GMT [11285] user=[unknown] db=[unknown] app=[unknown] client=[local] LOG:  connection received: host=[local]
2026-01-05 15:04:09.196 GMT [11292] user=[unknown] db=[unknown] app=[unknown] client=[local] LOG:  connection received: host=[local]
2026-01-05 15:04:19.344 GMT [11299] user=[unknown] db=[unknown] app=[unknown] client=[local] LOG:  connection received: host=[local]
2026-01-05 15:04:29.460 GMT [11307] user=[unknown] db=[unknown] app=[unknown] client=[local] LOG:  connection received: host=[local]
2026-01-05 15:04:39.935 GMT [11314] user=[unknown] db=[unknown] app=[unknown] client=[local] LOG:  connection received: host=[local]
2026-01-05 15:04:50.095 GMT [11323] user=[unknown] db=[unknown] app=[unknown] client=[local] LOG:  connection received: host=[local]
2026-01-05 15:05:00.217 GMT [11331] user=[unknown] db=[unknown] app=[unknown] client=[local] LOG:  connection received: host=[local]
2026-01-05 15:05:10.746 GMT [11338] user=[unknown] db=[unknown] app=[unknown] client=[local] LOG:  connection received: host=[local]
2026-01-05 15:05:20.885 GMT [11345] user=[unknown] db=[unknown] app=[unknown] client=[local] LOG:  connection received: host=[local]
2026-01-05 15:05:30.999 GMT [11353] user=[unknown] db=[unknown] app=[unknown] client=[local] LOG:  connection received: host=[local]
2026-01-05 15:05:41.377 GMT [11362] user=[unknown] db=[unknown] app=[unknown] client=[local] LOG:  connection received: host=[local]
2026-01-05 15:05:51.487 GMT [11369] user=[unknown] db=[unknown] app=[unknown] client=[local] LOG:  connection received: host=[local]
2026-01-05 15:06:01.623 GMT [11377] user=[unknown] db=[unknown] app=[unknown] client=[local] LOG:  connection received: host=[local]
2026-01-05 15:06:12.203 GMT [11384] user=[unknown] db=[unknown] app=[unknown] client=[local] LOG:  connection received: host=[local]
2026-01-05 15:06:22.324 GMT [11391] user=[unknown] db=[unknown] app=[unknown] client=[local] LOG:  connection received: host=[local]
2026-01-05 15:06:32.469 GMT [11399] user=[unknown] db=[unknown] app=[unknown] client=[local] LOG:  connection received: host=[local]
2026-01-05 15:06:42.915 GMT [11407] user=[unknown] db=[unknown] app=[unknown] client=[local] LOG:  connection received: host=[local]
2026-01-05 15:06:53.027 GMT [11414] user=[unknown] db=[unknown] app=[unknown] client=[local] LOG:  connection received: host=[local]
2026-01-05 15:07:03.149 GMT [11422] user=[unknown] db=[unknown] app=[unknown] client=[local] LOG:  connection received: host=[local]
2026-01-05 15:07:13.625 GMT [11429] user=[unknown] db=[unknown] app=[unknown] client=[local] LOG:  connection received: host=[local]
2026-01-05 15:07:23.740 GMT [11436] user=[unknown] db=[unknown] app=[unknown] client=[local] LOG:  connection received: host=[local]
2026-01-05 15:07:33.907 GMT [11444] user=[unknown] db=[unknown] app=[unknown] client=[local] LOG:  connection received: host=[local]
2026-01-05 15:07:44.293 GMT [11452] user=[unknown] db=[unknown] app=[unknown] client=[local] LOG:  connection received: host=[local]
2026-01-05 15:07:54.430 GMT [11459] user=[unknown] db=[unknown] app=[unknown] client=[local] LOG:  connection received: host=[local]
2026-01-05 15:08:04.533 GMT [11467] user=[unknown] db=[unknown] app=[unknown] client=[local] LOG:  connection received: host=[local]
2026-01-05 15:08:15.002 GMT [11474] user=[unknown] db=[unknown] app=[unknown] client=[local] LOG:  connection received: host=[local]
2026-01-05 15:08:25.163 GMT [11481] user=[unknown] db=[unknown] app=[unknown] client=[local] LOG:  connection received: host=[local]
2026-01-05 15:08:35.280 GMT [11489] user=[unknown] db=[unknown] app=[unknown] client=[local] LOG:  connection received: host=[local]
2026-01-05 15:08:45.743 GMT [11498] user=[unknown] db=[unknown] app=[unknown] client=[local] LOG:  connection received: host=[local]
2026-01-05 15:08:55.860 GMT [11505] user=[unknown] db=[unknown] app=[unknown] client=[local] LOG:  connection received: host=[local]
2026-01-05 15:09:05.978 GMT [11514] user=[unknown] db=[unknown] app=[unknown] client=[local] LOG:  connection received: host=[local]
2026-01-05 15:09:16.501 GMT [11521] user=[unknown] db=[unknown] app=[unknown] client=[local] LOG:  connection received: host=[local]
2026-01-05 15:09:26.631 GMT [11528] user=[unknown] db=[unknown] app=[unknown] client=[local] LOG:  connection received: host=[local]
2026-01-05 15:09:36.746 GMT [11536] user=[unknown] db=[unknown] app=[unknown] client=[local] LOG:  connection received: host=[local]
2026-01-05 15:09:47.131 GMT [11544] user=[unknown] db=[unknown] app=[unknown] client=[local] LOG:  connection received: host=[local]
2026-01-05 15:09:57.261 GMT [11552] user=[unknown] db=[unknown] app=[unknown] client=[local] LOG:  connection received: host=[local]
2026-01-05 15:10:07.442 GMT [11559] user=[unknown] db=[unknown] app=[unknown] client=[local] LOG:  connection received: host=[local]
2026-01-05 15:10:17.925 GMT [11566] user=[unknown] db=[unknown] app=[unknown] client=[local] LOG:  connection received: host=[local]
2026-01-05 15:10:28.045 GMT [11573] user=[unknown] db=[unknown] app=[unknown] client=[local] LOG:  connection received: host=[local]
2026-01-05 15:10:38.170 GMT [11581] user=[unknown] db=[unknown] app=[unknown] client=[local] LOG:  connection received: host=[local]
2026-01-05 15:10:48.561 GMT [11590] user=[unknown] db=[unknown] app=[unknown] client=[local] LOG:  connection received: host=[local]
2026-01-05 15:10:58.706 GMT [11598] user=[unknown] db=[unknown] app=[unknown] client=[local] LOG:  connection received: host=[local]
2026-01-05 15:11:08.835 GMT [11605] user=[unknown] db=[unknown] app=[unknown] client=[local] LOG:  connection received: host=[local]
2026-01-05 15:11:19.328 GMT [11612] user=[unknown] db=[unknown] app=[unknown] client=[local] LOG:  connection received: host=[local]
2026-01-05 15:11:29.500 GMT [11619] user=[unknown] db=[unknown] app=[unknown] client=[local] LOG:  connection received: host=[local]
2026-01-05 15:11:39.615 GMT [11627] user=[unknown] db=[unknown] app=[unknown] client=[local] LOG:  connection received: host=[local]
2026-01-05 15:11:50.023 GMT [11635] user=[unknown] db=[unknown] app=[unknown] client=[local] LOG:  connection received: host=[local]
2026-01-05 15:12:00.116 GMT [11643] user=[unknown] db=[unknown] app=[unknown] client=[local] LOG:  connection received: host=[local]
2026-01-05 15:12:10.241 GMT [11650] user=[unknown] db=[unknown] app=[unknown] client=[local] LOG:  connection received: host=[local]
2026-01-05 15:12:20.836 GMT [11657] user=[unknown] db=[unknown] app=[unknown] client=[local] LOG:  connection received: host=[local]
2026-01-05 15:12:30.945 GMT [11664] user=[unknown] db=[unknown] app=[unknown] client=[local] LOG:  connection received: host=[local]
2026-01-05 15:12:41.058 GMT [11672] user=[unknown] db=[unknown] app=[unknown] client=[local] LOG:  connection received: host=[local]
2026-01-05 15:12:51.484 GMT [11680] user=[unknown] db=[unknown] app=[unknown] client=[local] LOG:  connection received: host=[local]
2026-01-05 15:13:01.597 GMT [11688] user=[unknown] db=[unknown] app=[unknown] client=[local] LOG:  connection received: host=[local]
2026-01-05 15:13:11.711 GMT [11695] user=[unknown] db=[unknown] app=[unknown] client=[local] LOG:  connection received: host=[local]
2026-01-05 15:13:22.215 GMT [11702] user=[unknown] db=[unknown] app=[unknown] client=[local] LOG:  connection received: host=[local]
2026-01-05 15:13:32.322 GMT [11710] user=[unknown] db=[unknown] app=[unknown] client=[local] LOG:  connection received: host=[local]
2026-01-05 15:13:42.469 GMT [11717] user=[unknown] db=[unknown] app=[unknown] client=[local] LOG:  connection received: host=[local]
2026-01-05 15:13:52.885 GMT [11725] user=[unknown] db=[unknown] app=[unknown] client=[local] LOG:  connection received: host=[local]
2026-01-05 15:14:03.017 GMT [11733] user=[unknown] db=[unknown] app=[unknown] client=[local] LOG:  connection received: host=[local]
2026-01-05 15:14:13.123 GMT [11740] user=[unknown] db=[unknown] app=[unknown] client=[local] LOG:  connection received: host=[local]
2026-01-05 15:14:23.560 GMT [11747] user=[unknown] db=[unknown] app=[unknown] client=[local] LOG:  connection received: host=[local]
2026-01-05 15:14:33.754 GMT [11755] user=[unknown] db=[unknown] app=[unknown] client=[local] LOG:  connection received: host=[local]
2026-01-05 15:14:43.858 GMT [11763] user=[unknown] db=[unknown] app=[unknown] client=[local] LOG:  connection received: host=[local]
2026-01-05 15:14:54.296 GMT [11770] user=[unknown] db=[unknown] app=[unknown] client=[local] LOG:  connection received: host=[local]
2026-01-05 15:15:04.428 GMT [11779] user=[unknown] db=[unknown] app=[unknown] client=[local] LOG:  connection received: host=[local]
2026-01-05 15:15:14.778 GMT [11786] user=[unknown] db=[unknown] app=[unknown] client=[local] LOG:  connection received: host=[local]
2026-01-05 15:15:24.919 GMT [11793] user=[unknown] db=[unknown] app=[unknown] client=[local] LOG:  connection received: host=[local]
2026-01-05 15:15:35.029 GMT [11801] user=[unknown] db=[unknown] app=[unknown] client=[local] LOG:  connection received: host=[local]
2026-01-05 15:15:45.429 GMT [11809] user=[unknown] db=[unknown] app=[unknown] client=[local] LOG:  connection received: host=[local]
2026-01-05 15:15:55.557 GMT [11816] user=[unknown] db=[unknown] app=[unknown] client=[local] LOG:  connection received: host=[local]
2026-01-05 15:16:05.665 GMT [11824] user=[unknown] db=[unknown] app=[unknown] client=[local] LOG:  connection received: host=[local]
2026-01-05 15:16:16.026 GMT [11831] user=[unknown] db=[unknown] app=[unknown] client=[local] LOG:  connection received: host=[local]
2026-01-05 15:16:26.143 GMT [11839] user=[unknown] db=[unknown] app=[unknown] client=[local] LOG:  connection received: host=[local]
2026-01-05 15:16:36.300 GMT [11847] user=[unknown] db=[unknown] app=[unknown] client=[local] LOG:  connection received: host=[local]
2026-01-05 15:16:46.695 GMT [11855] user=[unknown] db=[unknown] app=[unknown] client=[local] LOG:  connection received: host=[local]
2026-01-05 15:16:56.803 GMT [11862] user=[unknown] db=[unknown] app=[unknown] client=[local] LOG:  connection received: host=[local]
2026-01-05 15:17:06.915 GMT [11870] user=[unknown] db=[unknown] app=[unknown] client=[local] LOG:  connection received: host=[local]
2026-01-05 15:17:17.334 GMT [11877] user=[unknown] db=[unknown] app=[unknown] client=[local] LOG:  connection received: host=[local]
2026-01-05 15:17:27.443 GMT [11885] user=[unknown] db=[unknown] app=[unknown] client=[local] LOG:  connection received: host=[local]
2026-01-05 15:17:37.612 GMT [11893] user=[unknown] db=[unknown] app=[unknown] client=[local] LOG:  connection received: host=[local]
2026-01-05 15:17:48.004 GMT [11902] user=[unknown] db=[unknown] app=[unknown] client=[local] LOG:  connection received: host=[local]
2026-01-05 15:17:58.105 GMT [11910] user=[unknown] db=[unknown] app=[unknown] client=[local] LOG:  connection received: host=[local]
2026-01-05 15:18:08.243 GMT [11917] user=[unknown] db=[unknown] app=[unknown] client=[local] LOG:  connection received: host=[local]
2026-01-05 15:18:18.686 GMT [11924] user=[unknown] db=[unknown] app=[unknown] client=[local] LOG:  connection received: host=[local]
2026-01-05 15:18:28.821 GMT [11931] user=[unknown] db=[unknown] app=[unknown] client=[local] LOG:  connection received: host=[local]
2026-01-05 15:18:38.914 GMT [11939] user=[unknown] db=[unknown] app=[unknown] client=[local] LOG:  connection received: host=[local]
2026-01-05 15:18:49.245 GMT [11947] user=[unknown] db=[unknown] app=[unknown] client=[local] LOG:  connection received: host=[local]
2026-01-05 15:18:59.369 GMT [11955] user=[unknown] db=[unknown] app=[unknown] client=[local] LOG:  connection received: host=[local]
2026-01-05 15:19:09.474 GMT [11962] user=[unknown] db=[unknown] app=[unknown] client=[local] LOG:  connection received: host=[local]
2026-01-05 15:19:19.868 GMT [11969] user=[unknown] db=[unknown] app=[unknown] client=[local] LOG:  connection received: host=[local]
2026-01-05 15:19:30.025 GMT [11976] user=[unknown] db=[unknown] app=[unknown] client=[local] LOG:  connection received: host=[local]
2026-01-05 15:19:40.148 GMT [11984] user=[unknown] db=[unknown] app=[unknown] client=[local] LOG:  connection received: host=[local]
2026-01-05 15:19:50.480 GMT [11992] user=[unknown] db=[unknown] app=[unknown] client=[local] LOG:  connection received: host=[local]
2026-01-05 15:20:00.620 GMT [12000] user=[unknown] db=[unknown] app=[unknown] client=[local] LOG:  connection received: host=[local]
2026-01-05 15:20:10.736 GMT [12008] user=[unknown] db=[unknown] app=[unknown] client=[local] LOG:  connection received: host=[local]
2026-01-05 15:20:21.140 GMT [12015] user=[unknown] db=[unknown] app=[unknown] client=[local] LOG:  connection received: host=[local]
2026-01-05 15:20:31.292 GMT [12022] user=[unknown] db=[unknown] app=[unknown] client=[local] LOG:  connection received: host=[local]
2026-01-05 15:20:41.452 GMT [12030] user=[unknown] db=[unknown] app=[unknown] client=[local] LOG:  connection received: host=[local]
2026-01-05 15:20:51.762 GMT [12038] user=[unknown] db=[unknown] app=[unknown] client=[local] LOG:  connection received: host=[local]
2026-01-05 15:21:01.882 GMT [12046] user=[unknown] db=[unknown] app=[unknown] client=[local] LOG:  connection received: host=[local]
2026-01-05 15:21:12.009 GMT [12053] user=[unknown] db=[unknown] app=[unknown] client=[local] LOG:  connection received: host=[local]
2026-01-05 15:21:22.385 GMT [12060] user=[unknown] db=[unknown] app=[unknown] client=[local] LOG:  connection received: host=[local]
2026-01-05 15:21:32.549 GMT [12067] user=[unknown] db=[unknown] app=[unknown] client=[local] LOG:  connection received: host=[local]
2026-01-05 15:21:42.656 GMT [12075] user=[unknown] db=[unknown] app=[unknown] client=[local] LOG:  connection received: host=[local]
2026-01-05 15:21:53.005 GMT [12083] user=[unknown] db=[unknown] app=[unknown] client=[local] LOG:  connection received: host=[local]
2026-01-05 15:22:03.128 GMT [12091] user=[unknown] db=[unknown] app=[unknown] client=[local] LOG:  connection received: host=[local]
2026-01-05 15:22:13.257 GMT [12098] user=[unknown] db=[unknown] app=[unknown] client=[local] LOG:  connection received: host=[local]
2026-01-05 15:22:23.541 GMT [12106] user=[unknown] db=[unknown] app=[unknown] client=[local] LOG:  connection received: host=[local]
2026-01-05 15:22:33.637 GMT [12113] user=[unknown] db=[unknown] app=[unknown] client=[local] LOG:  connection received: host=[local]
2026-01-05 15:22:43.766 GMT [12122] user=[unknown] db=[unknown] app=[unknown] client=[local] LOG:  connection received: host=[local]
2026-01-05 15:22:54.067 GMT [12129] user=[unknown] db=[unknown] app=[unknown] client=[local] LOG:  connection received: host=[local]
2026-01-05 15:23:04.201 GMT [12137] user=[unknown] db=[unknown] app=[unknown] client=[local] LOG:  connection received: host=[local]
2026-01-05 15:23:14.327 GMT [12144] user=[unknown] db=[unknown] app=[unknown] client=[local] LOG:  connection received: host=[local]
2026-01-05 15:23:24.711 GMT [12152] user=[unknown] db=[unknown] app=[unknown] client=[local] LOG:  connection received: host=[local]
2026-01-05 15:23:34.823 GMT [12160] user=[unknown] db=[unknown] app=[unknown] client=[local] LOG:  connection received: host=[local]
2026-01-05 15:23:44.953 GMT [12168] user=[unknown] db=[unknown] app=[unknown] client=[local] LOG:  connection received: host=[local]
2026-01-05 15:23:55.294 GMT [12175] user=[unknown] db=[unknown] app=[unknown] client=[local] LOG:  connection received: host=[local]
2026-01-05 15:24:05.411 GMT [12183] user=[unknown] db=[unknown] app=[unknown] client=[local] LOG:  connection received: host=[local]
2026-01-05 15:24:15.536 GMT [12190] user=[unknown] db=[unknown] app=[unknown] client=[local] LOG:  connection received: host=[local]
2026-01-05 15:24:25.923 GMT [12197] user=[unknown] db=[unknown] app=[unknown] client=[local] LOG:  connection received: host=[local]
2026-01-05 15:24:36.079 GMT [12205] user=[unknown] db=[unknown] app=[unknown] client=[local] LOG:  connection received: host=[local]
2026-01-05 15:24:46.206 GMT [12213] user=[unknown] db=[unknown] app=[unknown] client=[local] LOG:  connection received: host=[local]
2026-01-05 15:24:56.525 GMT [12220] user=[unknown] db=[unknown] app=[unknown] client=[local] LOG:  connection received: host=[local]
2026-01-05 15:25:06.653 GMT [12229] user=[unknown] db=[unknown] app=[unknown] client=[local] LOG:  connection received: host=[local]
2026-01-05 15:25:16.755 GMT [12236] user=[unknown] db=[unknown] app=[unknown] client=[local] LOG:  connection received: host=[local]
2026-01-05 15:25:27.128 GMT [12244] user=[unknown] db=[unknown] app=[unknown] client=[local] LOG:  connection received: host=[local]
2026-01-05 15:25:37.282 GMT [12253] user=[unknown] db=[unknown] app=[unknown] client=[local] LOG:  connection received: host=[local]
2026-01-05 15:25:47.390 GMT [12261] user=[unknown] db=[unknown] app=[unknown] client=[local] LOG:  connection received: host=[local]
2026-01-05 15:25:57.739 GMT [12268] user=[unknown] db=[unknown] app=[unknown] client=[local] LOG:  connection received: host=[local]
2026-01-05 15:26:07.878 GMT [12276] user=[unknown] db=[unknown] app=[unknown] client=[local] LOG:  connection received: host=[local]
2026-01-05 15:26:17.998 GMT [12283] user=[unknown] db=[unknown] app=[unknown] client=[local] LOG:  connection received: host=[local]
2026-01-05 15:26:28.297 GMT [12290] user=[unknown] db=[unknown] app=[unknown] client=[local] LOG:  connection received: host=[local]
2026-01-05 15:26:38.412 GMT [12298] user=[unknown] db=[unknown] app=[unknown] client=[local] LOG:  connection received: host=[local]
2026-01-05 15:26:48.536 GMT [12306] user=[unknown] db=[unknown] app=[unknown] client=[local] LOG:  connection received: host=[local]
2026-01-05 15:26:58.849 GMT [12314] user=[unknown] db=[unknown] app=[unknown] client=[local] LOG:  connection received: host=[local]
2026-01-05 15:27:08.976 GMT [12323] user=[unknown] db=[unknown] app=[unknown] client=[local] LOG:  connection received: host=[local]
2026-01-05 15:27:19.096 GMT [12330] user=[unknown] db=[unknown] app=[unknown] client=[local] LOG:  connection received: host=[local]
2026-01-05 15:27:29.440 GMT [12337] user=[unknown] db=[unknown] app=[unknown] client=[local] LOG:  connection received: host=[local]
2026-01-05 15:27:39.562 GMT [12346] user=[unknown] db=[unknown] app=[unknown] client=[local] LOG:  connection received: host=[local]
2026-01-05 15:27:49.670 GMT [12354] user=[unknown] db=[unknown] app=[unknown] client=[local] LOG:  connection received: host=[local]
2026-01-05 15:28:00.001 GMT [12361] user=[unknown] db=[unknown] app=[unknown] client=[local] LOG:  connection received: host=[local]
2026-01-05 15:28:10.120 GMT [12369] user=[unknown] db=[unknown] app=[unknown] client=[local] LOG:  connection received: host=[local]
2026-01-05 15:28:20.469 GMT [12377] user=[unknown] db=[unknown] app=[unknown] client=[local] LOG:  connection received: host=[local]
2026-01-05 15:28:30.592 GMT [12384] user=[unknown] db=[unknown] app=[unknown] client=[local] LOG:  connection received: host=[local]
2026-01-05 15:28:40.710 GMT [12393] user=[unknown] db=[unknown] app=[unknown] client=[local] LOG:  connection received: host=[local]
2026-01-05 15:28:51.062 GMT [12401] user=[unknown] db=[unknown] app=[unknown] client=[local] LOG:  connection received: host=[local]
2026-01-05 15:29:01.216 GMT [12409] user=[unknown] db=[unknown] app=[unknown] client=[local] LOG:  connection received: host=[local]
2026-01-05 15:29:11.320 GMT [12417] user=[unknown] db=[unknown] app=[unknown] client=[local] LOG:  connection received: host=[local]
2026-01-05 15:29:21.613 GMT [12425] user=[unknown] db=[unknown] app=[unknown] client=[local] LOG:  connection received: host=[local]
2026-01-05 15:29:31.761 GMT [12432] user=[unknown] db=[unknown] app=[unknown] client=[local] LOG:  connection received: host=[local]
2026-01-05 15:29:41.876 GMT [12441] user=[unknown] db=[unknown] app=[unknown] client=[local] LOG:  connection received: host=[local]
2026-01-05 15:29:52.136 GMT [12449] user=[unknown] db=[unknown] app=[unknown] client=[local] LOG:  connection received: host=[local]
2026-01-05 15:30:02.241 GMT [12458] user=[unknown] db=[unknown] app=[unknown] client=[local] LOG:  connection received: host=[local]
2026-01-05 15:30:12.385 GMT [12465] user=[unknown] db=[unknown] app=[unknown] client=[local] LOG:  connection received: host=[local]
2026-01-05 15:30:22.703 GMT [12472] user=[unknown] db=[unknown] app=[unknown] client=[local] LOG:  connection received: host=[local]
2026-01-05 15:30:32.842 GMT [12479] user=[unknown] db=[unknown] app=[unknown] client=[local] LOG:  connection received: host=[local]
2026-01-05 15:30:42.951 GMT [12487] user=[unknown] db=[unknown] app=[unknown] client=[local] LOG:  connection received: host=[local]
2026-01-05 15:30:53.222 GMT [12495] user=[unknown] db=[unknown] app=[unknown] client=[local] LOG:  connection received: host=[local]
2026-01-05 15:31:03.330 GMT [12503] user=[unknown] db=[unknown] app=[unknown] client=[local] LOG:  connection received: host=[local]
2026-01-05 15:31:13.493 GMT [12511] user=[unknown] db=[unknown] app=[unknown] client=[local] LOG:  connection received: host=[local]
2026-01-05 15:31:23.841 GMT [12518] user=[unknown] db=[unknown] app=[unknown] client=[local] LOG:  connection received: host=[local]
2026-01-05 15:31:33.972 GMT [12525] user=[unknown] db=[unknown] app=[unknown] client=[local] LOG:  connection received: host=[local]
2026-01-05 15:31:44.087 GMT [12535] user=[unknown] db=[unknown] app=[unknown] client=[local] LOG:  connection received: host=[local]
2026-01-05 15:31:54.385 GMT [12542] user=[unknown] db=[unknown] app=[unknown] client=[local] LOG:  connection received: host=[local]
2026-01-05 15:32:04.556 GMT [12551] user=[unknown] db=[unknown] app=[unknown] client=[local] LOG:  connection received: host=[local]
2026-01-05 15:32:14.789 GMT [12558] user=[unknown] db=[unknown] app=[unknown] client=[local] LOG:  connection received: host=[local]
2026-01-05 15:32:25.091 GMT [12565] user=[unknown] db=[unknown] app=[unknown] client=[local] LOG:  connection received: host=[local]
2026-01-05 15:32:35.211 GMT [12572] user=[unknown] db=[unknown] app=[unknown] client=[local] LOG:  connection received: host=[local]
2026-01-05 15:32:45.368 GMT [12582] user=[unknown] db=[unknown] app=[unknown] client=[local] LOG:  connection received: host=[local]
2026-01-05 15:32:55.690 GMT [12589] user=[unknown] db=[unknown] app=[unknown] client=[local] LOG:  connection received: host=[local]
2026-01-05 15:33:05.804 GMT [12597] user=[unknown] db=[unknown] app=[unknown] client=[local] LOG:  connection received: host=[local]
2026-01-05 15:33:15.920 GMT [12604] user=[unknown] db=[unknown] app=[unknown] client=[local] LOG:  connection received: host=[local]
2026-01-05 15:33:26.179 GMT [12612] user=[unknown] db=[unknown] app=[unknown] client=[local] LOG:  connection received: host=[local]
2026-01-05 15:33:36.299 GMT [12619] user=[unknown] db=[unknown] app=[unknown] client=[local] LOG:  connection received: host=[local]
2026-01-05 15:33:46.417 GMT [12628] user=[unknown] db=[unknown] app=[unknown] client=[local] LOG:  connection received: host=[local]
2026-01-05 15:33:56.667 GMT [12635] user=[unknown] db=[unknown] app=[unknown] client=[local] LOG:  connection received: host=[local]
2026-01-05 15:34:06.860 GMT [12643] user=[unknown] db=[unknown] app=[unknown] client=[local] LOG:  connection received: host=[local]
2026-01-05 15:34:16.979 GMT [12650] user=[unknown] db=[unknown] app=[unknown] client=[local] LOG:  connection received: host=[local]
2026-01-05 15:34:27.233 GMT [12657] user=[unknown] db=[unknown] app=[unknown] client=[local] LOG:  connection received: host=[local]
2026-01-05 15:34:37.391 GMT [12665] user=[unknown] db=[unknown] app=[unknown] client=[local] LOG:  connection received: host=[local]
2026-01-05 15:34:47.516 GMT [12673] user=[unknown] db=[unknown] app=[unknown] client=[local] LOG:  connection received: host=[local]
2026-01-05 15:34:57.781 GMT [12679] user=[unknown] db=[unknown] app=[unknown] client=[local] LOG:  connection received: host=[local]
2026-01-05 15:35:07.895 GMT [12687] user=[unknown] db=[unknown] app=[unknown] client=[local] LOG:  connection received: host=[local]
2026-01-05 15:35:18.009 GMT [12694] user=[unknown] db=[unknown] app=[unknown] client=[local] LOG:  connection received: host=[local]
2026-01-05 15:35:28.229 GMT [12701] user=[unknown] db=[unknown] app=[unknown] client=[local] LOG:  connection received: host=[local]
2026-01-05 15:35:38.344 GMT [12709] user=[unknown] db=[unknown] app=[unknown] client=[local] LOG:  connection received: host=[local]
2026-01-05 15:35:48.509 GMT [12717] user=[unknown] db=[unknown] app=[unknown] client=[local] LOG:  connection received: host=[local]
2026-01-05 15:35:58.730 GMT [12725] user=[unknown] db=[unknown] app=[unknown] client=[local] LOG:  connection received: host=[local]
2026-01-05 15:36:08.857 GMT [12733] user=[unknown] db=[unknown] app=[unknown] client=[local] LOG:  connection received: host=[local]
2026-01-05 15:36:18.980 GMT [12740] user=[unknown] db=[unknown] app=[unknown] client=[local] LOG:  connection received: host=[local]
2026-01-05 15:36:29.297 GMT [12747] user=[unknown] db=[unknown] app=[unknown] client=[local] LOG:  connection received: host=[local]
2026-01-05 15:36:39.409 GMT [12755] user=[unknown] db=[unknown] app=[unknown] client=[local] LOG:  connection received: host=[local]
2026-01-05 15:36:49.530 GMT [12763] user=[unknown] db=[unknown] app=[unknown] client=[local] LOG:  connection received: host=[local]
2026-01-05 15:36:59.795 GMT [12770] user=[unknown] db=[unknown] app=[unknown] client=[local] LOG:  connection received: host=[local]
2026-01-05 15:37:09.931 GMT [12778] user=[unknown] db=[unknown] app=[unknown] client=[local] LOG:  connection received: host=[local]
2026-01-05 15:37:20.088 GMT [12785] user=[unknown] db=[unknown] app=[unknown] client=[local] LOG:  connection received: host=[local]
2026-01-05 15:37:30.300 GMT [12792] user=[unknown] db=[unknown] app=[unknown] client=[local] LOG:  connection received: host=[local]
2026-01-05 15:37:40.405 GMT [12800] user=[unknown] db=[unknown] app=[unknown] client=[local] LOG:  connection received: host=[local]
2026-01-05 15:37:50.536 GMT [12808] user=[unknown] db=[unknown] app=[unknown] client=[local] LOG:  connection received: host=[local]
2026-01-05 15:38:00.795 GMT [12816] user=[unknown] db=[unknown] app=[unknown] client=[local] LOG:  connection received: host=[local]
2026-01-05 15:38:10.930 GMT [12824] user=[unknown] db=[unknown] app=[unknown] client=[local] LOG:  connection received: host=[local]
2026-01-05 15:38:21.060 GMT [12831] user=[unknown] db=[unknown] app=[unknown] client=[local] LOG:  connection received: host=[local]
2026-01-05 15:38:31.285 GMT [12838] user=[unknown] db=[unknown] app=[unknown] client=[local] LOG:  connection received: host=[local]
2026-01-05 15:38:41.467 GMT [12847] user=[unknown] db=[unknown] app=[unknown] client=[local] LOG:  connection received: host=[local]
2026-01-05 15:38:51.591 GMT [12855] user=[unknown] db=[unknown] app=[unknown] client=[local] LOG:  connection received: host=[local]
2026-01-05 15:39:01.970 GMT [12863] user=[unknown] db=[unknown] app=[unknown] client=[local] LOG:  connection received: host=[local]
2026-01-05 15:39:12.103 GMT [12870] user=[unknown] db=[unknown] app=[unknown] client=[local] LOG:  connection received: host=[local]
2026-01-05 15:39:22.245 GMT [12877] user=[unknown] db=[unknown] app=[unknown] client=[local] LOG:  connection received: host=[local]
2026-01-05 15:39:32.484 GMT [12884] user=[unknown] db=[unknown] app=[unknown] client=[local] LOG:  connection received: host=[local]
2026-01-05 15:39:42.600 GMT [12892] user=[unknown] db=[unknown] app=[unknown] client=[local] LOG:  connection received: host=[local]
2026-01-05 15:39:52.765 GMT [12900] user=[unknown] db=[unknown] app=[unknown] client=[local] LOG:  connection received: host=[local]
2026-01-05 15:40:02.976 GMT [12908] user=[unknown] db=[unknown] app=[unknown] client=[local] LOG:  connection received: host=[local]
2026-01-05 15:40:13.108 GMT [12916] user=[unknown] db=[unknown] app=[unknown] client=[local] LOG:  connection received: host=[local]
2026-01-05 15:40:23.234 GMT [12923] user=[unknown] db=[unknown] app=[unknown] client=[local] LOG:  connection received: host=[local]
2026-01-05 15:40:33.442 GMT [12930] user=[unknown] db=[unknown] app=[unknown] client=[local] LOG:  connection received: host=[local]
2026-01-05 15:40:43.547 GMT [12938] user=[unknown] db=[unknown] app=[unknown] client=[local] LOG:  connection received: host=[local]
2026-01-05 15:40:53.777 GMT [12946] user=[unknown] db=[unknown] app=[unknown] client=[local] LOG:  connection received: host=[local]
2026-01-05 15:41:03.915 GMT [12954] user=[unknown] db=[unknown] app=[unknown] client=[local] LOG:  connection received: host=[local]
2026-01-05 15:41:14.033 GMT [12960] user=[unknown] db=[unknown] app=[unknown] client=[local] LOG:  connection received: host=[local]
2026-01-05 15:41:24.296 GMT [12967] user=[unknown] db=[unknown] app=[unknown] client=[local] LOG:  connection received: host=[local]
2026-01-05 15:41:34.426 GMT [12974] user=[unknown] db=[unknown] app=[unknown] client=[local] LOG:  connection received: host=[local]
2026-01-05 15:41:44.541 GMT [12983] user=[unknown] db=[unknown] app=[unknown] client=[local] LOG:  connection received: host=[local]
2026-01-05 15:41:54.855 GMT [12990] user=[unknown] db=[unknown] app=[unknown] client=[local] LOG:  connection received: host=[local]
2026-01-05 15:42:04.991 GMT [12998] user=[unknown] db=[unknown] app=[unknown] client=[local] LOG:  connection received: host=[local]
2026-01-05 15:42:15.116 GMT [13005] user=[unknown] db=[unknown] app=[unknown] client=[local] LOG:  connection received: host=[local]
2026-01-05 15:42:25.332 GMT [13013] user=[unknown] db=[unknown] app=[unknown] client=[local] LOG:  connection received: host=[local]
2026-01-05 15:42:35.460 GMT [13020] user=[unknown] db=[unknown] app=[unknown] client=[local] LOG:  connection received: host=[local]
2026-01-05 15:42:45.656 GMT [13029] user=[unknown] db=[unknown] app=[unknown] client=[local] LOG:  connection received: host=[local]
2026-01-05 15:42:55.924 GMT [13036] user=[unknown] db=[unknown] app=[unknown] client=[local] LOG:  connection received: host=[local]
2026-01-05 15:43:06.037 GMT [13045] user=[unknown] db=[unknown] app=[unknown] client=[local] LOG:  connection received: host=[local]
2026-01-05 15:43:16.143 GMT [13052] user=[unknown] db=[unknown] app=[unknown] client=[local] LOG:  connection received: host=[local]
2026-01-05 15:43:26.307 GMT [13060] user=[unknown] db=[unknown] app=[unknown] client=[local] LOG:  connection received: host=[local]
2026-01-05 15:43:36.511 GMT [13067] user=[unknown] db=[unknown] app=[unknown] client=[local] LOG:  connection received: host=[local]
2026-01-05 15:43:46.624 GMT [13077] user=[unknown] db=[unknown] app=[unknown] client=[local] LOG:  connection received: host=[local]
2026-01-05 15:43:56.912 GMT [13084] user=[unknown] db=[unknown] app=[unknown] client=[local] LOG:  connection received: host=[local]
2026-01-05 15:44:07.030 GMT [13093] user=[unknown] db=[unknown] app=[unknown] client=[local] LOG:  connection received: host=[local]
2026-01-05 15:44:17.152 GMT [13100] user=[unknown] db=[unknown] app=[unknown] client=[local] LOG:  connection received: host=[local]
2026-01-05 15:44:27.402 GMT [13107] user=[unknown] db=[unknown] app=[unknown] client=[local] LOG:  connection received: host=[local]
2026-01-05 15:44:37.545 GMT [13114] user=[unknown] db=[unknown] app=[unknown] client=[local] LOG:  connection received: host=[local]
2026-01-05 15:44:47.747 GMT [13123] user=[unknown] db=[unknown] app=[unknown] client=[local] LOG:  connection received: host=[local]
2026-01-05 15:44:58.033 GMT [13130] user=[unknown] db=[unknown] app=[unknown] client=[local] LOG:  connection received: host=[local]
2026-01-05 15:45:08.170 GMT [13138] user=[unknown] db=[unknown] app=[unknown] client=[local] LOG:  connection received: host=[local]
2026-01-05 15:45:18.287 GMT [13145] user=[unknown] db=[unknown] app=[unknown] client=[local] LOG:  connection received: host=[local]
2026-01-05 15:45:28.506 GMT [13152] user=[unknown] db=[unknown] app=[unknown] client=[local] LOG:  connection received: host=[local]
2026-01-05 15:45:38.616 GMT [13160] user=[unknown] db=[unknown] app=[unknown] client=[local] LOG:  connection received: host=[local]
2026-01-05 15:45:48.741 GMT [13169] user=[unknown] db=[unknown] app=[unknown] client=[local] LOG:  connection received: host=[local]
2026-01-05 15:45:58.987 GMT [13176] user=[unknown] db=[unknown] app=[unknown] client=[local] LOG:  connection received: host=[local]
2026-01-05 15:46:09.101 GMT [13184] user=[unknown] db=[unknown] app=[unknown] client=[local] LOG:  connection received: host=[local]
2026-01-05 15:46:19.220 GMT [13192] user=[unknown] db=[unknown] app=[unknown] client=[local] LOG:  connection received: host=[local]
2026-01-05 15:46:29.361 GMT [13199] user=[unknown] db=[unknown] app=[unknown] client=[local] LOG:  connection received: host=[local]
2026-01-05 15:46:39.475 GMT [13207] user=[unknown] db=[unknown] app=[unknown] client=[local] LOG:  connection received: host=[local]
2026-01-05 15:46:49.658 GMT [13216] user=[unknown] db=[unknown] app=[unknown] client=[local] LOG:  connection received: host=[local]
2026-01-05 15:46:59.948 GMT [13223] user=[unknown] db=[unknown] app=[unknown] client=[local] LOG:  connection received: host=[local]
2026-01-05 15:47:10.073 GMT [13231] user=[unknown] db=[unknown] app=[unknown] client=[local] LOG:  connection received: host=[local]
2026-01-05 15:47:20.192 GMT [13238] user=[unknown] db=[unknown] app=[unknown] client=[local] LOG:  connection received: host=[local]
2026-01-05 15:47:30.308 GMT [13245] user=[unknown] db=[unknown] app=[unknown] client=[local] LOG:  connection received: host=[local]
2026-01-05 15:47:40.411 GMT [13253] user=[unknown] db=[unknown] app=[unknown] client=[local] LOG:  connection received: host=[local]
2026-01-05 15:47:50.545 GMT [13261] user=[unknown] db=[unknown] app=[unknown] client=[local] LOG:  connection received: host=[local]
2026-01-05 15:48:00.891 GMT [13268] user=[unknown] db=[unknown] app=[unknown] client=[local] LOG:  connection received: host=[local]
2026-01-05 15:48:11.025 GMT [13276] user=[unknown] db=[unknown] app=[unknown] client=[local] LOG:  connection received: host=[local]
2026-01-05 15:48:21.163 GMT [13283] user=[unknown] db=[unknown] app=[unknown] client=[local] LOG:  connection received: host=[local]
2026-01-05 15:48:31.355 GMT [13290] user=[unknown] db=[unknown] app=[unknown] client=[local] LOG:  connection received: host=[local]
2026-01-05 15:48:41.474 GMT [13298] user=[unknown] db=[unknown] app=[unknown] client=[local] LOG:  connection received: host=[local]
2026-01-05 15:48:51.586 GMT [13306] user=[unknown] db=[unknown] app=[unknown] client=[local] LOG:  connection received: host=[local]
2026-01-05 15:49:01.863 GMT [13313] user=[unknown] db=[unknown] app=[unknown] client=[local] LOG:  connection received: host=[local]
2026-01-05 15:49:11.989 GMT [13321] user=[unknown] db=[unknown] app=[unknown] client=[local] LOG:  connection received: host=[local]
2026-01-05 15:49:22.118 GMT [13329] user=[unknown] db=[unknown] app=[unknown] client=[local] LOG:  connection received: host=[local]
2026-01-05 15:49:32.329 GMT [13336] user=[unknown] db=[unknown] app=[unknown] client=[local] LOG:  connection received: host=[local]
2026-01-05 15:49:42.441 GMT [13345] user=[unknown] db=[unknown] app=[unknown] client=[local] LOG:  connection received: host=[local]
2026-01-05 15:49:52.563 GMT [13353] user=[unknown] db=[unknown] app=[unknown] client=[local] LOG:  connection received: host=[local]
2026-01-05 15:50:02.813 GMT [13360] user=[unknown] db=[unknown] app=[unknown] client=[local] LOG:  connection received: host=[local]
2026-01-05 15:50:12.935 GMT [13368] user=[unknown] db=[unknown] app=[unknown] client=[local] LOG:  connection received: host=[local]
2026-01-05 15:50:23.077 GMT [13375] user=[unknown] db=[unknown] app=[unknown] client=[local] LOG:  connection received: host=[local]
2026-01-05 15:50:33.261 GMT [13383] user=[unknown] db=[unknown] app=[unknown] client=[local] LOG:  connection received: host=[local]
2026-01-05 15:50:43.379 GMT [13391] user=[unknown] db=[unknown] app=[unknown] client=[local] LOG:  connection received: host=[local]
2026-01-05 15:50:53.498 GMT [13399] user=[unknown] db=[unknown] app=[unknown] client=[local] LOG:  connection received: host=[local]
2026-01-05 15:51:03.687 GMT [13408] user=[unknown] db=[unknown] app=[unknown] client=[local] LOG:  connection received: host=[local]
2026-01-05 15:51:13.829 GMT [13415] user=[unknown] db=[unknown] app=[unknown] client=[local] LOG:  connection received: host=[local]
2026-01-05 15:51:23.934 GMT [13422] user=[unknown] db=[unknown] app=[unknown] client=[local] LOG:  connection received: host=[local]
2026-01-05 15:51:34.153 GMT [13430] user=[unknown] db=[unknown] app=[unknown] client=[local] LOG:  connection received: host=[local]
2026-01-05 15:51:44.266 GMT [13439] user=[unknown] db=[unknown] app=[unknown] client=[local] LOG:  connection received: host=[local]
2026-01-05 15:51:54.371 GMT [13446] user=[unknown] db=[unknown] app=[unknown] client=[local] LOG:  connection received: host=[local]
2026-01-05 15:52:04.578 GMT [13455] user=[unknown] db=[unknown] app=[unknown] client=[local] LOG:  connection received: host=[local]
2026-01-05 15:52:14.712 GMT [13462] user=[unknown] db=[unknown] app=[unknown] client=[local] LOG:  connection received: host=[local]
2026-01-05 15:52:24.844 GMT [13469] user=[unknown] db=[unknown] app=[unknown] client=[local] LOG:  connection received: host=[local]
2026-01-05 15:52:35.069 GMT [13477] user=[unknown] db=[unknown] app=[unknown] client=[local] LOG:  connection received: host=[local]
2026-01-05 15:52:45.181 GMT [13486] user=[unknown] db=[unknown] app=[unknown] client=[local] LOG:  connection received: host=[local]
2026-01-05 15:52:55.314 GMT [13493] user=[unknown] db=[unknown] app=[unknown] client=[local] LOG:  connection received: host=[local]
2026-01-05 15:53:05.512 GMT [13501] user=[unknown] db=[unknown] app=[unknown] client=[local] LOG:  connection received: host=[local]
2026-01-05 15:53:15.651 GMT [13508] user=[unknown] db=[unknown] app=[unknown] client=[local] LOG:  connection received: host=[local]
2026-01-05 15:53:25.770 GMT [13515] user=[unknown] db=[unknown] app=[unknown] client=[local] LOG:  connection received: host=[local]
2026-01-05 15:53:36.005 GMT [13522] user=[unknown] db=[unknown] app=[unknown] client=[local] LOG:  connection received: host=[local]
2026-01-05 15:53:46.165 GMT [13531] user=[unknown] db=[unknown] app=[unknown] client=[local] LOG:  connection received: host=[local]
2026-01-05 15:53:56.359 GMT [13538] user=[unknown] db=[unknown] app=[unknown] client=[local] LOG:  connection received: host=[local]
2026-01-05 15:54:06.513 GMT [13546] user=[unknown] db=[unknown] app=[unknown] client=[local] LOG:  connection received: host=[local]
2026-01-05 15:54:16.635 GMT [13553] user=[unknown] db=[unknown] app=[unknown] client=[local] LOG:  connection received: host=[local]
2026-01-05 15:54:26.833 GMT [13560] user=[unknown] db=[unknown] app=[unknown] client=[local] LOG:  connection received: host=[local]
2026-01-05 15:54:36.952 GMT [13567] user=[unknown] db=[unknown] app=[unknown] client=[local] LOG:  connection received: host=[local]
2026-01-05 15:54:47.068 GMT [13576] user=[unknown] db=[unknown] app=[unknown] client=[local] LOG:  connection received: host=[local]
2026-01-05 15:54:57.297 GMT [13583] user=[unknown] db=[unknown] app=[unknown] client=[local] LOG:  connection received: host=[local]
2026-01-05 15:55:07.406 GMT [13592] user=[unknown] db=[unknown] app=[unknown] client=[local] LOG:  connection received: host=[local]
2026-01-05 15:55:17.544 GMT [13599] user=[unknown] db=[unknown] app=[unknown] client=[local] LOG:  connection received: host=[local]
2026-01-05 15:55:27.772 GMT [13606] user=[unknown] db=[unknown] app=[unknown] client=[local] LOG:  connection received: host=[local]
2026-01-05 15:55:37.897 GMT [13614] user=[unknown] db=[unknown] app=[unknown] client=[local] LOG:  connection received: host=[local]
2026-01-05 15:55:48.018 GMT [13623] user=[unknown] db=[unknown] app=[unknown] client=[local] LOG:  connection received: host=[local]
2026-01-05 15:55:58.236 GMT [13630] user=[unknown] db=[unknown] app=[unknown] client=[local] LOG:  connection received: host=[local]
2026-01-05 15:56:08.371 GMT [13638] user=[unknown] db=[unknown] app=[unknown] client=[local] LOG:  connection received: host=[local]
2026-01-05 15:56:18.478 GMT [13646] user=[unknown] db=[unknown] app=[unknown] client=[local] LOG:  connection received: host=[local]
2026-01-05 15:56:28.699 GMT [13653] user=[unknown] db=[unknown] app=[unknown] client=[local] LOG:  connection received: host=[local]
2026-01-05 15:56:38.802 GMT [13660] user=[unknown] db=[unknown] app=[unknown] client=[local] LOG:  connection received: host=[local]
2026-01-05 15:56:48.919 GMT [13669] user=[unknown] db=[unknown] app=[unknown] client=[local] LOG:  connection received: host=[local]
2026-01-05 15:56:59.176 GMT [13676] user=[unknown] db=[unknown] app=[unknown] client=[local] LOG:  connection received: host=[local]
2026-01-05 15:57:09.343 GMT [13684] user=[unknown] db=[unknown] app=[unknown] client=[local] LOG:  connection received: host=[local]
2026-01-05 15:57:19.474 GMT [13691] user=[unknown] db=[unknown] app=[unknown] client=[local] LOG:  connection received: host=[local]
2026-01-05 15:57:29.695 GMT [13698] user=[unknown] db=[unknown] app=[unknown] client=[local] LOG:  connection received: host=[local]
2026-01-05 15:57:39.830 GMT [13706] user=[unknown] db=[unknown] app=[unknown] client=[local] LOG:  connection received: host=[local]
2026-01-05 15:57:49.942 GMT [13714] user=[unknown] db=[unknown] app=[unknown] client=[local] LOG:  connection received: host=[local]
2026-01-05 15:58:00.176 GMT [13721] user=[unknown] db=[unknown] app=[unknown] client=[local] LOG:  connection received: host=[local]
2026-01-05 15:58:10.312 GMT [13729] user=[unknown] db=[unknown] app=[unknown] client=[local] LOG:  connection received: host=[local]
2026-01-05 15:58:20.429 GMT [13737] user=[unknown] db=[unknown] app=[unknown] client=[local] LOG:  connection received: host=[local]
2026-01-05 15:58:30.629 GMT [13744] user=[unknown] db=[unknown] app=[unknown] client=[local] LOG:  connection received: host=[local]
2026-01-05 15:58:40.726 GMT [13752] user=[unknown] db=[unknown] app=[unknown] client=[local] LOG:  connection received: host=[local]
2026-01-05 15:58:50.857 GMT [13760] user=[unknown] db=[unknown] app=[unknown] client=[local] LOG:  connection received: host=[local]
2026-01-05 15:59:01.081 GMT [13767] user=[unknown] db=[unknown] app=[unknown] client=[local] LOG:  connection received: host=[local]
2026-01-05 15:59:11.182 GMT [13775] user=[unknown] db=[unknown] app=[unknown] client=[local] LOG:  connection received: host=[local]
2026-01-05 15:59:21.384 GMT [13781] user=[unknown] db=[unknown] app=[unknown] client=[local] LOG:  connection received: host=[local]
2026-01-05 15:59:31.617 GMT [13788] user=[unknown] db=[unknown] app=[unknown] client=[local] LOG:  connection received: host=[local]
2026-01-05 15:59:41.755 GMT [13796] user=[unknown] db=[unknown] app=[unknown] client=[local] LOG:  connection received: host=[local]
2026-01-05 15:59:51.859 GMT [13804] user=[unknown] db=[unknown] app=[unknown] client=[local] LOG:  connection received: host=[local]
2026-01-05 16:00:02.136 GMT [13811] user=[unknown] db=[unknown] app=[unknown] client=[local] LOG:  connection received: host=[local]
2026-01-05 16:00:12.311 GMT [13819] user=[unknown] db=[unknown] app=[unknown] client=[local] LOG:  connection received: host=[local]
2026-01-05 16:00:22.433 GMT [13826] user=[unknown] db=[unknown] app=[unknown] client=[local] LOG:  connection received: host=[local]
2026-01-05 16:00:32.701 GMT [13833] user=[unknown] db=[unknown] app=[unknown] client=[local] LOG:  connection received: host=[local]
2026-01-05 16:00:42.819 GMT [13841] user=[unknown] db=[unknown] app=[unknown] client=[local] LOG:  connection received: host=[local]
2026-01-05 16:00:52.926 GMT [13850] user=[unknown] db=[unknown] app=[unknown] client=[local] LOG:  connection received: host=[local]
2026-01-05 16:01:03.191 GMT [13857] user=[unknown] db=[unknown] app=[unknown] client=[local] LOG:  connection received: host=[local]
2026-01-05 16:01:13.316 GMT [13865] user=[unknown] db=[unknown] app=[unknown] client=[local] LOG:  connection received: host=[local]
2026-01-05 16:01:23.453 GMT [13872] user=[unknown] db=[unknown] app=[unknown] client=[local] LOG:  connection received: host=[local]
2026-01-05 16:01:33.656 GMT [13879] user=[unknown] db=[unknown] app=[unknown] client=[local] LOG:  connection received: host=[local]
2026-01-05 16:01:43.771 GMT [13887] user=[unknown] db=[unknown] app=[unknown] client=[local] LOG:  connection received: host=[local]
2026-01-05 16:01:53.872 GMT [13895] user=[unknown] db=[unknown] app=[unknown] client=[local] LOG:  connection received: host=[local]
2026-01-05 16:02:04.176 GMT [13902] user=[unknown] db=[unknown] app=[unknown] client=[local] LOG:  connection received: host=[local]
2026-01-05 16:02:14.368 GMT [13910] user=[unknown] db=[unknown] app=[unknown] client=[local] LOG:  connection received: host=[local]
2026-01-05 16:02:24.487 GMT [13917] user=[unknown] db=[unknown] app=[unknown] client=[local] LOG:  connection received: host=[local]
2026-01-05 16:02:34.740 GMT [13924] user=[unknown] db=[unknown] app=[unknown] client=[local] LOG:  connection received: host=[local]
2026-01-05 16:02:44.864 GMT [13933] user=[unknown] db=[unknown] app=[unknown] client=[local] LOG:  connection received: host=[local]
2026-01-05 16:02:54.998 GMT [13940] user=[unknown] db=[unknown] app=[unknown] client=[local] LOG:  connection received: host=[local]
2026-01-05 16:03:05.309 GMT [13948] user=[unknown] db=[unknown] app=[unknown] client=[local] LOG:  connection received: host=[local]
2026-01-05 16:03:15.425 GMT [13955] user=[unknown] db=[unknown] app=[unknown] client=[local] LOG:  connection received: host=[local]
2026-01-05 16:03:25.557 GMT [13962] user=[unknown] db=[unknown] app=[unknown] client=[local] LOG:  connection received: host=[local]
2026-01-05 16:03:35.736 GMT [13969] user=[unknown] db=[unknown] app=[unknown] client=[local] LOG:  connection received: host=[local]
2026-01-05 16:03:45.872 GMT [13979] user=[unknown] db=[unknown] app=[unknown] client=[local] LOG:  connection received: host=[local]
2026-01-05 16:03:55.980 GMT [13986] user=[unknown] db=[unknown] app=[unknown] client=[local] LOG:  connection received: host=[local]
2026-01-05 16:04:06.285 GMT [13994] user=[unknown] db=[unknown] app=[unknown] client=[local] LOG:  connection received: host=[local]
2026-01-05 16:04:16.410 GMT [14001] user=[unknown] db=[unknown] app=[unknown] client=[local] LOG:  connection received: host=[local]
2026-01-05 16:04:26.534 GMT [14008] user=[unknown] db=[unknown] app=[unknown] client=[local] LOG:  connection received: host=[local]
2026-01-05 16:04:36.773 GMT [14015] user=[unknown] db=[unknown] app=[unknown] client=[local] LOG:  connection received: host=[local]
2026-01-05 16:04:46.899 GMT [14024] user=[unknown] db=[unknown] app=[unknown] client=[local] LOG:  connection received: host=[local]
2026-01-05 16:04:57.022 GMT [14031] user=[unknown] db=[unknown] app=[unknown] client=[local] LOG:  connection received: host=[local]
2026-01-05 16:05:07.244 GMT [14039] user=[unknown] db=[unknown] app=[unknown] client=[local] LOG:  connection received: host=[local]
2026-01-05 16:05:17.384 GMT [14046] user=[unknown] db=[unknown] app=[unknown] client=[local] LOG:  connection received: host=[local]
2026-01-05 16:05:27.502 GMT [14053] user=[unknown] db=[unknown] app=[unknown] client=[local] LOG:  connection received: host=[local]
2026-01-05 16:05:37.698 GMT [14061] user=[unknown] db=[unknown] app=[unknown] client=[local] LOG:  connection received: host=[local]
2026-01-05 16:05:47.822 GMT [14070] user=[unknown] db=[unknown] app=[unknown] client=[local] LOG:  connection received: host=[local]
2026-01-05 16:05:57.932 GMT [14077] user=[unknown] db=[unknown] app=[unknown] client=[local] LOG:  connection received: host=[local]
2026-01-05 16:06:08.209 GMT [14085] user=[unknown] db=[unknown] app=[unknown] client=[local] LOG:  connection received: host=[local]
2026-01-05 16:06:18.316 GMT [14092] user=[unknown] db=[unknown] app=[unknown] client=[local] LOG:  connection received: host=[local]
2026-01-05 16:06:28.450 GMT [14099] user=[unknown] db=[unknown] app=[unknown] client=[local] LOG:  connection received: host=[local]
2026-01-05 16:06:38.698 GMT [14106] user=[unknown] db=[unknown] app=[unknown] client=[local] LOG:  connection received: host=[local]
2026-01-05 16:06:48.808 GMT [14116] user=[unknown] db=[unknown] app=[unknown] client=[local] LOG:  connection received: host=[local]
2026-01-05 16:06:59.104 GMT [14124] user=[unknown] db=[unknown] app=[unknown] client=[local] LOG:  connection received: host=[local]
2026-01-05 16:07:09.208 GMT [14133] user=[unknown] db=[unknown] app=[unknown] client=[local] LOG:  connection received: host=[local]
2026-01-05 16:07:19.326 GMT [14140] user=[unknown] db=[unknown] app=[unknown] client=[local] LOG:  connection received: host=[local]
2026-01-05 16:07:29.509 GMT [14147] user=[unknown] db=[unknown] app=[unknown] client=[local] LOG:  connection received: host=[local]
2026-01-05 16:07:39.608 GMT [14154] user=[unknown] db=[unknown] app=[unknown] client=[local] LOG:  connection received: host=[local]
2026-01-05 16:07:49.801 GMT [14164] user=[unknown] db=[unknown] app=[unknown] client=[local] LOG:  connection received: host=[local]
2026-01-05 16:08:00.065 GMT [14171] user=[unknown] db=[unknown] app=[unknown] client=[local] LOG:  connection received: host=[local]
2026-01-05 16:08:10.185 GMT [14179] user=[unknown] db=[unknown] app=[unknown] client=[local] LOG:  connection received: host=[local]
2026-01-05 16:08:20.318 GMT [14186] user=[unknown] db=[unknown] app=[unknown] client=[local] LOG:  connection received: host=[local]
2026-01-05 16:08:30.502 GMT [14193] user=[unknown] db=[unknown] app=[unknown] client=[local] LOG:  connection received: host=[local]
2026-01-05 16:08:40.637 GMT [14201] user=[unknown] db=[unknown] app=[unknown] client=[local] LOG:  connection received: host=[local]
2026-01-05 16:08:50.768 GMT [14210] user=[unknown] db=[unknown] app=[unknown] client=[local] LOG:  connection received: host=[local]
2026-01-05 16:09:01.052 GMT [14217] user=[unknown] db=[unknown] app=[unknown] client=[local] LOG:  connection received: host=[local]
2026-01-05 16:09:11.165 GMT [14225] user=[unknown] db=[unknown] app=[unknown] client=[local] LOG:  connection received: host=[local]
2026-01-05 16:09:21.296 GMT [14233] user=[unknown] db=[unknown] app=[unknown] client=[local] LOG:  connection received: host=[local]
2026-01-05 16:09:31.507 GMT [14240] user=[unknown] db=[unknown] app=[unknown] client=[local] LOG:  connection received: host=[local]
2026-01-05 16:09:41.649 GMT [14248] user=[unknown] db=[unknown] app=[unknown] client=[local] LOG:  connection received: host=[local]
2026-01-05 16:09:51.828 GMT [14256] user=[unknown] db=[unknown] app=[unknown] client=[local] LOG:  connection received: host=[local]
2026-01-05 16:10:02.095 GMT [14263] user=[unknown] db=[unknown] app=[unknown] client=[local] LOG:  connection received: host=[local]
2026-01-05 16:10:12.223 GMT [14271] user=[unknown] db=[unknown] app=[unknown] client=[local] LOG:  connection received: host=[local]
2026-01-05 16:10:22.333 GMT [14278] user=[unknown] db=[unknown] app=[unknown] client=[local] LOG:  connection received: host=[local]
2026-01-05 16:10:32.602 GMT [14285] user=[unknown] db=[unknown] app=[unknown] client=[local] LOG:  connection received: host=[local]
2026-01-05 16:10:42.716 GMT [14293] user=[unknown] db=[unknown] app=[unknown] client=[local] LOG:  connection received: host=[local]
2026-01-05 16:10:52.827 GMT [14301] user=[unknown] db=[unknown] app=[unknown] client=[local] LOG:  connection received: host=[local]
2026-01-05 16:11:03.073 GMT [14308] user=[unknown] db=[unknown] app=[unknown] client=[local] LOG:  connection received: host=[local]
2026-01-05 16:11:13.211 GMT [14316] user=[unknown] db=[unknown] app=[unknown] client=[local] LOG:  connection received: host=[local]
2026-01-05 16:11:23.334 GMT [14323] user=[unknown] db=[unknown] app=[unknown] client=[local] LOG:  connection received: host=[local]
2026-01-05 16:11:33.529 GMT [14330] user=[unknown] db=[unknown] app=[unknown] client=[local] LOG:  connection received: host=[local]
2026-01-05 16:11:43.658 GMT [14338] user=[unknown] db=[unknown] app=[unknown] client=[local] LOG:  connection received: host=[local]
2026-01-05 16:11:53.786 GMT [14346] user=[unknown] db=[unknown] app=[unknown] client=[local] LOG:  connection received: host=[local]
2026-01-05 16:12:04.066 GMT [14353] user=[unknown] db=[unknown] app=[unknown] client=[local] LOG:  connection received: host=[local]
2026-01-05 16:12:14.261 GMT [14361] user=[unknown] db=[unknown] app=[unknown] client=[local] LOG:  connection received: host=[local]
2026-01-05 16:12:24.394 GMT [14368] user=[unknown] db=[unknown] app=[unknown] client=[local] LOG:  connection received: host=[local]
2026-01-05 16:12:34.644 GMT [14375] user=[unknown] db=[unknown] app=[unknown] client=[local] LOG:  connection received: host=[local]
2026-01-05 16:12:44.756 GMT [14384] user=[unknown] db=[unknown] app=[unknown] client=[local] LOG:  connection received: host=[local]
2026-01-05 16:12:54.912 GMT [14392] user=[unknown] db=[unknown] app=[unknown] client=[local] LOG:  connection received: host=[local]
2026-01-05 16:13:05.222 GMT [14399] user=[unknown] db=[unknown] app=[unknown] client=[local] LOG:  connection received: host=[local]
2026-01-05 16:13:15.348 GMT [14407] user=[unknown] db=[unknown] app=[unknown] client=[local] LOG:  connection received: host=[local]
2026-01-05 16:13:25.470 GMT [14414] user=[unknown] db=[unknown] app=[unknown] client=[local] LOG:  connection received: host=[local]
2026-01-05 16:13:35.674 GMT [14421] user=[unknown] db=[unknown] app=[unknown] client=[local] LOG:  connection received: host=[local]
2026-01-05 16:13:45.814 GMT [14430] user=[unknown] db=[unknown] app=[unknown] client=[local] LOG:  connection received: host=[local]
2026-01-05 16:13:55.942 GMT [14437] user=[unknown] db=[unknown] app=[unknown] client=[local] LOG:  connection received: host=[local]
2026-01-05 16:14:06.202 GMT [14446] user=[unknown] db=[unknown] app=[unknown] client=[local] LOG:  connection received: host=[local]
2026-01-05 16:14:16.343 GMT [14453] user=[unknown] db=[unknown] app=[unknown] client=[local] LOG:  connection received: host=[local]
2026-01-05 16:14:26.448 GMT [14460] user=[unknown] db=[unknown] app=[unknown] client=[local] LOG:  connection received: host=[local]
2026-01-05 16:14:36.636 GMT [14468] user=[unknown] db=[unknown] app=[unknown] client=[local] LOG:  connection received: host=[local]
2026-01-05 16:14:46.751 GMT [14477] user=[unknown] db=[unknown] app=[unknown] client=[local] LOG:  connection received: host=[local]
2026-01-05 16:14:56.869 GMT [14484] user=[unknown] db=[unknown] app=[unknown] client=[local] LOG:  connection received: host=[local]
2026-01-05 16:15:07.083 GMT [14492] user=[unknown] db=[unknown] app=[unknown] client=[local] LOG:  connection received: host=[local]
2026-01-05 16:15:17.188 GMT [14499] user=[unknown] db=[unknown] app=[unknown] client=[local] LOG:  connection received: host=[local]
2026-01-05 16:15:27.296 GMT [14506] user=[unknown] db=[unknown] app=[unknown] client=[local] LOG:  connection received: host=[local]
2026-01-05 16:15:37.553 GMT [14513] user=[unknown] db=[unknown] app=[unknown] client=[local] LOG:  connection received: host=[local]
2026-01-05 16:15:47.664 GMT [14522] user=[unknown] db=[unknown] app=[unknown] client=[local] LOG:  connection received: host=[local]
2026-01-05 16:15:57.775 GMT [14529] user=[unknown] db=[unknown] app=[unknown] client=[local] LOG:  connection received: host=[local]
2026-01-05 16:16:08.050 GMT [14537] user=[unknown] db=[unknown] app=[unknown] client=[local] LOG:  connection received: host=[local]
2026-01-05 16:16:18.187 GMT [14544] user=[unknown] db=[unknown] app=[unknown] client=[local] LOG:  connection received: host=[local]
2026-01-05 16:16:28.373 GMT [14551] user=[unknown] db=[unknown] app=[unknown] client=[local] LOG:  connection received: host=[local]
2026-01-05 16:16:38.538 GMT [14558] user=[unknown] db=[unknown] app=[unknown] client=[local] LOG:  connection received: host=[local]
2026-01-05 16:16:48.646 GMT [14567] user=[unknown] db=[unknown] app=[unknown] client=[local] LOG:  connection received: host=[local]
2026-01-05 16:16:58.762 GMT [14574] user=[unknown] db=[unknown] app=[unknown] client=[local] LOG:  connection received: host=[local]
2026-01-05 16:17:08.948 GMT [14582] user=[unknown] db=[unknown] app=[unknown] client=[local] LOG:  connection received: host=[local]
2026-01-05 16:17:19.063 GMT [14589] user=[unknown] db=[unknown] app=[unknown] client=[local] LOG:  connection received: host=[local]
2026-01-05 16:17:29.186 GMT [14596] user=[unknown] db=[unknown] app=[unknown] client=[local] LOG:  connection received: host=[local]
2026-01-05 16:17:39.429 GMT [14603] user=[unknown] db=[unknown] app=[unknown] client=[local] LOG:  connection received: host=[local]
2026-01-05 16:17:49.547 GMT [14612] user=[unknown] db=[unknown] app=[unknown] client=[local] LOG:  connection received: host=[local]
2026-01-05 16:17:59.677 GMT [14619] user=[unknown] db=[unknown] app=[unknown] client=[local] LOG:  connection received: host=[local]
2026-01-05 16:18:09.883 GMT [14627] user=[unknown] db=[unknown] app=[unknown] client=[local] LOG:  connection received: host=[local]
2026-01-05 16:18:20.004 GMT [14634] user=[unknown] db=[unknown] app=[unknown] client=[local] LOG:  connection received: host=[local]
2026-01-05 16:18:30.151 GMT [14641] user=[unknown] db=[unknown] app=[unknown] client=[local] LOG:  connection received: host=[local]
2026-01-05 16:18:40.381 GMT [14649] user=[unknown] db=[unknown] app=[unknown] client=[local] LOG:  connection received: host=[local]
2026-01-05 16:18:50.558 GMT [14657] user=[unknown] db=[unknown] app=[unknown] client=[local] LOG:  connection received: host=[local]
2026-01-05 16:19:00.732 GMT [14665] user=[unknown] db=[unknown] app=[unknown] client=[local] LOG:  connection received: host=[local]
2026-01-05 16:19:10.869 GMT [14673] user=[unknown] db=[unknown] app=[unknown] client=[local] LOG:  connection received: host=[local]
2026-01-05 16:19:20.977 GMT [14680] user=[unknown] db=[unknown] app=[unknown] client=[local] LOG:  connection received: host=[local]
2026-01-05 16:19:31.223 GMT [14687] user=[unknown] db=[unknown] app=[unknown] client=[local] LOG:  connection received: host=[local]
2026-01-05 16:19:41.386 GMT [14695] user=[unknown] db=[unknown] app=[unknown] client=[local] LOG:  connection received: host=[local]
2026-01-05 16:19:51.499 GMT [14704] user=[unknown] db=[unknown] app=[unknown] client=[local] LOG:  connection received: host=[local]
2026-01-05 16:20:01.831 GMT [14711] user=[unknown] db=[unknown] app=[unknown] client=[local] LOG:  connection received: host=[local]
2026-01-05 16:20:11.959 GMT [14719] user=[unknown] db=[unknown] app=[unknown] client=[local] LOG:  connection received: host=[local]
2026-01-05 16:20:22.092 GMT [14726] user=[unknown] db=[unknown] app=[unknown] client=[local] LOG:  connection received: host=[local]
2026-01-05 16:20:32.286 GMT [14733] user=[unknown] db=[unknown] app=[unknown] client=[local] LOG:  connection received: host=[local]
2026-01-05 16:20:42.405 GMT [14741] user=[unknown] db=[unknown] app=[unknown] client=[local] LOG:  connection received: host=[local]
2026-01-05 16:20:52.511 GMT [14749] user=[unknown] db=[unknown] app=[unknown] client=[local] LOG:  connection received: host=[local]
2026-01-05 16:21:02.758 GMT [14756] user=[unknown] db=[unknown] app=[unknown] client=[local] LOG:  connection received: host=[local]
2026-01-05 16:21:12.896 GMT [14764] user=[unknown] db=[unknown] app=[unknown] client=[local] LOG:  connection received: host=[local]
2026-01-05 16:21:23.007 GMT [14771] user=[unknown] db=[unknown] app=[unknown] client=[local] LOG:  connection received: host=[local]
2026-01-05 16:21:33.199 GMT [14778] user=[unknown] db=[unknown] app=[unknown] client=[local] LOG:  connection received: host=[local]
2026-01-05 16:21:43.316 GMT [14787] user=[unknown] db=[unknown] app=[unknown] client=[local] LOG:  connection received: host=[local]
2026-01-05 16:21:53.467 GMT [14796] user=[unknown] db=[unknown] app=[unknown] client=[local] LOG:  connection received: host=[local]
2026-01-05 16:22:03.773 GMT [14803] user=[unknown] db=[unknown] app=[unknown] client=[local] LOG:  connection received: host=[local]
2026-01-05 16:22:13.896 GMT [14811] user=[unknown] db=[unknown] app=[unknown] client=[local] LOG:  connection received: host=[local]
2026-01-05 16:22:24.023 GMT [14819] user=[unknown] db=[unknown] app=[unknown] client=[local] LOG:  connection received: host=[local]
2026-01-05 16:22:34.164 GMT [14826] user=[unknown] db=[unknown] app=[unknown] client=[local] LOG:  connection received: host=[local]
2026-01-05 16:22:44.287 GMT [14836] user=[unknown] db=[unknown] app=[unknown] client=[local] LOG:  connection received: host=[local]
2026-01-05 16:22:54.418 GMT [14843] user=[unknown] db=[unknown] app=[unknown] client=[local] LOG:  connection received: host=[local]
2026-01-05 16:23:04.692 GMT [14850] user=[unknown] db=[unknown] app=[unknown] client=[local] LOG:  connection received: host=[local]
2026-01-05 16:23:14.811 GMT [14858] user=[unknown] db=[unknown] app=[unknown] client=[local] LOG:  connection received: host=[local]
2026-01-05 16:23:24.937 GMT [14865] user=[unknown] db=[unknown] app=[unknown] client=[local] LOG:  connection received: host=[local]
2026-01-05 16:23:35.097 GMT [14872] user=[unknown] db=[unknown] app=[unknown] client=[local] LOG:  connection received: host=[local]
2026-01-05 16:23:45.216 GMT [14881] user=[unknown] db=[unknown] app=[unknown] client=[local] LOG:  connection received: host=[local]
2026-01-05 16:23:55.333 GMT [14888] user=[unknown] db=[unknown] app=[unknown] client=[local] LOG:  connection received: host=[local]
2026-01-05 16:24:05.643 GMT [14895] user=[unknown] db=[unknown] app=[unknown] client=[local] LOG:  connection received: host=[local]
2026-01-05 16:24:15.749 GMT [14903] user=[unknown] db=[unknown] app=[unknown] client=[local] LOG:  connection received: host=[local]
2026-01-05 16:24:25.872 GMT [14910] user=[unknown] db=[unknown] app=[unknown] client=[local] LOG:  connection received: host=[local]
2026-01-05 16:24:36.011 GMT [14917] user=[unknown] db=[unknown] app=[unknown] client=[local] LOG:  connection received: host=[local]
2026-01-05 16:24:46.117 GMT [14926] user=[unknown] db=[unknown] app=[unknown] client=[local] LOG:  connection received: host=[local]
2026-01-05 16:24:56.212 GMT [14933] user=[unknown] db=[unknown] app=[unknown] client=[local] LOG:  connection received: host=[local]
2026-01-05 16:25:06.437 GMT [14940] user=[unknown] db=[unknown] app=[unknown] client=[local] LOG:  connection received: host=[local]
2026-01-05 16:25:16.633 GMT [14948] user=[unknown] db=[unknown] app=[unknown] client=[local] LOG:  connection received: host=[local]
2026-01-05 16:25:26.738 GMT [14955] user=[unknown] db=[unknown] app=[unknown] client=[local] LOG:  connection received: host=[local]
2026-01-05 16:25:36.882 GMT [14962] user=[unknown] db=[unknown] app=[unknown] client=[local] LOG:  connection received: host=[local]
2026-01-05 16:25:47.012 GMT [14971] user=[unknown] db=[unknown] app=[unknown] client=[local] LOG:  connection received: host=[local]
2026-01-05 16:25:57.121 GMT [14978] user=[unknown] db=[unknown] app=[unknown] client=[local] LOG:  connection received: host=[local]
2026-01-05 16:26:07.355 GMT [14986] user=[unknown] db=[unknown] app=[unknown] client=[local] LOG:  connection received: host=[local]
2026-01-05 16:26:17.485 GMT [14993] user=[unknown] db=[unknown] app=[unknown] client=[local] LOG:  connection received: host=[local]
2026-01-05 16:26:27.631 GMT [15001] user=[unknown] db=[unknown] app=[unknown] client=[local] LOG:  connection received: host=[local]
2026-01-05 16:26:37.781 GMT [15009] user=[unknown] db=[unknown] app=[unknown] client=[local] LOG:  connection received: host=[local]
2026-01-05 16:26:47.888 GMT [15018] user=[unknown] db=[unknown] app=[unknown] client=[local] LOG:  connection received: host=[local]
2026-01-05 16:26:57.996 GMT [15025] user=[unknown] db=[unknown] app=[unknown] client=[local] LOG:  connection received: host=[local]
2026-01-05 16:27:08.223 GMT [15033] user=[unknown] db=[unknown] app=[unknown] client=[local] LOG:  connection received: host=[local]
2026-01-05 16:27:18.396 GMT [15040] user=[unknown] db=[unknown] app=[unknown] client=[local] LOG:  connection received: host=[local]
2026-01-05 16:27:28.536 GMT [15047] user=[unknown] db=[unknown] app=[unknown] client=[local] LOG:  connection received: host=[local]
2026-01-05 16:27:38.733 GMT [15054] user=[unknown] db=[unknown] app=[unknown] client=[local] LOG:  connection received: host=[local]
2026-01-05 16:27:48.868 GMT [15063] user=[unknown] db=[unknown] app=[unknown] client=[local] LOG:  connection received: host=[local]
2026-01-05 16:27:58.983 GMT [15070] user=[unknown] db=[unknown] app=[unknown] client=[local] LOG:  connection received: host=[local]
2026-01-05 16:28:09.266 GMT [15078] user=[unknown] db=[unknown] app=[unknown] client=[local] LOG:  connection received: host=[local]
2026-01-05 16:28:19.388 GMT [15085] user=[unknown] db=[unknown] app=[unknown] client=[local] LOG:  connection received: host=[local]
2026-01-05 16:28:29.501 GMT [15093] user=[unknown] db=[unknown] app=[unknown] client=[local] LOG:  connection received: host=[local]
2026-01-05 16:28:39.708 GMT [15100] user=[unknown] db=[unknown] app=[unknown] client=[local] LOG:  connection received: host=[local]
2026-01-05 16:28:49.857 GMT [15110] user=[unknown] db=[unknown] app=[unknown] client=[local] LOG:  connection received: host=[local]
2026-01-05 16:28:59.958 GMT [15118] user=[unknown] db=[unknown] app=[unknown] client=[local] LOG:  connection received: host=[local]
2026-01-05 16:29:10.142 GMT [15126] user=[unknown] db=[unknown] app=[unknown] client=[local] LOG:  connection received: host=[local]
2026-01-05 16:29:20.274 GMT [15133] user=[unknown] db=[unknown] app=[unknown] client=[local] LOG:  connection received: host=[local]
2026-01-05 16:29:30.419 GMT [15140] user=[unknown] db=[unknown] app=[unknown] client=[local] LOG:  connection received: host=[local]
2026-01-05 16:29:40.682 GMT [15147] user=[unknown] db=[unknown] app=[unknown] client=[local] LOG:  connection received: host=[local]
2026-01-05 16:29:50.788 GMT [15156] user=[unknown] db=[unknown] app=[unknown] client=[local] LOG:  connection received: host=[local]
2026-01-05 16:30:00.939 GMT [15163] user=[unknown] db=[unknown] app=[unknown] client=[local] LOG:  connection received: host=[local]
2026-01-05 16:30:11.115 GMT [15171] user=[unknown] db=[unknown] app=[unknown] client=[local] LOG:  connection received: host=[local]
2026-01-05 16:30:21.237 GMT [15178] user=[unknown] db=[unknown] app=[unknown] client=[local] LOG:  connection received: host=[local]
2026-01-05 16:30:31.397 GMT [15185] user=[unknown] db=[unknown] app=[unknown] client=[local] LOG:  connection received: host=[local]
2026-01-05 16:30:41.541 GMT [15193] user=[unknown] db=[unknown] app=[unknown] client=[local] LOG:  connection received: host=[local]
2026-01-05 16:30:51.753 GMT [15202] user=[unknown] db=[unknown] app=[unknown] client=[local] LOG:  connection received: host=[local]
2026-01-05 16:31:01.901 GMT [15209] user=[unknown] db=[unknown] app=[unknown] client=[local] LOG:  connection received: host=[local]
2026-01-05 16:31:12.031 GMT [15217] user=[unknown] db=[unknown] app=[unknown] client=[local] LOG:  connection received: host=[local]
2026-01-05 16:31:22.159 GMT [15224] user=[unknown] db=[unknown] app=[unknown] client=[local] LOG:  connection received: host=[local]
2026-01-05 16:31:32.299 GMT [15231] user=[unknown] db=[unknown] app=[unknown] client=[local] LOG:  connection received: host=[local]
2026-01-05 16:31:42.415 GMT [15239] user=[unknown] db=[unknown] app=[unknown] client=[local] LOG:  connection received: host=[local]
2026-01-05 16:31:52.543 GMT [15248] user=[unknown] db=[unknown] app=[unknown] client=[local] LOG:  connection received: host=[local]
2026-01-05 16:32:02.911 GMT [15255] user=[unknown] db=[unknown] app=[unknown] client=[local] LOG:  connection received: host=[local]
2026-01-05 16:32:13.008 GMT [15263] user=[unknown] db=[unknown] app=[unknown] client=[local] LOG:  connection received: host=[local]
2026-01-05 16:32:23.128 GMT [15271] user=[unknown] db=[unknown] app=[unknown] client=[local] LOG:  connection received: host=[local]
2026-01-05 16:32:33.297 GMT [15278] user=[unknown] db=[unknown] app=[unknown] client=[local] LOG:  connection received: host=[local]
2026-01-05 16:32:43.419 GMT [15286] user=[unknown] db=[unknown] app=[unknown] client=[local] LOG:  connection received: host=[local]
2026-01-05 16:32:53.526 GMT [15294] user=[unknown] db=[unknown] app=[unknown] client=[local] LOG:  connection received: host=[local]
2026-01-05 16:33:03.776 GMT [15301] user=[unknown] db=[unknown] app=[unknown] client=[local] LOG:  connection received: host=[local]
2026-01-05 16:33:13.987 GMT [15309] user=[unknown] db=[unknown] app=[unknown] client=[local] LOG:  connection received: host=[local]
2026-01-05 16:33:24.093 GMT [15316] user=[unknown] db=[unknown] app=[unknown] client=[local] LOG:  connection received: host=[local]
2026-01-05 16:33:34.275 GMT [15323] user=[unknown] db=[unknown] app=[unknown] client=[local] LOG:  connection received: host=[local]
2026-01-05 16:33:44.393 GMT [15332] user=[unknown] db=[unknown] app=[unknown] client=[local] LOG:  connection received: host=[local]
2026-01-05 16:33:54.526 GMT [15339] user=[unknown] db=[unknown] app=[unknown] client=[local] LOG:  connection received: host=[local]
2026-01-05 16:34:04.857 GMT [15346] user=[unknown] db=[unknown] app=[unknown] client=[local] LOG:  connection received: host=[local]
2026-01-05 16:34:14.987 GMT [15354] user=[unknown] db=[unknown] app=[unknown] client=[local] LOG:  connection received: host=[local]
2026-01-05 16:34:25.132 GMT [15361] user=[unknown] db=[unknown] app=[unknown] client=[local] LOG:  connection received: host=[local]
2026-01-05 16:34:35.338 GMT [15368] user=[unknown] db=[unknown] app=[unknown] client=[local] LOG:  connection received: host=[local]
2026-01-05 16:34:45.466 GMT [15377] user=[unknown] db=[unknown] app=[unknown] client=[local] LOG:  connection received: host=[local]
2026-01-05 16:34:55.602 GMT [15384] user=[unknown] db=[unknown] app=[unknown] client=[local] LOG:  connection received: host=[local]
2026-01-05 16:35:05.836 GMT [15391] user=[unknown] db=[unknown] app=[unknown] client=[local] LOG:  connection received: host=[local]
2026-01-05 16:35:16.017 GMT [15399] user=[unknown] db=[unknown] app=[unknown] client=[local] LOG:  connection received: host=[local]
2026-01-05 16:35:26.175 GMT [15406] user=[unknown] db=[unknown] app=[unknown] client=[local] LOG:  connection received: host=[local]
2026-01-05 16:35:36.342 GMT [15413] user=[unknown] db=[unknown] app=[unknown] client=[local] LOG:  connection received: host=[local]
2026-01-05 16:35:46.465 GMT [15423] user=[unknown] db=[unknown] app=[unknown] client=[local] LOG:  connection received: host=[local]
2026-01-05 16:35:56.603 GMT [15430] user=[unknown] db=[unknown] app=[unknown] client=[local] LOG:  connection received: host=[local]
2026-01-05 16:36:06.901 GMT [15438] user=[unknown] db=[unknown] app=[unknown] client=[local] LOG:  connection received: host=[local]
2026-01-05 16:36:17.036 GMT [15446] user=[unknown] db=[unknown] app=[unknown] client=[local] LOG:  connection received: host=[local]
2026-01-05 16:36:27.191 GMT [15453] user=[unknown] db=[unknown] app=[unknown] client=[local] LOG:  connection received: host=[local]
2026-01-05 16:36:37.325 GMT [15460] user=[unknown] db=[unknown] app=[unknown] client=[local] LOG:  connection received: host=[local]
2026-01-05 16:36:47.441 GMT [15469] user=[unknown] db=[unknown] app=[unknown] client=[local] LOG:  connection received: host=[local]
2026-01-05 16:36:57.563 GMT [15476] user=[unknown] db=[unknown] app=[unknown] client=[local] LOG:  connection received: host=[local]
2026-01-05 16:37:07.791 GMT [15484] user=[unknown] db=[unknown] app=[unknown] client=[local] LOG:  connection received: host=[local]
2026-01-05 16:37:17.930 GMT [15491] user=[unknown] db=[unknown] app=[unknown] client=[local] LOG:  connection received: host=[local]
2026-01-05 16:37:28.059 GMT [15498] user=[unknown] db=[unknown] app=[unknown] client=[local] LOG:  connection received: host=[local]
2026-01-05 16:37:38.246 GMT [15505] user=[unknown] db=[unknown] app=[unknown] client=[local] LOG:  connection received: host=[local]
2026-01-05 16:37:48.375 GMT [15514] user=[unknown] db=[unknown] app=[unknown] client=[local] LOG:  connection received: host=[local]
2026-01-05 16:37:58.472 GMT [15521] user=[unknown] db=[unknown] app=[unknown] client=[local] LOG:  connection received: host=[local]
2026-01-05 16:38:08.760 GMT [15529] user=[unknown] db=[unknown] app=[unknown] client=[local] LOG:  connection received: host=[local]
2026-01-05 16:38:18.866 GMT [15536] user=[unknown] db=[unknown] app=[unknown] client=[local] LOG:  connection received: host=[local]
2026-01-05 16:38:29.003 GMT [15543] user=[unknown] db=[unknown] app=[unknown] client=[local] LOG:  connection received: host=[local]
2026-01-05 16:38:39.155 GMT [15551] user=[unknown] db=[unknown] app=[unknown] client=[local] LOG:  connection received: host=[local]
2026-01-05 16:38:49.284 GMT [15560] user=[unknown] db=[unknown] app=[unknown] client=[local] LOG:  connection received: host=[local]
2026-01-05 16:38:59.403 GMT [15567] user=[unknown] db=[unknown] app=[unknown] client=[local] LOG:  connection received: host=[local]
2026-01-05 16:39:09.582 GMT [15575] user=[unknown] db=[unknown] app=[unknown] client=[local] LOG:  connection received: host=[local]
2026-01-05 16:39:19.738 GMT [15582] user=[unknown] db=[unknown] app=[unknown] client=[local] LOG:  connection received: host=[local]
2026-01-05 16:39:29.885 GMT [15589] user=[unknown] db=[unknown] app=[unknown] client=[local] LOG:  connection received: host=[local]
2026-01-05 16:39:40.034 GMT [15596] user=[unknown] db=[unknown] app=[unknown] client=[local] LOG:  connection received: host=[local]
2026-01-05 16:39:50.162 GMT [15605] user=[unknown] db=[unknown] app=[unknown] client=[local] LOG:  connection received: host=[local]
2026-01-05 16:40:00.294 GMT [15612] user=[unknown] db=[unknown] app=[unknown] client=[local] LOG:  connection received: host=[local]
2026-01-05 16:40:10.587 GMT [15620] user=[unknown] db=[unknown] app=[unknown] client=[local] LOG:  connection received: host=[local]
2026-01-05 16:40:20.705 GMT [15627] user=[unknown] db=[unknown] app=[unknown] client=[local] LOG:  connection received: host=[local]
2026-01-05 16:40:30.854 GMT [15634] user=[unknown] db=[unknown] app=[unknown] client=[local] LOG:  connection received: host=[local]
2026-01-05 16:40:41.003 GMT [15641] user=[unknown] db=[unknown] app=[unknown] client=[local] LOG:  connection received: host=[local]
2026-01-05 16:40:51.125 GMT [15650] user=[unknown] db=[unknown] app=[unknown] client=[local] LOG:  connection received: host=[local]
2026-01-05 16:41:01.272 GMT [15657] user=[unknown] db=[unknown] app=[unknown] client=[local] LOG:  connection received: host=[local]
2026-01-05 16:41:11.439 GMT [15665] user=[unknown] db=[unknown] app=[unknown] client=[local] LOG:  connection received: host=[local]
2026-01-05 16:41:21.558 GMT [15672] user=[unknown] db=[unknown] app=[unknown] client=[local] LOG:  connection received: host=[local]
2026-01-05 16:41:31.676 GMT [15679] user=[unknown] db=[unknown] app=[unknown] client=[local] LOG:  connection received: host=[local]
2026-01-05 16:41:41.896 GMT [15686] user=[unknown] db=[unknown] app=[unknown] client=[local] LOG:  connection received: host=[local]
2026-01-05 16:41:52.027 GMT [15695] user=[unknown] db=[unknown] app=[unknown] client=[local] LOG:  connection received: host=[local]
2026-01-05 16:42:02.149 GMT [15702] user=[unknown] db=[unknown] app=[unknown] client=[local] LOG:  connection received: host=[local]
2026-01-05 16:42:12.345 GMT [15711] user=[unknown] db=[unknown] app=[unknown] client=[local] LOG:  connection received: host=[local]
2026-01-05 16:42:22.486 GMT [15719] user=[unknown] db=[unknown] app=[unknown] client=[local] LOG:  connection received: host=[local]
2026-01-05 16:42:32.646 GMT [15726] user=[unknown] db=[unknown] app=[unknown] client=[local] LOG:  connection received: host=[local]
2026-01-05 16:42:42.758 GMT [15733] user=[unknown] db=[unknown] app=[unknown] client=[local] LOG:  connection received: host=[local]
2026-01-05 16:42:52.921 GMT [15742] user=[unknown] db=[unknown] app=[unknown] client=[local] LOG:  connection received: host=[local]
2026-01-05 16:43:03.179 GMT [15749] user=[unknown] db=[unknown] app=[unknown] client=[local] LOG:  connection received: host=[local]
2026-01-05 16:43:13.306 GMT [15757] user=[unknown] db=[unknown] app=[unknown] client=[local] LOG:  connection received: host=[local]
2026-01-05 16:43:23.420 GMT [15764] user=[unknown] db=[unknown] app=[unknown] client=[local] LOG:  connection received: host=[local]
2026-01-05 16:43:33.659 GMT [15771] user=[unknown] db=[unknown] app=[unknown] client=[local] LOG:  connection received: host=[local]
2026-01-05 16:43:43.829 GMT [15779] user=[unknown] db=[unknown] app=[unknown] client=[local] LOG:  connection received: host=[local]
2026-01-05 16:43:53.933 GMT [15788] user=[unknown] db=[unknown] app=[unknown] client=[local] LOG:  connection received: host=[local]
2026-01-05 16:44:04.213 GMT [15795] user=[unknown] db=[unknown] app=[unknown] client=[local] LOG:  connection received: host=[local]
2026-01-05 16:44:14.327 GMT [15803] user=[unknown] db=[unknown] app=[unknown] client=[local] LOG:  connection received: host=[local]
2026-01-05 16:44:24.475 GMT [15810] user=[unknown] db=[unknown] app=[unknown] client=[local] LOG:  connection received: host=[local]
2026-01-05 16:44:34.702 GMT [15817] user=[unknown] db=[unknown] app=[unknown] client=[local] LOG:  connection received: host=[local]
2026-01-05 16:44:44.820 GMT [15826] user=[unknown] db=[unknown] app=[unknown] client=[local] LOG:  connection received: host=[local]
2026-01-05 16:44:54.964 GMT [15834] user=[unknown] db=[unknown] app=[unknown] client=[local] LOG:  connection received: host=[local]
2026-01-05 16:45:05.193 GMT [15841] user=[unknown] db=[unknown] app=[unknown] client=[local] LOG:  connection received: host=[local]
2026-01-05 16:45:15.315 GMT [15849] user=[unknown] db=[unknown] app=[unknown] client=[local] LOG:  connection received: host=[local]
2026-01-05 16:45:25.433 GMT [15856] user=[unknown] db=[unknown] app=[unknown] client=[local] LOG:  connection received: host=[local]
2026-01-05 16:45:35.657 GMT [15863] user=[unknown] db=[unknown] app=[unknown] client=[local] LOG:  connection received: host=[local]
2026-01-05 16:45:45.769 GMT [15872] user=[unknown] db=[unknown] app=[unknown] client=[local] LOG:  connection received: host=[local]
2026-01-05 16:45:55.888 GMT [15879] user=[unknown] db=[unknown] app=[unknown] client=[local] LOG:  connection received: host=[local]
2026-01-05 16:46:06.132 GMT [15886] user=[unknown] db=[unknown] app=[unknown] client=[local] LOG:  connection received: host=[local]
2026-01-05 16:46:16.252 GMT [15894] user=[unknown] db=[unknown] app=[unknown] client=[local] LOG:  connection received: host=[local]
2026-01-05 16:46:26.386 GMT [15902] user=[unknown] db=[unknown] app=[unknown] client=[local] LOG:  connection received: host=[local]
2026-01-05 16:46:36.535 GMT [15909] user=[unknown] db=[unknown] app=[unknown] client=[local] LOG:  connection received: host=[local]
2026-01-05 16:46:46.669 GMT [15918] user=[unknown] db=[unknown] app=[unknown] client=[local] LOG:  connection received: host=[local]
2026-01-05 16:46:56.771 GMT [15925] user=[unknown] db=[unknown] app=[unknown] client=[local] LOG:  connection received: host=[local]
2026-01-05 16:47:07.037 GMT [15932] user=[unknown] db=[unknown] app=[unknown] client=[local] LOG:  connection received: host=[local]
2026-01-05 16:47:17.197 GMT [15940] user=[unknown] db=[unknown] app=[unknown] client=[local] LOG:  connection received: host=[local]
2026-01-05 16:47:27.329 GMT [15947] user=[unknown] db=[unknown] app=[unknown] client=[local] LOG:  connection received: host=[local]
2026-01-05 16:47:37.529 GMT [15954] user=[unknown] db=[unknown] app=[unknown] client=[local] LOG:  connection received: host=[local]
2026-01-05 16:47:47.674 GMT [15964] user=[unknown] db=[unknown] app=[unknown] client=[local] LOG:  connection received: host=[local]
2026-01-05 16:47:57.791 GMT [15972] user=[unknown] db=[unknown] app=[unknown] client=[local] LOG:  connection received: host=[local]
2026-01-05 16:48:08.036 GMT [15979] user=[unknown] db=[unknown] app=[unknown] client=[local] LOG:  connection received: host=[local]
2026-01-05 16:48:18.170 GMT [15987] user=[unknown] db=[unknown] app=[unknown] client=[local] LOG:  connection received: host=[local]
2026-01-05 16:48:28.378 GMT [15994] user=[unknown] db=[unknown] app=[unknown] client=[local] LOG:  connection received: host=[local]
2026-01-05 16:48:38.518 GMT [16001] user=[unknown] db=[unknown] app=[unknown] client=[local] LOG:  connection received: host=[local]
2026-01-05 16:48:48.666 GMT [16010] user=[unknown] db=[unknown] app=[unknown] client=[local] LOG:  connection received: host=[local]
2026-01-05 16:48:58.780 GMT [16017] user=[unknown] db=[unknown] app=[unknown] client=[local] LOG:  connection received: host=[local]
2026-01-05 16:49:09.020 GMT [16026] user=[unknown] db=[unknown] app=[unknown] client=[local] LOG:  connection received: host=[local]
2026-01-05 16:49:19.134 GMT [16033] user=[unknown] db=[unknown] app=[unknown] client=[local] LOG:  connection received: host=[local]
2026-01-05 16:49:29.274 GMT [16040] user=[unknown] db=[unknown] app=[unknown] client=[local] LOG:  connection received: host=[local]
2026-01-05 16:49:39.437 GMT [16047] user=[unknown] db=[unknown] app=[unknown] client=[local] LOG:  connection received: host=[local]
2026-01-05 16:49:49.562 GMT [16056] user=[unknown] db=[unknown] app=[unknown] client=[local] LOG:  connection received: host=[local]
2026-01-05 16:49:59.711 GMT [16064] user=[unknown] db=[unknown] app=[unknown] client=[local] LOG:  connection received: host=[local]
2026-01-05 16:50:09.937 GMT [16072] user=[unknown] db=[unknown] app=[unknown] client=[local] LOG:  connection received: host=[local]
2026-01-05 16:50:20.059 GMT [16078] user=[unknown] db=[unknown] app=[unknown] client=[local] LOG:  connection received: host=[local]
2026-01-05 16:50:30.271 GMT [16085] user=[unknown] db=[unknown] app=[unknown] client=[local] LOG:  connection received: host=[local]
2026-01-05 16:50:40.429 GMT [16092] user=[unknown] db=[unknown] app=[unknown] client=[local] LOG:  connection received: host=[local]
2026-01-05 16:50:50.555 GMT [16101] user=[unknown] db=[unknown] app=[unknown] client=[local] LOG:  connection received: host=[local]
2026-01-05 16:51:00.722 GMT [16109] user=[unknown] db=[unknown] app=[unknown] client=[local] LOG:  connection received: host=[local]
2026-01-05 16:51:11.006 GMT [16117] user=[unknown] db=[unknown] app=[unknown] client=[local] LOG:  connection received: host=[local]
2026-01-05 16:51:21.124 GMT [16124] user=[unknown] db=[unknown] app=[unknown] client=[local] LOG:  connection received: host=[local]
2026-01-05 16:51:31.238 GMT [16131] user=[unknown] db=[unknown] app=[unknown] client=[local] LOG:  connection received: host=[local]
2026-01-05 16:51:41.413 GMT [16138] user=[unknown] db=[unknown] app=[unknown] client=[local] LOG:  connection received: host=[local]
2026-01-05 16:51:51.523 GMT [16147] user=[unknown] db=[unknown] app=[unknown] client=[local] LOG:  connection received: host=[local]
2026-01-05 16:52:01.650 GMT [16154] user=[unknown] db=[unknown] app=[unknown] client=[local] LOG:  connection received: host=[local]
2026-01-05 16:52:11.846 GMT [16162] user=[unknown] db=[unknown] app=[unknown] client=[local] LOG:  connection received: host=[local]
2026-01-05 16:52:21.998 GMT [16168] user=[unknown] db=[unknown] app=[unknown] client=[local] LOG:  connection received: host=[local]
2026-01-05 16:52:32.102 GMT [16175] user=[unknown] db=[unknown] app=[unknown] client=[local] LOG:  connection received: host=[local]
2026-01-05 16:52:42.262 GMT [16182] user=[unknown] db=[unknown] app=[unknown] client=[local] LOG:  connection received: host=[local]
2026-01-05 16:52:52.463 GMT [16191] user=[unknown] db=[unknown] app=[unknown] client=[local] LOG:  connection received: host=[local]
2026-01-05 16:53:02.563 GMT [16198] user=[unknown] db=[unknown] app=[unknown] client=[local] LOG:  connection received: host=[local]
2026-01-05 16:53:12.715 GMT [16207] user=[unknown] db=[unknown] app=[unknown] client=[local] LOG:  connection received: host=[local]
2026-01-05 16:53:22.868 GMT [16215] user=[unknown] db=[unknown] app=[unknown] client=[local] LOG:  connection received: host=[local]
2026-01-05 16:53:32.999 GMT [16222] user=[unknown] db=[unknown] app=[unknown] client=[local] LOG:  connection received: host=[local]
2026-01-05 16:53:43.095 GMT [16229] user=[unknown] db=[unknown] app=[unknown] client=[local] LOG:  connection received: host=[local]
2026-01-05 16:53:53.211 GMT [16238] user=[unknown] db=[unknown] app=[unknown] client=[local] LOG:  connection received: host=[local]
2026-01-05 16:54:03.373 GMT [16245] user=[unknown] db=[unknown] app=[unknown] client=[local] LOG:  connection received: host=[local]
2026-01-05 16:54:13.538 GMT [16253] user=[unknown] db=[unknown] app=[unknown] client=[local] LOG:  connection received: host=[local]
2026-01-05 16:54:23.659 GMT [16260] user=[unknown] db=[unknown] app=[unknown] client=[local] LOG:  connection received: host=[local]
2026-01-05 16:54:33.828 GMT [16267] user=[unknown] db=[unknown] app=[unknown] client=[local] LOG:  connection received: host=[local]
2026-01-05 16:54:43.952 GMT [16274] user=[unknown] db=[unknown] app=[unknown] client=[local] LOG:  connection received: host=[local]
2026-01-05 16:54:54.077 GMT [16283] user=[unknown] db=[unknown] app=[unknown] client=[local] LOG:  connection received: host=[local]
2026-01-05 16:55:04.222 GMT [16290] user=[unknown] db=[unknown] app=[unknown] client=[local] LOG:  connection received: host=[local]
2026-01-05 16:55:14.362 GMT [16298] user=[unknown] db=[unknown] app=[unknown] client=[local] LOG:  connection received: host=[local]
2026-01-05 16:55:24.466 GMT [16305] user=[unknown] db=[unknown] app=[unknown] client=[local] LOG:  connection received: host=[local]
2026-01-05 16:55:34.723 GMT [16311] user=[unknown] db=[unknown] app=[unknown] client=[local] LOG:  connection received: host=[local]
2026-01-05 16:55:44.828 GMT [16319] user=[unknown] db=[unknown] app=[unknown] client=[local] LOG:  connection received: host=[local]
2026-01-05 16:55:54.987 GMT [16327] user=[unknown] db=[unknown] app=[unknown] client=[local] LOG:  connection received: host=[local]
2026-01-05 16:56:05.269 GMT [16334] user=[unknown] db=[unknown] app=[unknown] client=[local] LOG:  connection received: host=[local]
2026-01-05 16:56:15.400 GMT [16343] user=[unknown] db=[unknown] app=[unknown] client=[local] LOG:  connection received: host=[local]
2026-01-05 16:56:25.520 GMT [16350] user=[unknown] db=[unknown] app=[unknown] client=[local] LOG:  connection received: host=[local]
2026-01-05 16:56:35.643 GMT [16357] user=[unknown] db=[unknown] app=[unknown] client=[local] LOG:  connection received: host=[local]
2026-01-05 16:56:45.774 GMT [16366] user=[unknown] db=[unknown] app=[unknown] client=[local] LOG:  connection received: host=[local]
2026-01-05 16:56:55.923 GMT [16373] user=[unknown] db=[unknown] app=[unknown] client=[local] LOG:  connection received: host=[local]
2026-01-05 16:57:06.130 GMT [16380] user=[unknown] db=[unknown] app=[unknown] client=[local] LOG:  connection received: host=[local]
2026-01-05 16:57:16.258 GMT [16388] user=[unknown] db=[unknown] app=[unknown] client=[local] LOG:  connection received: host=[local]
2026-01-05 16:57:26.367 GMT [16395] user=[unknown] db=[unknown] app=[unknown] client=[local] LOG:  connection received: host=[local]
2026-01-05 16:57:36.521 GMT [16402] user=[unknown] db=[unknown] app=[unknown] client=[local] LOG:  connection received: host=[local]
2026-01-05 16:57:46.635 GMT [16411] user=[unknown] db=[unknown] app=[unknown] client=[local] LOG:  connection received: host=[local]
2026-01-05 16:57:56.776 GMT [16418] user=[unknown] db=[unknown] app=[unknown] client=[local] LOG:  connection received: host=[local]
2026-01-05 16:58:07.002 GMT [16425] user=[unknown] db=[unknown] app=[unknown] client=[local] LOG:  connection received: host=[local]
2026-01-05 16:58:17.119 GMT [16433] user=[unknown] db=[unknown] app=[unknown] client=[local] LOG:  connection received: host=[local]
2026-01-05 16:58:27.252 GMT [16440] user=[unknown] db=[unknown] app=[unknown] client=[local] LOG:  connection received: host=[local]
2026-01-05 16:58:37.396 GMT [16448] user=[unknown] db=[unknown] app=[unknown] client=[local] LOG:  connection received: host=[local]
2026-01-05 16:58:47.522 GMT [16457] user=[unknown] db=[unknown] app=[unknown] client=[local] LOG:  connection received: host=[local]
2026-01-05 16:58:57.665 GMT [16464] user=[unknown] db=[unknown] app=[unknown] client=[local] LOG:  connection received: host=[local]
2026-01-05 16:59:07.800 GMT [16471] user=[unknown] db=[unknown] app=[unknown] client=[local] LOG:  connection received: host=[local]
2026-01-05 16:59:17.904 GMT [16479] user=[unknown] db=[unknown] app=[unknown] client=[local] LOG:  connection received: host=[local]
2026-01-05 16:59:28.025 GMT [16486] user=[unknown] db=[unknown] app=[unknown] client=[local] LOG:  connection received: host=[local]
2026-01-05 16:59:38.172 GMT [16493] user=[unknown] db=[unknown] app=[unknown] client=[local] LOG:  connection received: host=[local]
2026-01-05 16:59:48.310 GMT [16503] user=[unknown] db=[unknown] app=[unknown] client=[local] LOG:  connection received: host=[local]
2026-01-05 16:59:58.418 GMT [16511] user=[unknown] db=[unknown] app=[unknown] client=[local] LOG:  connection received: host=[local]
2026-01-05 17:00:08.696 GMT [16518] user=[unknown] db=[unknown] app=[unknown] client=[local] LOG:  connection received: host=[local]
2026-01-05 17:00:18.821 GMT [16526] user=[unknown] db=[unknown] app=[unknown] client=[local] LOG:  connection received: host=[local]
2026-01-05 17:00:28.959 GMT [16533] user=[unknown] db=[unknown] app=[unknown] client=[local] LOG:  connection received: host=[local]
2026-01-05 17:00:39.111 GMT [16540] user=[unknown] db=[unknown] app=[unknown] client=[local] LOG:  connection received: host=[local]
2026-01-05 17:00:49.248 GMT [16549] user=[unknown] db=[unknown] app=[unknown] client=[local] LOG:  connection received: host=[local]
2026-01-05 17:00:59.339 GMT [16557] user=[unknown] db=[unknown] app=[unknown] client=[local] LOG:  connection received: host=[local]
2026-01-05 17:01:09.560 GMT [16565] user=[unknown] db=[unknown] app=[unknown] client=[local] LOG:  connection received: host=[local]
2026-01-05 17:01:19.759 GMT [16572] user=[unknown] db=[unknown] app=[unknown] client=[local] LOG:  connection received: host=[local]
2026-01-05 17:01:29.881 GMT [16579] user=[unknown] db=[unknown] app=[unknown] client=[local] LOG:  connection received: host=[local]
2026-01-05 17:01:40.049 GMT [16586] user=[unknown] db=[unknown] app=[unknown] client=[local] LOG:  connection received: host=[local]
2026-01-05 17:01:50.167 GMT [16595] user=[unknown] db=[unknown] app=[unknown] client=[local] LOG:  connection received: host=[local]
2026-01-05 17:02:00.275 GMT [16602] user=[unknown] db=[unknown] app=[unknown] client=[local] LOG:  connection received: host=[local]
2026-01-05 17:02:10.474 GMT [16610] user=[unknown] db=[unknown] app=[unknown] client=[local] LOG:  connection received: host=[local]
2026-01-05 17:02:20.621 GMT [16617] user=[unknown] db=[unknown] app=[unknown] client=[local] LOG:  connection received: host=[local]
2026-01-05 17:02:30.749 GMT [16624] user=[unknown] db=[unknown] app=[unknown] client=[local] LOG:  connection received: host=[local]
2026-01-05 17:02:40.886 GMT [16632] user=[unknown] db=[unknown] app=[unknown] client=[local] LOG:  connection received: host=[local]
2026-01-05 17:02:51.056 GMT [16641] user=[unknown] db=[unknown] app=[unknown] client=[local] LOG:  connection received: host=[local]
2026-01-05 17:03:01.186 GMT [16649] user=[unknown] db=[unknown] app=[unknown] client=[local] LOG:  connection received: host=[local]
2026-01-05 17:03:11.438 GMT [16657] user=[unknown] db=[unknown] app=[unknown] client=[local] LOG:  connection received: host=[local]
2026-01-05 17:03:21.556 GMT [16664] user=[unknown] db=[unknown] app=[unknown] client=[local] LOG:  connection received: host=[local]
2026-01-05 17:03:31.727 GMT [16671] user=[unknown] db=[unknown] app=[unknown] client=[local] LOG:  connection received: host=[local]
2026-01-05 17:03:41.858 GMT [16678] user=[unknown] db=[unknown] app=[unknown] client=[local] LOG:  connection received: host=[local]
2026-01-05 17:03:51.987 GMT [16687] user=[unknown] db=[unknown] app=[unknown] client=[local] LOG:  connection received: host=[local]
2026-01-05 17:04:02.168 GMT [16694] user=[unknown] db=[unknown] app=[unknown] client=[local] LOG:  connection received: host=[local]
2026-01-05 17:04:12.391 GMT [16702] user=[unknown] db=[unknown] app=[unknown] client=[local] LOG:  connection received: host=[local]
2026-01-05 17:04:22.514 GMT [16709] user=[unknown] db=[unknown] app=[unknown] client=[local] LOG:  connection received: host=[local]
2026-01-05 17:04:32.640 GMT [16716] user=[unknown] db=[unknown] app=[unknown] client=[local] LOG:  connection received: host=[local]
2026-01-05 17:04:42.833 GMT [16723] user=[unknown] db=[unknown] app=[unknown] client=[local] LOG:  connection received: host=[local]
2026-01-05 17:04:52.962 GMT [16732] user=[unknown] db=[unknown] app=[unknown] client=[local] LOG:  connection received: host=[local]
2026-01-05 17:05:03.084 GMT [16739] user=[unknown] db=[unknown] app=[unknown] client=[local] LOG:  connection received: host=[local]
2026-01-05 17:05:13.300 GMT [16747] user=[unknown] db=[unknown] app=[unknown] client=[local] LOG:  connection received: host=[local]
2026-01-05 17:05:23.437 GMT [16754] user=[unknown] db=[unknown] app=[unknown] client=[local] LOG:  connection received: host=[local]
2026-01-05 17:05:33.560 GMT [16761] user=[unknown] db=[unknown] app=[unknown] client=[local] LOG:  connection received: host=[local]
2026-01-05 17:05:43.814 GMT [16768] user=[unknown] db=[unknown] app=[unknown] client=[local] LOG:  connection received: host=[local]
2026-01-05 17:05:54.164 GMT [16777] user=[unknown] db=[unknown] app=[unknown] client=[local] LOG:  connection received: host=[local]
2026-01-05 17:06:04.313 GMT [16784] user=[unknown] db=[unknown] app=[unknown] client=[local] LOG:  connection received: host=[local]
2026-01-05 17:06:14.481 GMT [16793] user=[unknown] db=[unknown] app=[unknown] client=[local] LOG:  connection received: host=[local]
2026-01-05 17:06:24.612 GMT [16800] user=[unknown] db=[unknown] app=[unknown] client=[local] LOG:  connection received: host=[local]
2026-01-05 17:06:34.791 GMT [16807] user=[unknown] db=[unknown] app=[unknown] client=[local] LOG:  connection received: host=[local]
2026-01-05 17:06:44.914 GMT [16814] user=[unknown] db=[unknown] app=[unknown] client=[local] LOG:  connection received: host=[local]
2026-01-05 17:06:55.074 GMT [16823] user=[unknown] db=[unknown] app=[unknown] client=[local] LOG:  connection received: host=[local]
2026-01-05 17:07:05.357 GMT [16830] user=[unknown] db=[unknown] app=[unknown] client=[local] LOG:  connection received: host=[local]
2026-01-05 17:07:15.488 GMT [16838] user=[unknown] db=[unknown] app=[unknown] client=[local] LOG:  connection received: host=[local]
2026-01-05 17:07:25.616 GMT [16845] user=[unknown] db=[unknown] app=[unknown] client=[local] LOG:  connection received: host=[local]
2026-01-05 17:07:35.748 GMT [16852] user=[unknown] db=[unknown] app=[unknown] client=[local] LOG:  connection received: host=[local]
2026-01-05 17:07:45.878 GMT [16861] user=[unknown] db=[unknown] app=[unknown] client=[local] LOG:  connection received: host=[local]
2026-01-05 17:07:56.019 GMT [16868] user=[unknown] db=[unknown] app=[unknown] client=[local] LOG:  connection received: host=[local]
2026-01-05 17:08:06.252 GMT [16875] user=[unknown] db=[unknown] app=[unknown] client=[local] LOG:  connection received: host=[local]
2026-01-05 17:08:16.421 GMT [16883] user=[unknown] db=[unknown] app=[unknown] client=[local] LOG:  connection received: host=[local]
2026-01-05 17:08:26.570 GMT [16890] user=[unknown] db=[unknown] app=[unknown] client=[local] LOG:  connection received: host=[local]
2026-01-05 17:08:36.737 GMT [16897] user=[unknown] db=[unknown] app=[unknown] client=[local] LOG:  connection received: host=[local]
2026-01-05 17:08:46.871 GMT [16906] user=[unknown] db=[unknown] app=[unknown] client=[local] LOG:  connection received: host=[local]
2026-01-05 17:08:57.008 GMT [16913] user=[unknown] db=[unknown] app=[unknown] client=[local] LOG:  connection received: host=[local]
2026-01-05 17:09:07.279 GMT [16920] user=[unknown] db=[unknown] app=[unknown] client=[local] LOG:  connection received: host=[local]
2026-01-05 17:09:17.420 GMT [16928] user=[unknown] db=[unknown] app=[unknown] client=[local] LOG:  connection received: host=[local]
2026-01-05 17:09:27.546 GMT [16935] user=[unknown] db=[unknown] app=[unknown] client=[local] LOG:  connection received: host=[local]
2026-01-05 17:09:37.735 GMT [16942] user=[unknown] db=[unknown] app=[unknown] client=[local] LOG:  connection received: host=[local]
2026-01-05 17:09:47.884 GMT [16951] user=[unknown] db=[unknown] app=[unknown] client=[local] LOG:  connection received: host=[local]
2026-01-05 17:09:58.028 GMT [16958] user=[unknown] db=[unknown] app=[unknown] client=[local] LOG:  connection received: host=[local]
2026-01-05 17:10:08.299 GMT [16965] user=[unknown] db=[unknown] app=[unknown] client=[local] LOG:  connection received: host=[local]
2026-01-05 17:10:18.431 GMT [16973] user=[unknown] db=[unknown] app=[unknown] client=[local] LOG:  connection received: host=[local]
2026-01-05 17:10:28.633 GMT [16980] user=[unknown] db=[unknown] app=[unknown] client=[local] LOG:  connection received: host=[local]
2026-01-05 17:10:38.868 GMT [16987] user=[unknown] db=[unknown] app=[unknown] client=[local] LOG:  connection received: host=[local]
2026-01-05 17:10:49.069 GMT [16996] user=[unknown] db=[unknown] app=[unknown] client=[local] LOG:  connection received: host=[local]
2026-01-05 17:10:59.240 GMT [17003] user=[unknown] db=[unknown] app=[unknown] client=[local] LOG:  connection received: host=[local]
2026-01-05 17:11:09.456 GMT [17012] user=[unknown] db=[unknown] app=[unknown] client=[local] LOG:  connection received: host=[local]
2026-01-05 17:11:19.626 GMT [17019] user=[unknown] db=[unknown] app=[unknown] client=[local] LOG:  connection received: host=[local]
2026-01-05 17:11:29.755 GMT [17026] user=[unknown] db=[unknown] app=[unknown] client=[local] LOG:  connection received: host=[local]
2026-01-05 17:11:39.938 GMT [17034] user=[unknown] db=[unknown] app=[unknown] client=[local] LOG:  connection received: host=[local]
2026-01-05 17:11:50.070 GMT [17043] user=[unknown] db=[unknown] app=[unknown] client=[local] LOG:  connection received: host=[local]
2026-01-05 17:12:00.185 GMT [17050] user=[unknown] db=[unknown] app=[unknown] client=[local] LOG:  connection received: host=[local]
2026-01-05 17:12:10.449 GMT [17058] user=[unknown] db=[unknown] app=[unknown] client=[local] LOG:  connection received: host=[local]
2026-01-05 17:12:20.598 GMT [17065] user=[unknown] db=[unknown] app=[unknown] client=[local] LOG:  connection received: host=[local]
2026-01-05 17:12:30.747 GMT [17072] user=[unknown] db=[unknown] app=[unknown] client=[local] LOG:  connection received: host=[local]
2026-01-05 17:12:40.902 GMT [17080] user=[unknown] db=[unknown] app=[unknown] client=[local] LOG:  connection received: host=[local]
2026-01-05 17:12:51.057 GMT [17089] user=[unknown] db=[unknown] app=[unknown] client=[local] LOG:  connection received: host=[local]
2026-01-05 17:13:01.197 GMT [17097] user=[unknown] db=[unknown] app=[unknown] client=[local] LOG:  connection received: host=[local]
2026-01-05 17:13:11.408 GMT [17105] user=[unknown] db=[unknown] app=[unknown] client=[local] LOG:  connection received: host=[local]
2026-01-05 17:13:21.553 GMT [17112] user=[unknown] db=[unknown] app=[unknown] client=[local] LOG:  connection received: host=[local]
2026-01-05 17:13:31.720 GMT [17119] user=[unknown] db=[unknown] app=[unknown] client=[local] LOG:  connection received: host=[local]
2026-01-05 17:13:41.842 GMT [17126] user=[unknown] db=[unknown] app=[unknown] client=[local] LOG:  connection received: host=[local]
2026-01-05 17:13:52.001 GMT [17135] user=[unknown] db=[unknown] app=[unknown] client=[local] LOG:  connection received: host=[local]
2026-01-05 17:14:02.129 GMT [17142] user=[unknown] db=[unknown] app=[unknown] client=[local] LOG:  connection received: host=[local]
2026-01-05 17:14:12.346 GMT [17150] user=[unknown] db=[unknown] app=[unknown] client=[local] LOG:  connection received: host=[local]
2026-01-05 17:14:22.531 GMT [17157] user=[unknown] db=[unknown] app=[unknown] client=[local] LOG:  connection received: host=[local]
2026-01-05 17:14:32.672 GMT [17164] user=[unknown] db=[unknown] app=[unknown] client=[local] LOG:  connection received: host=[local]
2026-01-05 17:14:42.820 GMT [17171] user=[unknown] db=[unknown] app=[unknown] client=[local] LOG:  connection received: host=[local]
2026-01-05 17:14:52.980 GMT [17180] user=[unknown] db=[unknown] app=[unknown] client=[local] LOG:  connection received: host=[local]
2026-01-05 17:15:03.121 GMT [17187] user=[unknown] db=[unknown] app=[unknown] client=[local] LOG:  connection received: host=[local]
2026-01-05 17:15:13.277 GMT [17195] user=[unknown] db=[unknown] app=[unknown] client=[local] LOG:  connection received: host=[local]
2026-01-05 17:15:23.400 GMT [17203] user=[unknown] db=[unknown] app=[unknown] client=[local] LOG:  connection received: host=[local]
2026-01-05 17:15:33.549 GMT [17210] user=[unknown] db=[unknown] app=[unknown] client=[local] LOG:  connection received: host=[local]
2026-01-05 17:15:43.784 GMT [17217] user=[unknown] db=[unknown] app=[unknown] client=[local] LOG:  connection received: host=[local]
2026-01-05 17:15:53.916 GMT [17226] user=[unknown] db=[unknown] app=[unknown] client=[local] LOG:  connection received: host=[local]
2026-01-05 17:16:04.041 GMT [17233] user=[unknown] db=[unknown] app=[unknown] client=[local] LOG:  connection received: host=[local]
2026-01-05 17:16:14.238 GMT [17242] user=[unknown] db=[unknown] app=[unknown] client=[local] LOG:  connection received: host=[local]
2026-01-05 17:16:24.363 GMT [17250] user=[unknown] db=[unknown] app=[unknown] client=[local] LOG:  connection received: host=[local]
2026-01-05 17:16:34.485 GMT [17257] user=[unknown] db=[unknown] app=[unknown] client=[local] LOG:  connection received: host=[local]
2026-01-05 17:16:44.623 GMT [17265] user=[unknown] db=[unknown] app=[unknown] client=[local] LOG:  connection received: host=[local]
2026-01-05 17:16:54.725 GMT [17274] user=[unknown] db=[unknown] app=[unknown] client=[local] LOG:  connection received: host=[local]
2026-01-05 17:17:04.962 GMT [17281] user=[unknown] db=[unknown] app=[unknown] client=[local] LOG:  connection received: host=[local]
2026-01-05 17:17:15.116 GMT [17290] user=[unknown] db=[unknown] app=[unknown] client=[local] LOG:  connection received: host=[local]
2026-01-05 17:17:25.287 GMT [17296] user=[unknown] db=[unknown] app=[unknown] client=[local] LOG:  connection received: host=[local]
2026-01-05 17:17:35.454 GMT [17303] user=[unknown] db=[unknown] app=[unknown] client=[local] LOG:  connection received: host=[local]
2026-01-05 17:17:45.585 GMT [17311] user=[unknown] db=[unknown] app=[unknown] client=[local] LOG:  connection received: host=[local]
2026-01-05 17:17:55.730 GMT [17319] user=[unknown] db=[unknown] app=[unknown] client=[local] LOG:  connection received: host=[local]
2026-01-05 17:18:05.967 GMT [17326] user=[unknown] db=[unknown] app=[unknown] client=[local] LOG:  connection received: host=[local]
2026-01-05 17:18:16.109 GMT [17334] user=[unknown] db=[unknown] app=[unknown] client=[local] LOG:  connection received: host=[local]
2026-01-05 17:18:26.262 GMT [17341] user=[unknown] db=[unknown] app=[unknown] client=[local] LOG:  connection received: host=[local]
2026-01-05 17:18:36.433 GMT [17348] user=[unknown] db=[unknown] app=[unknown] client=[local] LOG:  connection received: host=[local]
2026-01-05 17:18:46.552 GMT [17357] user=[unknown] db=[unknown] app=[unknown] client=[local] LOG:  connection received: host=[local]
2026-01-05 17:18:56.687 GMT [17365] user=[unknown] db=[unknown] app=[unknown] client=[local] LOG:  connection received: host=[local]
2026-01-05 17:19:06.950 GMT [17373] user=[unknown] db=[unknown] app=[unknown] client=[local] LOG:  connection received: host=[local]
2026-01-05 17:19:17.106 GMT [17381] user=[unknown] db=[unknown] app=[unknown] client=[local] LOG:  connection received: host=[local]
2026-01-05 17:19:27.253 GMT [17388] user=[unknown] db=[unknown] app=[unknown] client=[local] LOG:  connection received: host=[local]
2026-01-05 17:19:37.430 GMT [17395] user=[unknown] db=[unknown] app=[unknown] client=[local] LOG:  connection received: host=[local]
2026-01-05 17:19:47.566 GMT [17404] user=[unknown] db=[unknown] app=[unknown] client=[local] LOG:  connection received: host=[local]
2026-01-05 17:19:57.705 GMT [17411] user=[unknown] db=[unknown] app=[unknown] client=[local] LOG:  connection received: host=[local]
2026-01-05 17:20:07.935 GMT [17419] user=[unknown] db=[unknown] app=[unknown] client=[local] LOG:  connection received: host=[local]
2026-01-05 17:20:18.066 GMT [17427] user=[unknown] db=[unknown] app=[unknown] client=[local] LOG:  connection received: host=[local]
2026-01-05 17:20:28.181 GMT [17434] user=[unknown] db=[unknown] app=[unknown] client=[local] LOG:  connection received: host=[local]
2026-01-05 17:20:38.358 GMT [17441] user=[unknown] db=[unknown] app=[unknown] client=[local] LOG:  connection received: host=[local]
2026-01-05 17:20:48.505 GMT [17451] user=[unknown] db=[unknown] app=[unknown] client=[local] LOG:  connection received: host=[local]
2026-01-05 17:20:58.619 GMT [17458] user=[unknown] db=[unknown] app=[unknown] client=[local] LOG:  connection received: host=[local]
2026-01-05 17:21:08.844 GMT [17465] user=[unknown] db=[unknown] app=[unknown] client=[local] LOG:  connection received: host=[local]
2026-01-05 17:21:18.967 GMT [17474] user=[unknown] db=[unknown] app=[unknown] client=[local] LOG:  connection received: host=[local]
2026-01-05 17:21:29.122 GMT [17481] user=[unknown] db=[unknown] app=[unknown] client=[local] LOG:  connection received: host=[local]
2026-01-05 17:21:39.272 GMT [17488] user=[unknown] db=[unknown] app=[unknown] client=[local] LOG:  connection received: host=[local]
2026-01-05 17:21:49.423 GMT [17497] user=[unknown] db=[unknown] app=[unknown] client=[local] LOG:  connection received: host=[local]
2026-01-05 17:21:59.553 GMT [17504] user=[unknown] db=[unknown] app=[unknown] client=[local] LOG:  connection received: host=[local]
2026-01-05 17:22:09.763 GMT [17513] user=[unknown] db=[unknown] app=[unknown] client=[local] LOG:  connection received: host=[local]
2026-01-05 17:22:19.881 GMT [17520] user=[unknown] db=[unknown] app=[unknown] client=[local] LOG:  connection received: host=[local]
2026-01-05 17:22:30.001 GMT [17527] user=[unknown] db=[unknown] app=[unknown] client=[local] LOG:  connection received: host=[local]
2026-01-05 17:22:40.164 GMT [17534] user=[unknown] db=[unknown] app=[unknown] client=[local] LOG:  connection received: host=[local]
2026-01-05 17:22:50.300 GMT [17543] user=[unknown] db=[unknown] app=[unknown] client=[local] LOG:  connection received: host=[local]
2026-01-05 17:23:00.465 GMT [17550] user=[unknown] db=[unknown] app=[unknown] client=[local] LOG:  connection received: host=[local]
2026-01-05 17:23:10.677 GMT [17558] user=[unknown] db=[unknown] app=[unknown] client=[local] LOG:  connection received: host=[local]
2026-01-05 17:23:20.821 GMT [17565] user=[unknown] db=[unknown] app=[unknown] client=[local] LOG:  connection received: host=[local]
2026-01-05 17:23:30.948 GMT [17573] user=[unknown] db=[unknown] app=[unknown] client=[local] LOG:  connection received: host=[local]
2026-01-05 17:23:41.138 GMT [17580] user=[unknown] db=[unknown] app=[unknown] client=[local] LOG:  connection received: host=[local]
2026-01-05 17:23:51.265 GMT [17589] user=[unknown] db=[unknown] app=[unknown] client=[local] LOG:  connection received: host=[local]
2026-01-05 17:24:01.431 GMT [17596] user=[unknown] db=[unknown] app=[unknown] client=[local] LOG:  connection received: host=[local]
2026-01-05 17:24:11.651 GMT [17604] user=[unknown] db=[unknown] app=[unknown] client=[local] LOG:  connection received: host=[local]
2026-01-05 17:24:21.794 GMT [17611] user=[unknown] db=[unknown] app=[unknown] client=[local] LOG:  connection received: host=[local]
2026-01-05 17:24:31.921 GMT [17618] user=[unknown] db=[unknown] app=[unknown] client=[local] LOG:  connection received: host=[local]
2026-01-05 17:24:42.128 GMT [17625] user=[unknown] db=[unknown] app=[unknown] client=[local] LOG:  connection received: host=[local]
2026-01-05 17:24:52.238 GMT [17634] user=[unknown] db=[unknown] app=[unknown] client=[local] LOG:  connection received: host=[local]
2026-01-05 17:25:02.348 GMT [17641] user=[unknown] db=[unknown] app=[unknown] client=[local] LOG:  connection received: host=[local]
2026-01-05 17:25:12.563 GMT [17649] user=[unknown] db=[unknown] app=[unknown] client=[local] LOG:  connection received: host=[local]
2026-01-05 17:25:22.717 GMT [17656] user=[unknown] db=[unknown] app=[unknown] client=[local] LOG:  connection received: host=[local]
2026-01-05 17:25:32.843 GMT [17664] user=[unknown] db=[unknown] app=[unknown] client=[local] LOG:  connection received: host=[local]
2026-01-05 17:25:42.974 GMT [17671] user=[unknown] db=[unknown] app=[unknown] client=[local] LOG:  connection received: host=[local]
2026-01-05 17:25:53.084 GMT [17680] user=[unknown] db=[unknown] app=[unknown] client=[local] LOG:  connection received: host=[local]
2026-01-05 17:26:03.219 GMT [17688] user=[unknown] db=[unknown] app=[unknown] client=[local] LOG:  connection received: host=[local]
2026-01-05 17:26:13.426 GMT [17696] user=[unknown] db=[unknown] app=[unknown] client=[local] LOG:  connection received: host=[local]
2026-01-05 17:26:23.571 GMT [17703] user=[unknown] db=[unknown] app=[unknown] client=[local] LOG:  connection received: host=[local]
2026-01-05 17:26:33.697 GMT [17710] user=[unknown] db=[unknown] app=[unknown] client=[local] LOG:  connection received: host=[local]
2026-01-05 17:26:43.887 GMT [17717] user=[unknown] db=[unknown] app=[unknown] client=[local] LOG:  connection received: host=[local]
2026-01-05 17:26:54.040 GMT [17726] user=[unknown] db=[unknown] app=[unknown] client=[local] LOG:  connection received: host=[local]
2026-01-05 17:27:04.171 GMT [17733] user=[unknown] db=[unknown] app=[unknown] client=[local] LOG:  connection received: host=[local]
2026-01-05 17:27:14.312 GMT [17741] user=[unknown] db=[unknown] app=[unknown] client=[local] LOG:  connection received: host=[local]
2026-01-05 17:27:24.421 GMT [17748] user=[unknown] db=[unknown] app=[unknown] client=[local] LOG:  connection received: host=[local]
2026-01-05 17:27:34.569 GMT [17755] user=[unknown] db=[unknown] app=[unknown] client=[local] LOG:  connection received: host=[local]
2026-01-05 17:27:44.705 GMT [17762] user=[unknown] db=[unknown] app=[unknown] client=[local] LOG:  connection received: host=[local]
2026-01-05 17:27:54.841 GMT [17771] user=[unknown] db=[unknown] app=[unknown] client=[local] LOG:  connection received: host=[local]
2026-01-05 17:28:04.996 GMT [17778] user=[unknown] db=[unknown] app=[unknown] client=[local] LOG:  connection received: host=[local]
2026-01-05 17:28:15.149 GMT [17786] user=[unknown] db=[unknown] app=[unknown] client=[local] LOG:  connection received: host=[local]
2026-01-05 17:28:25.287 GMT [17793] user=[unknown] db=[unknown] app=[unknown] client=[local] LOG:  connection received: host=[local]
2026-01-05 17:28:35.463 GMT [17801] user=[unknown] db=[unknown] app=[unknown] client=[local] LOG:  connection received: host=[local]
2026-01-05 17:28:45.609 GMT [17809] user=[unknown] db=[unknown] app=[unknown] client=[local] LOG:  connection received: host=[local]
2026-01-05 17:28:55.733 GMT [17819] user=[unknown] db=[unknown] app=[unknown] client=[local] LOG:  connection received: host=[local]
2026-01-05 17:29:05.866 GMT [17826] user=[unknown] db=[unknown] app=[unknown] client=[local] LOG:  connection received: host=[local]
2026-01-05 17:29:16.013 GMT [17835] user=[unknown] db=[unknown] app=[unknown] client=[local] LOG:  connection received: host=[local]
2026-01-05 17:29:26.130 GMT [17842] user=[unknown] db=[unknown] app=[unknown] client=[local] LOG:  connection received: host=[local]
2026-01-05 17:29:36.285 GMT [17850] user=[unknown] db=[unknown] app=[unknown] client=[local] LOG:  connection received: host=[local]
2026-01-05 17:29:46.430 GMT [17858] user=[unknown] db=[unknown] app=[unknown] client=[local] LOG:  connection received: host=[local]
2026-01-05 17:29:56.550 GMT [17867] user=[unknown] db=[unknown] app=[unknown] client=[local] LOG:  connection received: host=[local]
2026-01-05 17:30:06.738 GMT [17874] user=[unknown] db=[unknown] app=[unknown] client=[local] LOG:  connection received: host=[local]
2026-01-05 17:30:16.852 GMT [17882] user=[unknown] db=[unknown] app=[unknown] client=[local] LOG:  connection received: host=[local]
2026-01-05 17:30:26.997 GMT [17889] user=[unknown] db=[unknown] app=[unknown] client=[local] LOG:  connection received: host=[local]
2026-01-05 17:30:37.152 GMT [17896] user=[unknown] db=[unknown] app=[unknown] client=[local] LOG:  connection received: host=[local]
2026-01-05 17:30:47.286 GMT [17905] user=[unknown] db=[unknown] app=[unknown] client=[local] LOG:  connection received: host=[local]
2026-01-05 17:30:57.412 GMT [17912] user=[unknown] db=[unknown] app=[unknown] client=[local] LOG:  connection received: host=[local]
2026-01-05 17:31:07.606 GMT [17919] user=[unknown] db=[unknown] app=[unknown] client=[local] LOG:  connection received: host=[local]
2026-01-05 17:31:17.742 GMT [17927] user=[unknown] db=[unknown] app=[unknown] client=[local] LOG:  connection received: host=[local]
2026-01-05 17:31:27.890 GMT [17934] user=[unknown] db=[unknown] app=[unknown] client=[local] LOG:  connection received: host=[local]
2026-01-05 17:31:38.016 GMT [17941] user=[unknown] db=[unknown] app=[unknown] client=[local] LOG:  connection received: host=[local]
2026-01-05 17:31:48.138 GMT [17951] user=[unknown] db=[unknown] app=[unknown] client=[local] LOG:  connection received: host=[local]
2026-01-05 17:31:58.290 GMT [17958] user=[unknown] db=[unknown] app=[unknown] client=[local] LOG:  connection received: host=[local]
2026-01-05 17:32:08.508 GMT [17965] user=[unknown] db=[unknown] app=[unknown] client=[local] LOG:  connection received: host=[local]
2026-01-05 17:32:18.630 GMT [17973] user=[unknown] db=[unknown] app=[unknown] client=[local] LOG:  connection received: host=[local]
2026-01-05 17:32:28.799 GMT [17981] user=[unknown] db=[unknown] app=[unknown] client=[local] LOG:  connection received: host=[local]
2026-01-05 17:32:38.963 GMT [17989] user=[unknown] db=[unknown] app=[unknown] client=[local] LOG:  connection received: host=[local]
2026-01-05 17:32:49.096 GMT [17998] user=[unknown] db=[unknown] app=[unknown] client=[local] LOG:  connection received: host=[local]
2026-01-05 17:32:59.206 GMT [18005] user=[unknown] db=[unknown] app=[unknown] client=[local] LOG:  connection received: host=[local]
2026-01-05 17:33:09.492 GMT [18012] user=[unknown] db=[unknown] app=[unknown] client=[local] LOG:  connection received: host=[local]
2026-01-05 17:33:19.690 GMT [18021] user=[unknown] db=[unknown] app=[unknown] client=[local] LOG:  connection received: host=[local]
2026-01-05 17:33:29.849 GMT [18029] user=[unknown] db=[unknown] app=[unknown] client=[local] LOG:  connection received: host=[local]
2026-01-05 17:33:39.991 GMT [18037] user=[unknown] db=[unknown] app=[unknown] client=[local] LOG:  connection received: host=[local]
2026-01-05 17:33:50.111 GMT [18046] user=[unknown] db=[unknown] app=[unknown] client=[local] LOG:  connection received: host=[local]
2026-01-05 17:34:00.232 GMT [18054] user=[unknown] db=[unknown] app=[unknown] client=[local] LOG:  connection received: host=[local]
2026-01-05 17:34:10.501 GMT [18062] user=[unknown] db=[unknown] app=[unknown] client=[local] LOG:  connection received: host=[local]
2026-01-05 17:34:20.620 GMT [18069] user=[unknown] db=[unknown] app=[unknown] client=[local] LOG:  connection received: host=[local]
2026-01-05 17:34:30.762 GMT [18076] user=[unknown] db=[unknown] app=[unknown] client=[local] LOG:  connection received: host=[local]
2026-01-05 17:34:40.944 GMT [18084] user=[unknown] db=[unknown] app=[unknown] client=[local] LOG:  connection received: host=[local]
2026-01-05 17:34:51.056 GMT [18093] user=[unknown] db=[unknown] app=[unknown] client=[local] LOG:  connection received: host=[local]
2026-01-05 17:35:01.160 GMT [18101] user=[unknown] db=[unknown] app=[unknown] client=[local] LOG:  connection received: host=[local]
2026-01-05 17:35:11.373 GMT [18109] user=[unknown] db=[unknown] app=[unknown] client=[local] LOG:  connection received: host=[local]
2026-01-05 17:35:21.516 GMT [18116] user=[unknown] db=[unknown] app=[unknown] client=[local] LOG:  connection received: host=[local]
2026-01-05 17:35:31.665 GMT [18123] user=[unknown] db=[unknown] app=[unknown] client=[local] LOG:  connection received: host=[local]
2026-01-05 17:35:41.810 GMT [18130] user=[unknown] db=[unknown] app=[unknown] client=[local] LOG:  connection received: host=[local]
2026-01-05 17:35:51.933 GMT [18139] user=[unknown] db=[unknown] app=[unknown] client=[local] LOG:  connection received: host=[local]
2026-01-05 17:36:02.042 GMT [18146] user=[unknown] db=[unknown] app=[unknown] client=[local] LOG:  connection received: host=[local]
2026-01-05 17:36:12.261 GMT [18154] user=[unknown] db=[unknown] app=[unknown] client=[local] LOG:  connection received: host=[local]
2026-01-05 17:36:22.425 GMT [18161] user=[unknown] db=[unknown] app=[unknown] client=[local] LOG:  connection received: host=[local]
2026-01-05 17:36:32.565 GMT [18167] user=[unknown] db=[unknown] app=[unknown] client=[local] LOG:  connection received: host=[local]
2026-01-05 17:36:42.707 GMT [18174] user=[unknown] db=[unknown] app=[unknown] client=[local] LOG:  connection received: host=[local]
2026-01-05 17:36:52.854 GMT [18183] user=[unknown] db=[unknown] app=[unknown] client=[local] LOG:  connection received: host=[local]
2026-01-05 17:37:02.995 GMT [18191] user=[unknown] db=[unknown] app=[unknown] client=[local] LOG:  connection received: host=[local]
2026-01-05 17:37:13.227 GMT [18199] user=[unknown] db=[unknown] app=[unknown] client=[local] LOG:  connection received: host=[local]
2026-01-05 17:37:23.349 GMT [18206] user=[unknown] db=[unknown] app=[unknown] client=[local] LOG:  connection received: host=[local]
2026-01-05 17:37:33.475 GMT [18213] user=[unknown] db=[unknown] app=[unknown] client=[local] LOG:  connection received: host=[local]
2026-01-05 17:37:43.632 GMT [18220] user=[unknown] db=[unknown] app=[unknown] client=[local] LOG:  connection received: host=[local]
2026-01-05 17:37:53.758 GMT [18229] user=[unknown] db=[unknown] app=[unknown] client=[local] LOG:  connection received: host=[local]
2026-01-05 17:38:03.885 GMT [18236] user=[unknown] db=[unknown] app=[unknown] client=[local] LOG:  connection received: host=[local]
2026-01-05 17:38:14.121 GMT [18244] user=[unknown] db=[unknown] app=[unknown] client=[local] LOG:  connection received: host=[local]
2026-01-05 17:38:24.247 GMT [18251] user=[unknown] db=[unknown] app=[unknown] client=[local] LOG:  connection received: host=[local]
2026-01-05 17:38:34.374 GMT [18258] user=[unknown] db=[unknown] app=[unknown] client=[local] LOG:  connection received: host=[local]
2026-01-05 17:38:44.543 GMT [18265] user=[unknown] db=[unknown] app=[unknown] client=[local] LOG:  connection received: host=[local]
2026-01-05 17:38:54.663 GMT [18274] user=[unknown] db=[unknown] app=[unknown] client=[local] LOG:  connection received: host=[local]
2026-01-05 17:39:04.793 GMT [18281] user=[unknown] db=[unknown] app=[unknown] client=[local] LOG:  connection received: host=[local]
2026-01-05 17:39:14.955 GMT [18289] user=[unknown] db=[unknown] app=[unknown] client=[local] LOG:  connection received: host=[local]
2026-01-05 17:39:25.070 GMT [18296] user=[unknown] db=[unknown] app=[unknown] client=[local] LOG:  connection received: host=[local]
2026-01-05 17:39:35.215 GMT [18303] user=[unknown] db=[unknown] app=[unknown] client=[local] LOG:  connection received: host=[local]
2026-01-05 17:39:45.391 GMT [18310] user=[unknown] db=[unknown] app=[unknown] client=[local] LOG:  connection received: host=[local]
2026-01-05 17:39:55.546 GMT [18319] user=[unknown] db=[unknown] app=[unknown] client=[local] LOG:  connection received: host=[local]
2026-01-05 17:40:05.690 GMT [18326] user=[unknown] db=[unknown] app=[unknown] client=[local] LOG:  connection received: host=[local]
2026-01-05 17:40:15.833 GMT [18334] user=[unknown] db=[unknown] app=[unknown] client=[local] LOG:  connection received: host=[local]
2026-01-05 17:40:25.963 GMT [18341] user=[unknown] db=[unknown] app=[unknown] client=[local] LOG:  connection received: host=[local]
2026-01-05 17:40:36.089 GMT [18348] user=[unknown] db=[unknown] app=[unknown] client=[local] LOG:  connection received: host=[local]
2026-01-05 17:40:46.231 GMT [18355] user=[unknown] db=[unknown] app=[unknown] client=[local] LOG:  connection received: host=[local]
2026-01-05 17:40:56.348 GMT [18364] user=[unknown] db=[unknown] app=[unknown] client=[local] LOG:  connection received: host=[local]
2026-01-05 17:41:06.685 GMT [18371] user=[unknown] db=[unknown] app=[unknown] client=[local] LOG:  connection received: host=[local]
2026-01-05 17:41:16.808 GMT [18379] user=[unknown] db=[unknown] app=[unknown] client=[local] LOG:  connection received: host=[local]
2026-01-05 17:41:26.925 GMT [18386] user=[unknown] db=[unknown] app=[unknown] client=[local] LOG:  connection received: host=[local]
2026-01-05 17:41:37.083 GMT [18393] user=[unknown] db=[unknown] app=[unknown] client=[local] LOG:  connection received: host=[local]
2026-01-05 17:41:47.211 GMT [18401] user=[unknown] db=[unknown] app=[unknown] client=[local] LOG:  connection received: host=[local]
2026-01-05 17:41:57.337 GMT [18409] user=[unknown] db=[unknown] app=[unknown] client=[local] LOG:  connection received: host=[local]
2026-01-05 17:42:07.577 GMT [18416] user=[unknown] db=[unknown] app=[unknown] client=[local] LOG:  connection received: host=[local]
2026-01-05 17:42:17.730 GMT [18425] user=[unknown] db=[unknown] app=[unknown] client=[local] LOG:  connection received: host=[local]
2026-01-05 17:42:27.888 GMT [18433] user=[unknown] db=[unknown] app=[unknown] client=[local] LOG:  connection received: host=[local]
2026-01-05 17:42:37.991 GMT [18440] user=[unknown] db=[unknown] app=[unknown] client=[local] LOG:  connection received: host=[local]
2026-01-05 17:42:48.136 GMT [18449] user=[unknown] db=[unknown] app=[unknown] client=[local] LOG:  connection received: host=[local]
2026-01-05 17:42:58.265 GMT [18456] user=[unknown] db=[unknown] app=[unknown] client=[local] LOG:  connection received: host=[local]
2026-01-05 17:43:08.499 GMT [18463] user=[unknown] db=[unknown] app=[unknown] client=[local] LOG:  connection received: host=[local]
2026-01-05 17:43:18.666 GMT [18472] user=[unknown] db=[unknown] app=[unknown] client=[local] LOG:  connection received: host=[local]
2026-01-05 17:43:28.806 GMT [18479] user=[unknown] db=[unknown] app=[unknown] client=[local] LOG:  connection received: host=[local]
2026-01-05 17:43:38.942 GMT [18486] user=[unknown] db=[unknown] app=[unknown] client=[local] LOG:  connection received: host=[local]
2026-01-05 17:43:49.053 GMT [18495] user=[unknown] db=[unknown] app=[unknown] client=[local] LOG:  connection received: host=[local]
2026-01-05 17:43:59.177 GMT [18502] user=[unknown] db=[unknown] app=[unknown] client=[local] LOG:  connection received: host=[local]
2026-01-05 17:44:09.409 GMT [18509] user=[unknown] db=[unknown] app=[unknown] client=[local] LOG:  connection received: host=[local]
2026-01-05 17:44:19.545 GMT [18517] user=[unknown] db=[unknown] app=[unknown] client=[local] LOG:  connection received: host=[local]
2026-01-05 17:44:29.689 GMT [18525] user=[unknown] db=[unknown] app=[unknown] client=[local] LOG:  connection received: host=[local]
2026-01-05 17:44:39.834 GMT [18532] user=[unknown] db=[unknown] app=[unknown] client=[local] LOG:  connection received: host=[local]
2026-01-05 17:44:49.949 GMT [18541] user=[unknown] db=[unknown] app=[unknown] client=[local] LOG:  connection received: host=[local]
2026-01-05 17:45:00.079 GMT [18548] user=[unknown] db=[unknown] app=[unknown] client=[local] LOG:  connection received: host=[local]
2026-01-05 17:45:10.312 GMT [18555] user=[unknown] db=[unknown] app=[unknown] client=[local] LOG:  connection received: host=[local]
2026-01-05 17:45:20.457 GMT [18564] user=[unknown] db=[unknown] app=[unknown] client=[local] LOG:  connection received: host=[local]
2026-01-05 17:45:30.645 GMT [18572] user=[unknown] db=[unknown] app=[unknown] client=[local] LOG:  connection received: host=[local]
2026-01-05 17:45:40.827 GMT [18579] user=[unknown] db=[unknown] app=[unknown] client=[local] LOG:  connection received: host=[local]
2026-01-05 17:45:50.973 GMT [18588] user=[unknown] db=[unknown] app=[unknown] client=[local] LOG:  connection received: host=[local]
2026-01-05 17:46:01.106 GMT [18595] user=[unknown] db=[unknown] app=[unknown] client=[local] LOG:  connection received: host=[local]
2026-01-05 17:46:11.293 GMT [18603] user=[unknown] db=[unknown] app=[unknown] client=[local] LOG:  connection received: host=[local]
2026-01-05 17:46:21.423 GMT [18610] user=[unknown] db=[unknown] app=[unknown] client=[local] LOG:  connection received: host=[local]
2026-01-05 17:46:31.547 GMT [18617] user=[unknown] db=[unknown] app=[unknown] client=[local] LOG:  connection received: host=[local]
2026-01-05 17:46:41.721 GMT [18624] user=[unknown] db=[unknown] app=[unknown] client=[local] LOG:  connection received: host=[local]
2026-01-05 17:46:51.851 GMT [18633] user=[unknown] db=[unknown] app=[unknown] client=[local] LOG:  connection received: host=[local]
2026-01-05 17:47:01.961 GMT [18640] user=[unknown] db=[unknown] app=[unknown] client=[local] LOG:  connection received: host=[local]
2026-01-05 17:47:12.209 GMT [18648] user=[unknown] db=[unknown] app=[unknown] client=[local] LOG:  connection received: host=[local]
2026-01-05 17:47:22.357 GMT [18655] user=[unknown] db=[unknown] app=[unknown] client=[local] LOG:  connection received: host=[local]
2026-01-05 17:47:32.478 GMT [18662] user=[unknown] db=[unknown] app=[unknown] client=[local] LOG:  connection received: host=[local]
2026-01-05 17:47:42.619 GMT [18669] user=[unknown] db=[unknown] app=[unknown] client=[local] LOG:  connection received: host=[local]
2026-01-05 17:47:52.790 GMT [18678] user=[unknown] db=[unknown] app=[unknown] client=[local] LOG:  connection received: host=[local]
2026-01-05 17:48:02.918 GMT [18685] user=[unknown] db=[unknown] app=[unknown] client=[local] LOG:  connection received: host=[local]
2026-01-05 17:48:13.134 GMT [18692] user=[unknown] db=[unknown] app=[unknown] client=[local] LOG:  connection received: host=[local]
2026-01-05 17:48:23.316 GMT [18699] user=[unknown] db=[unknown] app=[unknown] client=[local] LOG:  connection received: host=[local]
2026-01-05 17:48:33.439 GMT [18706] user=[unknown] db=[unknown] app=[unknown] client=[local] LOG:  connection received: host=[local]
2026-01-05 17:48:43.590 GMT [18714] user=[unknown] db=[unknown] app=[unknown] client=[local] LOG:  connection received: host=[local]
2026-01-05 17:48:53.730 GMT [18723] user=[unknown] db=[unknown] app=[unknown] client=[local] LOG:  connection received: host=[local]
2026-01-05 17:49:03.855 GMT [18730] user=[unknown] db=[unknown] app=[unknown] client=[local] LOG:  connection received: host=[local]
2026-01-05 17:49:14.114 GMT [18738] user=[unknown] db=[unknown] app=[unknown] client=[local] LOG:  connection received: host=[local]
2026-01-05 17:49:24.261 GMT [18745] user=[unknown] db=[unknown] app=[unknown] client=[local] LOG:  connection received: host=[local]
2026-01-05 17:49:34.419 GMT [18752] user=[unknown] db=[unknown] app=[unknown] client=[local] LOG:  connection received: host=[local]
2026-01-05 17:49:44.555 GMT [18759] user=[unknown] db=[unknown] app=[unknown] client=[local] LOG:  connection received: host=[local]
2026-01-05 17:49:54.681 GMT [18768] user=[unknown] db=[unknown] app=[unknown] client=[local] LOG:  connection received: host=[local]
2026-01-05 17:50:04.842 GMT [18774] user=[unknown] db=[unknown] app=[unknown] client=[local] LOG:  connection received: host=[local]
2026-01-05 17:50:15.002 GMT [18782] user=[unknown] db=[unknown] app=[unknown] client=[local] LOG:  connection received: host=[local]
2026-01-05 17:50:25.123 GMT [18789] user=[unknown] db=[unknown] app=[unknown] client=[local] LOG:  connection received: host=[local]
2026-01-05 17:50:35.234 GMT [18796] user=[unknown] db=[unknown] app=[unknown] client=[local] LOG:  connection received: host=[local]
2026-01-05 17:50:45.368 GMT [18803] user=[unknown] db=[unknown] app=[unknown] client=[local] LOG:  connection received: host=[local]
2026-01-05 17:50:55.496 GMT [18812] user=[unknown] db=[unknown] app=[unknown] client=[local] LOG:  connection received: host=[local]
2026-01-05 17:51:05.623 GMT [18819] user=[unknown] db=[unknown] app=[unknown] client=[local] LOG:  connection received: host=[local]
2026-01-05 17:51:15.814 GMT [18827] user=[unknown] db=[unknown] app=[unknown] client=[local] LOG:  connection received: host=[local]
2026-01-05 17:51:25.946 GMT [18834] user=[unknown] db=[unknown] app=[unknown] client=[local] LOG:  connection received: host=[local]
2026-01-05 17:51:36.072 GMT [18841] user=[unknown] db=[unknown] app=[unknown] client=[local] LOG:  connection received: host=[local]
2026-01-05 17:51:46.242 GMT [18848] user=[unknown] db=[unknown] app=[unknown] client=[local] LOG:  connection received: host=[local]
2026-01-05 17:51:56.357 GMT [18857] user=[unknown] db=[unknown] app=[unknown] client=[local] LOG:  connection received: host=[local]
2026-01-05 17:52:06.564 GMT [18865] user=[unknown] db=[unknown] app=[unknown] client=[local] LOG:  connection received: host=[local]
2026-01-05 17:52:16.693 GMT [18874] user=[unknown] db=[unknown] app=[unknown] client=[local] LOG:  connection received: host=[local]
2026-01-05 17:52:26.828 GMT [18881] user=[unknown] db=[unknown] app=[unknown] client=[local] LOG:  connection received: host=[local]
2026-01-05 17:52:37.008 GMT [18888] user=[unknown] db=[unknown] app=[unknown] client=[local] LOG:  connection received: host=[local]
2026-01-05 17:52:47.130 GMT [18895] user=[unknown] db=[unknown] app=[unknown] client=[local] LOG:  connection received: host=[local]
2026-01-05 17:52:57.261 GMT [18905] user=[unknown] db=[unknown] app=[unknown] client=[local] LOG:  connection received: host=[local]
2026-01-05 17:53:07.541 GMT [18913] user=[unknown] db=[unknown] app=[unknown] client=[local] LOG:  connection received: host=[local]
2026-01-05 17:53:17.667 GMT [18921] user=[unknown] db=[unknown] app=[unknown] client=[local] LOG:  connection received: host=[local]
2026-01-05 17:53:27.828 GMT [18928] user=[unknown] db=[unknown] app=[unknown] client=[local] LOG:  connection received: host=[local]
2026-01-05 17:53:37.945 GMT [18935] user=[unknown] db=[unknown] app=[unknown] client=[local] LOG:  connection received: host=[local]
2026-01-05 17:53:48.073 GMT [18943] user=[unknown] db=[unknown] app=[unknown] client=[local] LOG:  connection received: host=[local]
2026-01-05 17:53:58.182 GMT [18950] user=[unknown] db=[unknown] app=[unknown] client=[local] LOG:  connection received: host=[local]
2026-01-05 17:54:08.441 GMT [18957] user=[unknown] db=[unknown] app=[unknown] client=[local] LOG:  connection received: host=[local]
2026-01-05 17:54:18.574 GMT [18965] user=[unknown] db=[unknown] app=[unknown] client=[local] LOG:  connection received: host=[local]
2026-01-05 17:54:28.712 GMT [18972] user=[unknown] db=[unknown] app=[unknown] client=[local] LOG:  connection received: host=[local]
2026-01-05 17:54:38.890 GMT [18980] user=[unknown] db=[unknown] app=[unknown] client=[local] LOG:  connection received: host=[local]
2026-01-05 17:54:49.013 GMT [18989] user=[unknown] db=[unknown] app=[unknown] client=[local] LOG:  connection received: host=[local]
2026-01-05 17:54:59.122 GMT [18997] user=[unknown] db=[unknown] app=[unknown] client=[local] LOG:  connection received: host=[local]
2026-01-05 17:55:09.348 GMT [19004] user=[unknown] db=[unknown] app=[unknown] client=[local] LOG:  connection received: host=[local]
2026-01-05 17:55:19.476 GMT [19012] user=[unknown] db=[unknown] app=[unknown] client=[local] LOG:  connection received: host=[local]
2026-01-05 17:55:29.633 GMT [19019] user=[unknown] db=[unknown] app=[unknown] client=[local] LOG:  connection received: host=[local]
2026-01-05 17:55:39.773 GMT [19026] user=[unknown] db=[unknown] app=[unknown] client=[local] LOG:  connection received: host=[local]
2026-01-05 17:55:49.896 GMT [19035] user=[unknown] db=[unknown] app=[unknown] client=[local] LOG:  connection received: host=[local]
2026-01-05 17:56:00.034 GMT [19042] user=[unknown] db=[unknown] app=[unknown] client=[local] LOG:  connection received: host=[local]
2026-01-05 17:56:10.270 GMT [19050] user=[unknown] db=[unknown] app=[unknown] client=[local] LOG:  connection received: host=[local]
2026-01-05 17:56:20.420 GMT [19058] user=[unknown] db=[unknown] app=[unknown] client=[local] LOG:  connection received: host=[local]
2026-01-05 17:56:30.574 GMT [19066] user=[unknown] db=[unknown] app=[unknown] client=[local] LOG:  connection received: host=[local]
2026-01-05 17:56:40.747 GMT [19073] user=[unknown] db=[unknown] app=[unknown] client=[local] LOG:  connection received: host=[local]
2026-01-05 17:56:50.897 GMT [19083] user=[unknown] db=[unknown] app=[unknown] client=[local] LOG:  connection received: host=[local]
2026-01-05 17:57:01.024 GMT [19090] user=[unknown] db=[unknown] app=[unknown] client=[local] LOG:  connection received: host=[local]
2026-01-05 17:57:11.250 GMT [19099] user=[unknown] db=[unknown] app=[unknown] client=[local] LOG:  connection received: host=[local]
2026-01-05 17:57:21.381 GMT [19106] user=[unknown] db=[unknown] app=[unknown] client=[local] LOG:  connection received: host=[local]
2026-01-05 17:57:31.518 GMT [19113] user=[unknown] db=[unknown] app=[unknown] client=[local] LOG:  connection received: host=[local]
2026-01-05 17:57:41.670 GMT [19120] user=[unknown] db=[unknown] app=[unknown] client=[local] LOG:  connection received: host=[local]
2026-01-05 17:57:51.781 GMT [19129] user=[unknown] db=[unknown] app=[unknown] client=[local] LOG:  connection received: host=[local]
2026-01-05 17:58:01.917 GMT [19136] user=[unknown] db=[unknown] app=[unknown] client=[local] LOG:  connection received: host=[local]
2026-01-05 17:58:12.130 GMT [19144] user=[unknown] db=[unknown] app=[unknown] client=[local] LOG:  connection received: host=[local]
2026-01-05 17:58:22.282 GMT [19151] user=[unknown] db=[unknown] app=[unknown] client=[local] LOG:  connection received: host=[local]
2026-01-05 17:58:32.409 GMT [19158] user=[unknown] db=[unknown] app=[unknown] client=[local] LOG:  connection received: host=[local]
2026-01-05 17:58:42.545 GMT [19165] user=[unknown] db=[unknown] app=[unknown] client=[local] LOG:  connection received: host=[local]
2026-01-05 17:58:52.651 GMT [19174] user=[unknown] db=[unknown] app=[unknown] client=[local] LOG:  connection received: host=[local]
2026-01-05 17:59:02.759 GMT [19181] user=[unknown] db=[unknown] app=[unknown] client=[local] LOG:  connection received: host=[local]
2026-01-05 17:59:12.972 GMT [19189] user=[unknown] db=[unknown] app=[unknown] client=[local] LOG:  connection received: host=[local]
2026-01-05 17:59:23.096 GMT [19196] user=[unknown] db=[unknown] app=[unknown] client=[local] LOG:  connection received: host=[local]
2026-01-05 17:59:33.229 GMT [19203] user=[unknown] db=[unknown] app=[unknown] client=[local] LOG:  connection received: host=[local]
2026-01-05 17:59:43.465 GMT [19211] user=[unknown] db=[unknown] app=[unknown] client=[local] LOG:  connection received: host=[local]
2026-01-05 17:59:53.660 GMT [19220] user=[unknown] db=[unknown] app=[unknown] client=[local] LOG:  connection received: host=[local]
2026-01-05 18:00:03.850 GMT [19227] user=[unknown] db=[unknown] app=[unknown] client=[local] LOG:  connection received: host=[local]
2026-01-05 18:00:14.082 GMT [19235] user=[unknown] db=[unknown] app=[unknown] client=[local] LOG:  connection received: host=[local]
2026-01-05 18:00:24.294 GMT [19242] user=[unknown] db=[unknown] app=[unknown] client=[local] LOG:  connection received: host=[local]
2026-01-05 18:00:34.474 GMT [19249] user=[unknown] db=[unknown] app=[unknown] client=[local] LOG:  connection received: host=[local]
2026-01-05 18:00:44.638 GMT [19257] user=[unknown] db=[unknown] app=[unknown] client=[local] LOG:  connection received: host=[local]
2026-01-05 18:00:54.796 GMT [19266] user=[unknown] db=[unknown] app=[unknown] client=[local] LOG:  connection received: host=[local]
2026-01-05 18:01:04.974 GMT [19273] user=[unknown] db=[unknown] app=[unknown] client=[local] LOG:  connection received: host=[local]
2026-01-05 18:01:15.274 GMT [19281] user=[unknown] db=[unknown] app=[unknown] client=[local] LOG:  connection received: host=[local]
2026-01-05 18:01:25.459 GMT [19289] user=[unknown] db=[unknown] app=[unknown] client=[local] LOG:  connection received: host=[local]
2026-01-05 18:01:35.590 GMT [19297] user=[unknown] db=[unknown] app=[unknown] client=[local] LOG:  connection received: host=[local]
2026-01-05 18:01:45.732 GMT [19304] user=[unknown] db=[unknown] app=[unknown] client=[local] LOG:  connection received: host=[local]
2026-01-05 18:01:55.864 GMT [19313] user=[unknown] db=[unknown] app=[unknown] client=[local] LOG:  connection received: host=[local]
2026-01-05 18:02:06.020 GMT [19320] user=[unknown] db=[unknown] app=[unknown] client=[local] LOG:  connection received: host=[local]
2026-01-05 18:02:16.243 GMT [19328] user=[unknown] db=[unknown] app=[unknown] client=[local] LOG:  connection received: host=[local]
2026-01-05 18:02:26.379 GMT [19335] user=[unknown] db=[unknown] app=[unknown] client=[local] LOG:  connection received: host=[local]
2026-01-05 18:02:36.579 GMT [19343] user=[unknown] db=[unknown] app=[unknown] client=[local] LOG:  connection received: host=[local]
2026-01-05 18:02:46.777 GMT [19350] user=[unknown] db=[unknown] app=[unknown] client=[local] LOG:  connection received: host=[local]
2026-01-05 18:02:56.937 GMT [19359] user=[unknown] db=[unknown] app=[unknown] client=[local] LOG:  connection received: host=[local]
2026-01-05 18:03:07.182 GMT [19367] user=[unknown] db=[unknown] app=[unknown] client=[local] LOG:  connection received: host=[local]
2026-01-05 18:03:17.320 GMT [19375] user=[unknown] db=[unknown] app=[unknown] client=[local] LOG:  connection received: host=[local]
2026-01-05 18:03:27.481 GMT [19383] user=[unknown] db=[unknown] app=[unknown] client=[local] LOG:  connection received: host=[local]
2026-01-05 18:03:37.654 GMT [19391] user=[unknown] db=[unknown] app=[unknown] client=[local] LOG:  connection received: host=[local]
2026-01-05 18:03:47.887 GMT [19398] user=[unknown] db=[unknown] app=[unknown] client=[local] LOG:  connection received: host=[local]
2026-01-05 18:03:58.007 GMT [19407] user=[unknown] db=[unknown] app=[unknown] client=[local] LOG:  connection received: host=[local]
2026-01-05 18:04:08.251 GMT [19414] user=[unknown] db=[unknown] app=[unknown] client=[local] LOG:  connection received: host=[local]
2026-01-05 18:04:18.375 GMT [19422] user=[unknown] db=[unknown] app=[unknown] client=[local] LOG:  connection received: host=[local]
2026-01-05 18:04:28.509 GMT [19430] user=[unknown] db=[unknown] app=[unknown] client=[local] LOG:  connection received: host=[local]
2026-01-05 18:04:38.695 GMT [19437] user=[unknown] db=[unknown] app=[unknown] client=[local] LOG:  connection received: host=[local]
2026-01-05 18:04:48.826 GMT [19447] user=[unknown] db=[unknown] app=[unknown] client=[local] LOG:  connection received: host=[local]
2026-01-05 18:04:58.952 GMT [19454] user=[unknown] db=[unknown] app=[unknown] client=[local] LOG:  connection received: host=[local]
2026-01-05 18:05:09.185 GMT [19461] user=[unknown] db=[unknown] app=[unknown] client=[local] LOG:  connection received: host=[local]
2026-01-05 18:05:19.314 GMT [19470] user=[unknown] db=[unknown] app=[unknown] client=[local] LOG:  connection received: host=[local]
2026-01-05 18:05:29.483 GMT [19477] user=[unknown] db=[unknown] app=[unknown] client=[local] LOG:  connection received: host=[local]
2026-01-05 18:05:39.631 GMT [19484] user=[unknown] db=[unknown] app=[unknown] client=[local] LOG:  connection received: host=[local]
2026-01-05 18:05:49.767 GMT [19493] user=[unknown] db=[unknown] app=[unknown] client=[local] LOG:  connection received: host=[local]
2026-01-05 18:05:59.924 GMT [19500] user=[unknown] db=[unknown] app=[unknown] client=[local] LOG:  connection received: host=[local]
2026-01-05 18:06:10.166 GMT [19507] user=[unknown] db=[unknown] app=[unknown] client=[local] LOG:  connection received: host=[local]
2026-01-05 18:06:20.294 GMT [19515] user=[unknown] db=[unknown] app=[unknown] client=[local] LOG:  connection received: host=[local]
2026-01-05 18:06:30.403 GMT [19523] user=[unknown] db=[unknown] app=[unknown] client=[local] LOG:  connection received: host=[local]
2026-01-05 18:06:40.592 GMT [19530] user=[unknown] db=[unknown] app=[unknown] client=[local] LOG:  connection received: host=[local]
2026-01-05 18:06:50.718 GMT [19539] user=[unknown] db=[unknown] app=[unknown] client=[local] LOG:  connection received: host=[local]
2026-01-05 18:07:00.843 GMT [19546] user=[unknown] db=[unknown] app=[unknown] client=[local] LOG:  connection received: host=[local]
2026-01-05 18:07:11.011 GMT [19553] user=[unknown] db=[unknown] app=[unknown] client=[local] LOG:  connection received: host=[local]
2026-01-05 18:07:21.175 GMT [19561] user=[unknown] db=[unknown] app=[unknown] client=[local] LOG:  connection received: host=[local]
2026-01-05 18:07:31.289 GMT [19568] user=[unknown] db=[unknown] app=[unknown] client=[local] LOG:  connection received: host=[local]
2026-01-05 18:07:41.457 GMT [19575] user=[unknown] db=[unknown] app=[unknown] client=[local] LOG:  connection received: host=[local]
2026-01-05 18:07:51.572 GMT [19584] user=[unknown] db=[unknown] app=[unknown] client=[local] LOG:  connection received: host=[local]
2026-01-05 18:08:01.719 GMT [19591] user=[unknown] db=[unknown] app=[unknown] client=[local] LOG:  connection received: host=[local]
2026-01-05 18:08:11.945 GMT [19599] user=[unknown] db=[unknown] app=[unknown] client=[local] LOG:  connection received: host=[local]
2026-01-05 18:08:22.095 GMT [19606] user=[unknown] db=[unknown] app=[unknown] client=[local] LOG:  connection received: host=[local]
2026-01-05 18:08:32.238 GMT [19613] user=[unknown] db=[unknown] app=[unknown] client=[local] LOG:  connection received: host=[local]
2026-01-05 18:08:42.398 GMT [19620] user=[unknown] db=[unknown] app=[unknown] client=[local] LOG:  connection received: host=[local]
2026-01-05 18:08:52.509 GMT [19629] user=[unknown] db=[unknown] app=[unknown] client=[local] LOG:  connection received: host=[local]
2026-01-05 18:09:02.618 GMT [19636] user=[unknown] db=[unknown] app=[unknown] client=[local] LOG:  connection received: host=[local]
2026-01-05 18:09:12.848 GMT [19644] user=[unknown] db=[unknown] app=[unknown] client=[local] LOG:  connection received: host=[local]
2026-01-05 18:09:23.017 GMT [19652] user=[unknown] db=[unknown] app=[unknown] client=[local] LOG:  connection received: host=[local]
2026-01-05 18:09:33.151 GMT [19659] user=[unknown] db=[unknown] app=[unknown] client=[local] LOG:  connection received: host=[local]
2026-01-05 18:09:43.304 GMT [19666] user=[unknown] db=[unknown] app=[unknown] client=[local] LOG:  connection received: host=[local]
2026-01-05 18:09:53.438 GMT [19675] user=[unknown] db=[unknown] app=[unknown] client=[local] LOG:  connection received: host=[local]
2026-01-05 18:10:03.546 GMT [19682] user=[unknown] db=[unknown] app=[unknown] client=[local] LOG:  connection received: host=[local]
2026-01-05 18:10:13.779 GMT [19690] user=[unknown] db=[unknown] app=[unknown] client=[local] LOG:  connection received: host=[local]
2026-01-05 18:10:23.921 GMT [19697] user=[unknown] db=[unknown] app=[unknown] client=[local] LOG:  connection received: host=[local]
2026-01-05 18:10:34.051 GMT [19704] user=[unknown] db=[unknown] app=[unknown] client=[local] LOG:  connection received: host=[local]
2026-01-05 18:10:44.190 GMT [19711] user=[unknown] db=[unknown] app=[unknown] client=[local] LOG:  connection received: host=[local]
2026-01-05 18:10:54.318 GMT [19720] user=[unknown] db=[unknown] app=[unknown] client=[local] LOG:  connection received: host=[local]
2026-01-05 18:11:04.480 GMT [19727] user=[unknown] db=[unknown] app=[unknown] client=[local] LOG:  connection received: host=[local]
2026-01-05 18:11:14.744 GMT [19735] user=[unknown] db=[unknown] app=[unknown] client=[local] LOG:  connection received: host=[local]
2026-01-05 18:11:24.891 GMT [19742] user=[unknown] db=[unknown] app=[unknown] client=[local] LOG:  connection received: host=[local]
2026-01-05 18:11:34.999 GMT [19749] user=[unknown] db=[unknown] app=[unknown] client=[local] LOG:  connection received: host=[local]
2026-01-05 18:11:45.121 GMT [19757] user=[unknown] db=[unknown] app=[unknown] client=[local] LOG:  connection received: host=[local]
2026-01-05 18:11:55.245 GMT [19767] user=[unknown] db=[unknown] app=[unknown] client=[local] LOG:  connection received: host=[local]
2026-01-05 18:12:05.359 GMT [19774] user=[unknown] db=[unknown] app=[unknown] client=[local] LOG:  connection received: host=[local]
2026-01-05 18:12:15.672 GMT [19783] user=[unknown] db=[unknown] app=[unknown] client=[local] LOG:  connection received: host=[local]
2026-01-05 18:12:25.808 GMT [19790] user=[unknown] db=[unknown] app=[unknown] client=[local] LOG:  connection received: host=[local]
2026-01-05 18:12:35.941 GMT [19797] user=[unknown] db=[unknown] app=[unknown] client=[local] LOG:  connection received: host=[local]
2026-01-05 18:12:46.078 GMT [19805] user=[unknown] db=[unknown] app=[unknown] client=[local] LOG:  connection received: host=[local]
2026-01-05 18:12:56.224 GMT [19814] user=[unknown] db=[unknown] app=[unknown] client=[local] LOG:  connection received: host=[local]
2026-01-05 18:13:06.345 GMT [19821] user=[unknown] db=[unknown] app=[unknown] client=[local] LOG:  connection received: host=[local]
2026-01-05 18:13:16.498 GMT [19829] user=[unknown] db=[unknown] app=[unknown] client=[local] LOG:  connection received: host=[local]
2026-01-05 18:13:26.629 GMT [19836] user=[unknown] db=[unknown] app=[unknown] client=[local] LOG:  connection received: host=[local]
2026-01-05 18:13:36.770 GMT [19843] user=[unknown] db=[unknown] app=[unknown] client=[local] LOG:  connection received: host=[local]
2026-01-05 18:13:46.925 GMT [19850] user=[unknown] db=[unknown] app=[unknown] client=[local] LOG:  connection received: host=[local]
2026-01-05 18:13:57.089 GMT [19859] user=[unknown] db=[unknown] app=[unknown] client=[local] LOG:  connection received: host=[local]
2026-01-05 18:14:07.296 GMT [19866] user=[unknown] db=[unknown] app=[unknown] client=[local] LOG:  connection received: host=[local]
2026-01-05 18:14:17.442 GMT [19874] user=[unknown] db=[unknown] app=[unknown] client=[local] LOG:  connection received: host=[local]
2026-01-05 18:14:27.573 GMT [19881] user=[unknown] db=[unknown] app=[unknown] client=[local] LOG:  connection received: host=[local]
2026-01-05 18:14:37.707 GMT [19888] user=[unknown] db=[unknown] app=[unknown] client=[local] LOG:  connection received: host=[local]
2026-01-05 18:14:47.824 GMT [19895] user=[unknown] db=[unknown] app=[unknown] client=[local] LOG:  connection received: host=[local]
2026-01-05 18:14:57.937 GMT [19904] user=[unknown] db=[unknown] app=[unknown] client=[local] LOG:  connection received: host=[local]
2026-01-05 18:15:08.194 GMT [19911] user=[unknown] db=[unknown] app=[unknown] client=[local] LOG:  connection received: host=[local]
2026-01-05 18:15:18.317 GMT [19919] user=[unknown] db=[unknown] app=[unknown] client=[local] LOG:  connection received: host=[local]
2026-01-05 18:15:28.429 GMT [19926] user=[unknown] db=[unknown] app=[unknown] client=[local] LOG:  connection received: host=[local]
2026-01-05 18:15:38.565 GMT [19934] user=[unknown] db=[unknown] app=[unknown] client=[local] LOG:  connection received: host=[local]
2026-01-05 18:15:48.699 GMT [19941] user=[unknown] db=[unknown] app=[unknown] client=[local] LOG:  connection received: host=[local]
2026-01-05 18:15:58.826 GMT [19950] user=[unknown] db=[unknown] app=[unknown] client=[local] LOG:  connection received: host=[local]
2026-01-05 18:16:09.084 GMT [19957] user=[unknown] db=[unknown] app=[unknown] client=[local] LOG:  connection received: host=[local]
2026-01-05 18:16:19.228 GMT [19965] user=[unknown] db=[unknown] app=[unknown] client=[local] LOG:  connection received: host=[local]
2026-01-05 18:16:29.356 GMT [19972] user=[unknown] db=[unknown] app=[unknown] client=[local] LOG:  connection received: host=[local]
2026-01-05 18:16:39.499 GMT [19979] user=[unknown] db=[unknown] app=[unknown] client=[local] LOG:  connection received: host=[local]
2026-01-05 18:16:49.610 GMT [19988] user=[unknown] db=[unknown] app=[unknown] client=[local] LOG:  connection received: host=[local]
2026-01-05 18:16:59.740 GMT [19995] user=[unknown] db=[unknown] app=[unknown] client=[local] LOG:  connection received: host=[local]
2026-01-05 18:17:09.949 GMT [20002] user=[unknown] db=[unknown] app=[unknown] client=[local] LOG:  connection received: host=[local]
2026-01-05 18:17:20.111 GMT [20010] user=[unknown] db=[unknown] app=[unknown] client=[local] LOG:  connection received: host=[local]
2026-01-05 18:17:30.260 GMT [20017] user=[unknown] db=[unknown] app=[unknown] client=[local] LOG:  connection received: host=[local]
2026-01-05 18:17:40.380 GMT [20024] user=[unknown] db=[unknown] app=[unknown] client=[local] LOG:  connection received: host=[local]
2026-01-05 18:17:50.522 GMT [20033] user=[unknown] db=[unknown] app=[unknown] client=[local] LOG:  connection received: host=[local]
2026-01-05 18:18:00.667 GMT [20040] user=[unknown] db=[unknown] app=[unknown] client=[local] LOG:  connection received: host=[local]
2026-01-05 18:18:10.907 GMT [20047] user=[unknown] db=[unknown] app=[unknown] client=[local] LOG:  connection received: host=[local]
2026-01-05 18:18:21.029 GMT [20055] user=[unknown] db=[unknown] app=[unknown] client=[local] LOG:  connection received: host=[local]
2026-01-05 18:18:31.208 GMT [20062] user=[unknown] db=[unknown] app=[unknown] client=[local] LOG:  connection received: host=[local]
2026-01-05 18:18:41.347 GMT [20070] user=[unknown] db=[unknown] app=[unknown] client=[local] LOG:  connection received: host=[local]
2026-01-05 18:18:51.462 GMT [20079] user=[unknown] db=[unknown] app=[unknown] client=[local] LOG:  connection received: host=[local]
2026-01-05 18:19:01.583 GMT [20086] user=[unknown] db=[unknown] app=[unknown] client=[local] LOG:  connection received: host=[local]
2026-01-05 18:19:11.829 GMT [20093] user=[unknown] db=[unknown] app=[unknown] client=[local] LOG:  connection received: host=[local]
2026-01-05 18:19:21.956 GMT [20102] user=[unknown] db=[unknown] app=[unknown] client=[local] LOG:  connection received: host=[local]
2026-01-05 18:19:32.080 GMT [20109] user=[unknown] db=[unknown] app=[unknown] client=[local] LOG:  connection received: host=[local]
2026-01-05 18:19:42.253 GMT [20116] user=[unknown] db=[unknown] app=[unknown] client=[local] LOG:  connection received: host=[local]
2026-01-05 18:19:52.376 GMT [20126] user=[unknown] db=[unknown] app=[unknown] client=[local] LOG:  connection received: host=[local]
2026-01-05 18:20:02.480 GMT [20133] user=[unknown] db=[unknown] app=[unknown] client=[local] LOG:  connection received: host=[local]
2026-01-05 18:20:12.684 GMT [20141] user=[unknown] db=[unknown] app=[unknown] client=[local] LOG:  connection received: host=[local]
2026-01-05 18:20:22.824 GMT [20148] user=[unknown] db=[unknown] app=[unknown] client=[local] LOG:  connection received: host=[local]
2026-01-05 18:20:32.946 GMT [20155] user=[unknown] db=[unknown] app=[unknown] client=[local] LOG:  connection received: host=[local]
2026-01-05 18:20:43.106 GMT [20163] user=[unknown] db=[unknown] app=[unknown] client=[local] LOG:  connection received: host=[local]
2026-01-05 18:20:53.221 GMT [20172] user=[unknown] db=[unknown] app=[unknown] client=[local] LOG:  connection received: host=[local]
2026-01-05 18:21:03.337 GMT [20179] user=[unknown] db=[unknown] app=[unknown] client=[local] LOG:  connection received: host=[local]
2026-01-05 18:21:13.472 GMT [20187] user=[unknown] db=[unknown] app=[unknown] client=[local] LOG:  connection received: host=[local]
2026-01-05 18:21:23.617 GMT [20194] user=[unknown] db=[unknown] app=[unknown] client=[local] LOG:  connection received: host=[local]
2026-01-05 18:21:33.770 GMT [20202] user=[unknown] db=[unknown] app=[unknown] client=[local] LOG:  connection received: host=[local]
2026-01-05 18:21:43.888 GMT [20209] user=[unknown] db=[unknown] app=[unknown] client=[local] LOG:  connection received: host=[local]
2026-01-05 18:21:54.067 GMT [20219] user=[unknown] db=[unknown] app=[unknown] client=[local] LOG:  connection received: host=[local]
2026-01-05 18:22:04.177 GMT [20226] user=[unknown] db=[unknown] app=[unknown] client=[local] LOG:  connection received: host=[local]
2026-01-05 18:22:14.489 GMT [20234] user=[unknown] db=[unknown] app=[unknown] client=[local] LOG:  connection received: host=[local]
2026-01-05 18:22:24.612 GMT [20241] user=[unknown] db=[unknown] app=[unknown] client=[local] LOG:  connection received: host=[local]
2026-01-05 18:22:34.740 GMT [20248] user=[unknown] db=[unknown] app=[unknown] client=[local] LOG:  connection received: host=[local]
2026-01-05 18:22:44.893 GMT [20255] user=[unknown] db=[unknown] app=[unknown] client=[local] LOG:  connection received: host=[local]
2026-01-05 18:22:55.023 GMT [20264] user=[unknown] db=[unknown] app=[unknown] client=[local] LOG:  connection received: host=[local]
2026-01-05 18:23:05.135 GMT [20271] user=[unknown] db=[unknown] app=[unknown] client=[local] LOG:  connection received: host=[local]
2026-01-05 18:23:15.355 GMT [20279] user=[unknown] db=[unknown] app=[unknown] client=[local] LOG:  connection received: host=[local]
2026-01-05 18:23:25.491 GMT [20286] user=[unknown] db=[unknown] app=[unknown] client=[local] LOG:  connection received: host=[local]
2026-01-05 18:23:35.629 GMT [20293] user=[unknown] db=[unknown] app=[unknown] client=[local] LOG:  connection received: host=[local]
2026-01-05 18:23:45.785 GMT [20300] user=[unknown] db=[unknown] app=[unknown] client=[local] LOG:  connection received: host=[local]
2026-01-05 18:23:55.918 GMT [20309] user=[unknown] db=[unknown] app=[unknown] client=[local] LOG:  connection received: host=[local]
2026-01-05 18:24:06.066 GMT [20316] user=[unknown] db=[unknown] app=[unknown] client=[local] LOG:  connection received: host=[local]
2026-01-05 18:24:16.299 GMT [20325] user=[unknown] db=[unknown] app=[unknown] client=[local] LOG:  connection received: host=[local]
2026-01-05 18:24:26.419 GMT [20332] user=[unknown] db=[unknown] app=[unknown] client=[local] LOG:  connection received: host=[local]
2026-01-05 18:24:36.552 GMT [20339] user=[unknown] db=[unknown] app=[unknown] client=[local] LOG:  connection received: host=[local]
2026-01-05 18:24:46.699 GMT [20346] user=[unknown] db=[unknown] app=[unknown] client=[local] LOG:  connection received: host=[local]
2026-01-05 18:24:56.820 GMT [20355] user=[unknown] db=[unknown] app=[unknown] client=[local] LOG:  connection received: host=[local]
2026-01-05 18:25:06.942 GMT [20362] user=[unknown] db=[unknown] app=[unknown] client=[local] LOG:  connection received: host=[local]
2026-01-05 18:25:17.128 GMT [20370] user=[unknown] db=[unknown] app=[unknown] client=[local] LOG:  connection received: host=[local]
2026-01-05 18:25:27.252 GMT [20377] user=[unknown] db=[unknown] app=[unknown] client=[local] LOG:  connection received: host=[local]
2026-01-05 18:25:37.379 GMT [20384] user=[unknown] db=[unknown] app=[unknown] client=[local] LOG:  connection received: host=[local]
2026-01-05 18:25:47.558 GMT [20391] user=[unknown] db=[unknown] app=[unknown] client=[local] LOG:  connection received: host=[local]
2026-01-05 18:25:57.679 GMT [20400] user=[unknown] db=[unknown] app=[unknown] client=[local] LOG:  connection received: host=[local]
2026-01-05 18:26:07.928 GMT [20407] user=[unknown] db=[unknown] app=[unknown] client=[local] LOG:  connection received: host=[local]
2026-01-05 18:26:18.099 GMT [20415] user=[unknown] db=[unknown] app=[unknown] client=[local] LOG:  connection received: host=[local]
2026-01-05 18:26:28.232 GMT [20422] user=[unknown] db=[unknown] app=[unknown] client=[local] LOG:  connection received: host=[local]
2026-01-05 18:26:38.349 GMT [20429] user=[unknown] db=[unknown] app=[unknown] client=[local] LOG:  connection received: host=[local]
2026-01-05 18:26:48.486 GMT [20436] user=[unknown] db=[unknown] app=[unknown] client=[local] LOG:  connection received: host=[local]
2026-01-05 18:26:58.601 GMT [20445] user=[unknown] db=[unknown] app=[unknown] client=[local] LOG:  connection received: host=[local]
2026-01-05 18:27:08.836 GMT [20452] user=[unknown] db=[unknown] app=[unknown] client=[local] LOG:  connection received: host=[local]
2026-01-05 18:27:18.966 GMT [20460] user=[unknown] db=[unknown] app=[unknown] client=[local] LOG:  connection received: host=[local]
2026-01-05 18:27:29.142 GMT [20467] user=[unknown] db=[unknown] app=[unknown] client=[local] LOG:  connection received: host=[local]
2026-01-05 18:27:39.248 GMT [20474] user=[unknown] db=[unknown] app=[unknown] client=[local] LOG:  connection received: host=[local]
2026-01-05 18:27:49.368 GMT [20481] user=[unknown] db=[unknown] app=[unknown] client=[local] LOG:  connection received: host=[local]
2026-01-05 18:27:59.488 GMT [20490] user=[unknown] db=[unknown] app=[unknown] client=[local] LOG:  connection received: host=[local]
2026-01-05 18:28:09.731 GMT [20498] user=[unknown] db=[unknown] app=[unknown] client=[local] LOG:  connection received: host=[local]
2026-01-05 18:28:19.842 GMT [20506] user=[unknown] db=[unknown] app=[unknown] client=[local] LOG:  connection received: host=[local]
2026-01-05 18:28:29.952 GMT [20513] user=[unknown] db=[unknown] app=[unknown] client=[local] LOG:  connection received: host=[local]
2026-01-05 18:28:40.114 GMT [20520] user=[unknown] db=[unknown] app=[unknown] client=[local] LOG:  connection received: host=[local]
2026-01-05 18:28:50.269 GMT [20529] user=[unknown] db=[unknown] app=[unknown] client=[local] LOG:  connection received: host=[local]
2026-01-05 18:29:00.415 GMT [20536] user=[unknown] db=[unknown] app=[unknown] client=[local] LOG:  connection received: host=[local]
2026-01-05 18:29:10.533 GMT [20543] user=[unknown] db=[unknown] app=[unknown] client=[local] LOG:  connection received: host=[local]
2026-01-05 18:29:20.645 GMT [20551] user=[unknown] db=[unknown] app=[unknown] client=[local] LOG:  connection received: host=[local]
2026-01-05 18:29:30.756 GMT [20559] user=[unknown] db=[unknown] app=[unknown] client=[local] LOG:  connection received: host=[local]
2026-01-05 18:29:40.907 GMT [20567] user=[unknown] db=[unknown] app=[unknown] client=[local] LOG:  connection received: host=[local]
2026-01-05 18:29:51.034 GMT [20576] user=[unknown] db=[unknown] app=[unknown] client=[local] LOG:  connection received: host=[local]
2026-01-05 18:30:01.173 GMT [20583] user=[unknown] db=[unknown] app=[unknown] client=[local] LOG:  connection received: host=[local]
2026-01-05 18:30:11.393 GMT [20590] user=[unknown] db=[unknown] app=[unknown] client=[local] LOG:  connection received: host=[local]
2026-01-05 18:30:21.527 GMT [20599] user=[unknown] db=[unknown] app=[unknown] client=[local] LOG:  connection received: host=[local]
2026-01-05 18:30:31.652 GMT [20606] user=[unknown] db=[unknown] app=[unknown] client=[local] LOG:  connection received: host=[local]
2026-01-05 18:30:41.806 GMT [20612] user=[unknown] db=[unknown] app=[unknown] client=[local] LOG:  connection received: host=[local]
2026-01-05 18:30:51.936 GMT [20621] user=[unknown] db=[unknown] app=[unknown] client=[local] LOG:  connection received: host=[local]
2026-01-05 18:31:02.061 GMT [20628] user=[unknown] db=[unknown] app=[unknown] client=[local] LOG:  connection received: host=[local]
2026-01-05 18:31:12.305 GMT [20636] user=[unknown] db=[unknown] app=[unknown] client=[local] LOG:  connection received: host=[local]
2026-01-05 18:31:22.429 GMT [20645] user=[unknown] db=[unknown] app=[unknown] client=[local] LOG:  connection received: host=[local]
2026-01-05 18:31:32.553 GMT [20652] user=[unknown] db=[unknown] app=[unknown] client=[local] LOG:  connection received: host=[local]
2026-01-05 18:31:42.670 GMT [20659] user=[unknown] db=[unknown] app=[unknown] client=[local] LOG:  connection received: host=[local]
2026-01-05 18:31:52.791 GMT [20668] user=[unknown] db=[unknown] app=[unknown] client=[local] LOG:  connection received: host=[local]
2026-01-05 18:32:02.949 GMT [20675] user=[unknown] db=[unknown] app=[unknown] client=[local] LOG:  connection received: host=[local]
2026-01-05 18:32:13.157 GMT [20683] user=[unknown] db=[unknown] app=[unknown] client=[local] LOG:  connection received: host=[local]
2026-01-05 18:32:23.308 GMT [20690] user=[unknown] db=[unknown] app=[unknown] client=[local] LOG:  connection received: host=[local]
2026-01-05 18:32:33.470 GMT [20697] user=[unknown] db=[unknown] app=[unknown] client=[local] LOG:  connection received: host=[local]
2026-01-05 18:32:43.617 GMT [20704] user=[unknown] db=[unknown] app=[unknown] client=[local] LOG:  connection received: host=[local]
2026-01-05 18:32:53.757 GMT [20713] user=[unknown] db=[unknown] app=[unknown] client=[local] LOG:  connection received: host=[local]
2026-01-05 18:33:03.882 GMT [20720] user=[unknown] db=[unknown] app=[unknown] client=[local] LOG:  connection received: host=[local]
2026-01-05 18:33:14.156 GMT [20728] user=[unknown] db=[unknown] app=[unknown] client=[local] LOG:  connection received: host=[local]
2026-01-05 18:33:24.308 GMT [20735] user=[unknown] db=[unknown] app=[unknown] client=[local] LOG:  connection received: host=[local]
2026-01-05 18:33:34.439 GMT [20742] user=[unknown] db=[unknown] app=[unknown] client=[local] LOG:  connection received: host=[local]
2026-01-05 18:33:44.597 GMT [20750] user=[unknown] db=[unknown] app=[unknown] client=[local] LOG:  connection received: host=[local]
2026-01-05 18:33:54.725 GMT [20759] user=[unknown] db=[unknown] app=[unknown] client=[local] LOG:  connection received: host=[local]
2026-01-05 18:34:04.902 GMT [20766] user=[unknown] db=[unknown] app=[unknown] client=[local] LOG:  connection received: host=[local]
2026-01-05 18:34:15.142 GMT [20774] user=[unknown] db=[unknown] app=[unknown] client=[local] LOG:  connection received: host=[local]
2026-01-05 18:34:25.267 GMT [20781] user=[unknown] db=[unknown] app=[unknown] client=[local] LOG:  connection received: host=[local]
2026-01-05 18:34:35.431 GMT [20788] user=[unknown] db=[unknown] app=[unknown] client=[local] LOG:  connection received: host=[local]
2026-01-05 18:34:45.557 GMT [20795] user=[unknown] db=[unknown] app=[unknown] client=[local] LOG:  connection received: host=[local]
2026-01-05 18:34:55.673 GMT [20804] user=[unknown] db=[unknown] app=[unknown] client=[local] LOG:  connection received: host=[local]
2026-01-05 18:35:05.805 GMT [20811] user=[unknown] db=[unknown] app=[unknown] client=[local] LOG:  connection received: host=[local]
2026-01-05 18:35:16.042 GMT [20819] user=[unknown] db=[unknown] app=[unknown] client=[local] LOG:  connection received: host=[local]
2026-01-05 18:35:26.214 GMT [20826] user=[unknown] db=[unknown] app=[unknown] client=[local] LOG:  connection received: host=[local]
2026-01-05 18:35:36.330 GMT [20833] user=[unknown] db=[unknown] app=[unknown] client=[local] LOG:  connection received: host=[local]
2026-01-05 18:35:46.457 GMT [20840] user=[unknown] db=[unknown] app=[unknown] client=[local] LOG:  connection received: host=[local]
2026-01-05 18:35:56.577 GMT [20849] user=[unknown] db=[unknown] app=[unknown] client=[local] LOG:  connection received: host=[local]
2026-01-05 18:36:06.717 GMT [20856] user=[unknown] db=[unknown] app=[unknown] client=[local] LOG:  connection received: host=[local]
2026-01-05 18:36:16.978 GMT [20864] user=[unknown] db=[unknown] app=[unknown] client=[local] LOG:  connection received: host=[local]
2026-01-05 18:36:27.095 GMT [20872] user=[unknown] db=[unknown] app=[unknown] client=[local] LOG:  connection received: host=[local]
2026-01-05 18:36:37.254 GMT [20879] user=[unknown] db=[unknown] app=[unknown] client=[local] LOG:  connection received: host=[local]
2026-01-05 18:36:47.413 GMT [20886] user=[unknown] db=[unknown] app=[unknown] client=[local] LOG:  connection received: host=[local]
2026-01-05 18:36:57.530 GMT [20895] user=[unknown] db=[unknown] app=[unknown] client=[local] LOG:  connection received: host=[local]
2026-01-05 18:37:07.646 GMT [20902] user=[unknown] db=[unknown] app=[unknown] client=[local] LOG:  connection received: host=[local]
2026-01-05 18:37:17.786 GMT [20910] user=[unknown] db=[unknown] app=[unknown] client=[local] LOG:  connection received: host=[local]
2026-01-05 18:37:27.930 GMT [20917] user=[unknown] db=[unknown] app=[unknown] client=[local] LOG:  connection received: host=[local]
2026-01-05 18:37:38.085 GMT [20925] user=[unknown] db=[unknown] app=[unknown] client=[local] LOG:  connection received: host=[local]
2026-01-05 18:37:48.225 GMT [20933] user=[unknown] db=[unknown] app=[unknown] client=[local] LOG:  connection received: host=[local]
2026-01-05 18:37:58.344 GMT [20942] user=[unknown] db=[unknown] app=[unknown] client=[local] LOG:  connection received: host=[local]
2026-01-05 18:38:08.530 GMT [20949] user=[unknown] db=[unknown] app=[unknown] client=[local] LOG:  connection received: host=[local]
2026-01-05 18:38:18.695 GMT [20957] user=[unknown] db=[unknown] app=[unknown] client=[local] LOG:  connection received: host=[local]
2026-01-05 18:38:28.835 GMT [20964] user=[unknown] db=[unknown] app=[unknown] client=[local] LOG:  connection received: host=[local]
2026-01-05 18:38:38.948 GMT [20971] user=[unknown] db=[unknown] app=[unknown] client=[local] LOG:  connection received: host=[local]
2026-01-05 18:38:49.147 GMT [20978] user=[unknown] db=[unknown] app=[unknown] client=[local] LOG:  connection received: host=[local]
2026-01-05 18:38:59.283 GMT [20987] user=[unknown] db=[unknown] app=[unknown] client=[local] LOG:  connection received: host=[local]
2026-01-05 18:39:09.530 GMT [20994] user=[unknown] db=[unknown] app=[unknown] client=[local] LOG:  connection received: host=[local]
2026-01-05 18:39:19.650 GMT [21002] user=[unknown] db=[unknown] app=[unknown] client=[local] LOG:  connection received: host=[local]
2026-01-05 18:39:29.780 GMT [21009] user=[unknown] db=[unknown] app=[unknown] client=[local] LOG:  connection received: host=[local]
2026-01-05 18:39:39.954 GMT [21016] user=[unknown] db=[unknown] app=[unknown] client=[local] LOG:  connection received: host=[local]
2026-01-05 18:39:50.079 GMT [21025] user=[unknown] db=[unknown] app=[unknown] client=[local] LOG:  connection received: host=[local]
2026-01-05 18:40:00.265 GMT [21033] user=[unknown] db=[unknown] app=[unknown] client=[local] LOG:  connection received: host=[local]
2026-01-05 18:40:10.498 GMT [21040] user=[unknown] db=[unknown] app=[unknown] client=[local] LOG:  connection received: host=[local]
2026-01-05 18:40:20.621 GMT [21048] user=[unknown] db=[unknown] app=[unknown] client=[local] LOG:  connection received: host=[local]
2026-01-05 18:40:30.766 GMT [21055] user=[unknown] db=[unknown] app=[unknown] client=[local] LOG:  connection received: host=[local]
2026-01-05 18:40:40.900 GMT [21062] user=[unknown] db=[unknown] app=[unknown] client=[local] LOG:  connection received: host=[local]
2026-01-05 18:40:51.037 GMT [21071] user=[unknown] db=[unknown] app=[unknown] client=[local] LOG:  connection received: host=[local]
2026-01-05 18:41:01.259 GMT [21078] user=[unknown] db=[unknown] app=[unknown] client=[local] LOG:  connection received: host=[local]
2026-01-05 18:41:11.486 GMT [21086] user=[unknown] db=[unknown] app=[unknown] client=[local] LOG:  connection received: host=[local]
2026-01-05 18:41:21.643 GMT [21095] user=[unknown] db=[unknown] app=[unknown] client=[local] LOG:  connection received: host=[local]
2026-01-05 18:41:31.760 GMT [21102] user=[unknown] db=[unknown] app=[unknown] client=[local] LOG:  connection received: host=[local]
2026-01-05 18:41:41.910 GMT [21109] user=[unknown] db=[unknown] app=[unknown] client=[local] LOG:  connection received: host=[local]
2026-01-05 18:41:52.058 GMT [21118] user=[unknown] db=[unknown] app=[unknown] client=[local] LOG:  connection received: host=[local]
2026-01-05 18:42:02.194 GMT [21126] user=[unknown] db=[unknown] app=[unknown] client=[local] LOG:  connection received: host=[local]
2026-01-05 18:42:12.362 GMT [21134] user=[unknown] db=[unknown] app=[unknown] client=[local] LOG:  connection received: host=[local]
2026-01-05 18:42:22.487 GMT [21142] user=[unknown] db=[unknown] app=[unknown] client=[local] LOG:  connection received: host=[local]
2026-01-05 18:42:32.624 GMT [21149] user=[unknown] db=[unknown] app=[unknown] client=[local] LOG:  connection received: host=[local]
2026-01-05 18:42:42.767 GMT [21156] user=[unknown] db=[unknown] app=[unknown] client=[local] LOG:  connection received: host=[local]
2026-01-05 18:42:52.875 GMT [21165] user=[unknown] db=[unknown] app=[unknown] client=[local] LOG:  connection received: host=[local]
2026-01-05 18:43:02.985 GMT [21172] user=[unknown] db=[unknown] app=[unknown] client=[local] LOG:  connection received: host=[local]
2026-01-05 18:43:13.212 GMT [21180] user=[unknown] db=[unknown] app=[unknown] client=[local] LOG:  connection received: host=[local]
2026-01-05 18:43:23.352 GMT [21187] user=[unknown] db=[unknown] app=[unknown] client=[local] LOG:  connection received: host=[local]
2026-01-05 18:43:33.474 GMT [21194] user=[unknown] db=[unknown] app=[unknown] client=[local] LOG:  connection received: host=[local]
2026-01-05 18:43:43.646 GMT [21201] user=[unknown] db=[unknown] app=[unknown] client=[local] LOG:  connection received: host=[local]
2026-01-05 18:43:53.756 GMT [21210] user=[unknown] db=[unknown] app=[unknown] client=[local] LOG:  connection received: host=[local]
2026-01-05 18:44:03.870 GMT [21217] user=[unknown] db=[unknown] app=[unknown] client=[local] LOG:  connection received: host=[local]
2026-01-05 18:44:14.080 GMT [21225] user=[unknown] db=[unknown] app=[unknown] client=[local] LOG:  connection received: host=[local]
2026-01-05 18:44:24.217 GMT [21232] user=[unknown] db=[unknown] app=[unknown] client=[local] LOG:  connection received: host=[local]
2026-01-05 18:44:34.372 GMT [21239] user=[unknown] db=[unknown] app=[unknown] client=[local] LOG:  connection received: host=[local]
2026-01-05 18:44:44.528 GMT [21246] user=[unknown] db=[unknown] app=[unknown] client=[local] LOG:  connection received: host=[local]
2026-01-05 18:44:54.651 GMT [21256] user=[unknown] db=[unknown] app=[unknown] client=[local] LOG:  connection received: host=[local]
2026-01-05 18:45:04.780 GMT [21264] user=[unknown] db=[unknown] app=[unknown] client=[local] LOG:  connection received: host=[local]
2026-01-05 18:45:15.028 GMT [21272] user=[unknown] db=[unknown] app=[unknown] client=[local] LOG:  connection received: host=[local]
2026-01-05 18:45:25.157 GMT [21279] user=[unknown] db=[unknown] app=[unknown] client=[local] LOG:  connection received: host=[local]
2026-01-05 18:45:35.315 GMT [21286] user=[unknown] db=[unknown] app=[unknown] client=[local] LOG:  connection received: host=[local]
2026-01-05 18:45:45.460 GMT [21293] user=[unknown] db=[unknown] app=[unknown] client=[local] LOG:  connection received: host=[local]
2026-01-05 18:45:55.575 GMT [21302] user=[unknown] db=[unknown] app=[unknown] client=[local] LOG:  connection received: host=[local]
2026-01-05 18:46:05.688 GMT [21309] user=[unknown] db=[unknown] app=[unknown] client=[local] LOG:  connection received: host=[local]
2026-01-05 18:46:15.975 GMT [21317] user=[unknown] db=[unknown] app=[unknown] client=[local] LOG:  connection received: host=[local]
2026-01-05 18:46:26.086 GMT [21325] user=[unknown] db=[unknown] app=[unknown] client=[local] LOG:  connection received: host=[local]
2026-01-05 18:46:36.224 GMT [21332] user=[unknown] db=[unknown] app=[unknown] client=[local] LOG:  connection received: host=[local]
2026-01-05 18:46:46.370 GMT [21339] user=[unknown] db=[unknown] app=[unknown] client=[local] LOG:  connection received: host=[local]
2026-01-05 18:46:56.476 GMT [21348] user=[unknown] db=[unknown] app=[unknown] client=[local] LOG:  connection received: host=[local]
2026-01-05 18:47:06.595 GMT [21355] user=[unknown] db=[unknown] app=[unknown] client=[local] LOG:  connection received: host=[local]
2026-01-05 18:47:16.764 GMT [21363] user=[unknown] db=[unknown] app=[unknown] client=[local] LOG:  connection received: host=[local]
2026-01-05 18:47:26.910 GMT [21370] user=[unknown] db=[unknown] app=[unknown] client=[local] LOG:  connection received: host=[local]
2026-01-05 18:47:37.047 GMT [21377] user=[unknown] db=[unknown] app=[unknown] client=[local] LOG:  connection received: host=[local]
2026-01-05 18:47:47.220 GMT [21385] user=[unknown] db=[unknown] app=[unknown] client=[local] LOG:  connection received: host=[local]
2026-01-05 18:47:57.334 GMT [21394] user=[unknown] db=[unknown] app=[unknown] client=[local] LOG:  connection received: host=[local]
2026-01-05 18:48:07.446 GMT [21401] user=[unknown] db=[unknown] app=[unknown] client=[local] LOG:  connection received: host=[local]
2026-01-05 18:48:17.693 GMT [21409] user=[unknown] db=[unknown] app=[unknown] client=[local] LOG:  connection received: host=[local]
2026-01-05 18:48:27.801 GMT [21416] user=[unknown] db=[unknown] app=[unknown] client=[local] LOG:  connection received: host=[local]
2026-01-05 18:48:37.923 GMT [21423] user=[unknown] db=[unknown] app=[unknown] client=[local] LOG:  connection received: host=[local]
2026-01-05 18:48:48.090 GMT [21431] user=[unknown] db=[unknown] app=[unknown] client=[local] LOG:  connection received: host=[local]
2026-01-05 18:48:58.242 GMT [21440] user=[unknown] db=[unknown] app=[unknown] client=[local] LOG:  connection received: host=[local]
2026-01-05 18:49:08.356 GMT [21447] user=[unknown] db=[unknown] app=[unknown] client=[local] LOG:  connection received: host=[local]
2026-01-05 18:49:18.502 GMT [21455] user=[unknown] db=[unknown] app=[unknown] client=[local] LOG:  connection received: host=[local]
2026-01-05 18:49:28.604 GMT [21462] user=[unknown] db=[unknown] app=[unknown] client=[local] LOG:  connection received: host=[local]
2026-01-05 18:49:38.724 GMT [21469] user=[unknown] db=[unknown] app=[unknown] client=[local] LOG:  connection received: host=[local]
2026-01-05 18:49:48.945 GMT [21476] user=[unknown] db=[unknown] app=[unknown] client=[local] LOG:  connection received: host=[local]
2026-01-05 18:49:59.053 GMT [21485] user=[unknown] db=[unknown] app=[unknown] client=[local] LOG:  connection received: host=[local]
2026-01-05 18:50:09.167 GMT [21493] user=[unknown] db=[unknown] app=[unknown] client=[local] LOG:  connection received: host=[local]
2026-01-05 18:50:19.290 GMT [21501] user=[unknown] db=[unknown] app=[unknown] client=[local] LOG:  connection received: host=[local]
2026-01-05 18:50:29.420 GMT [21509] user=[unknown] db=[unknown] app=[unknown] client=[local] LOG:  connection received: host=[local]
2026-01-05 18:50:39.545 GMT [21516] user=[unknown] db=[unknown] app=[unknown] client=[local] LOG:  connection received: host=[local]
2026-01-05 18:50:49.748 GMT [21523] user=[unknown] db=[unknown] app=[unknown] client=[local] LOG:  connection received: host=[local]
2026-01-05 18:50:59.893 GMT [21532] user=[unknown] db=[unknown] app=[unknown] client=[local] LOG:  connection received: host=[local]
2026-01-05 18:51:10.200 GMT [21539] user=[unknown] db=[unknown] app=[unknown] client=[local] LOG:  connection received: host=[local]
2026-01-05 18:51:20.321 GMT [21547] user=[unknown] db=[unknown] app=[unknown] client=[local] LOG:  connection received: host=[local]
2026-01-05 18:51:30.460 GMT [21554] user=[unknown] db=[unknown] app=[unknown] client=[local] LOG:  connection received: host=[local]
2026-01-05 18:51:40.643 GMT [21561] user=[unknown] db=[unknown] app=[unknown] client=[local] LOG:  connection received: host=[local]
2026-01-05 18:51:50.748 GMT [21568] user=[unknown] db=[unknown] app=[unknown] client=[local] LOG:  connection received: host=[local]
2026-01-05 18:52:00.882 GMT [21577] user=[unknown] db=[unknown] app=[unknown] client=[local] LOG:  connection received: host=[local]
2026-01-05 18:52:11.125 GMT [21585] user=[unknown] db=[unknown] app=[unknown] client=[local] LOG:  connection received: host=[local]
2026-01-05 18:52:21.296 GMT [21593] user=[unknown] db=[unknown] app=[unknown] client=[local] LOG:  connection received: host=[local]
2026-01-05 18:52:31.417 GMT [21600] user=[unknown] db=[unknown] app=[unknown] client=[local] LOG:  connection received: host=[local]
2026-01-05 18:52:41.555 GMT [21607] user=[unknown] db=[unknown] app=[unknown] client=[local] LOG:  connection received: host=[local]
2026-01-05 18:52:51.670 GMT [21616] user=[unknown] db=[unknown] app=[unknown] client=[local] LOG:  connection received: host=[local]
2026-01-05 18:53:01.835 GMT [21623] user=[unknown] db=[unknown] app=[unknown] client=[local] LOG:  connection received: host=[local]
2026-01-05 18:53:12.047 GMT [21631] user=[unknown] db=[unknown] app=[unknown] client=[local] LOG:  connection received: host=[local]
2026-01-05 18:53:22.167 GMT [21639] user=[unknown] db=[unknown] app=[unknown] client=[local] LOG:  connection received: host=[local]
2026-01-05 18:53:32.286 GMT [21646] user=[unknown] db=[unknown] app=[unknown] client=[local] LOG:  connection received: host=[local]
2026-01-05 18:53:42.419 GMT [21654] user=[unknown] db=[unknown] app=[unknown] client=[local] LOG:  connection received: host=[local]
2026-01-05 18:53:52.552 GMT [21663] user=[unknown] db=[unknown] app=[unknown] client=[local] LOG:  connection received: host=[local]
2026-01-05 18:54:02.663 GMT [21671] user=[unknown] db=[unknown] app=[unknown] client=[local] LOG:  connection received: host=[local]
2026-01-05 18:54:12.942 GMT [21679] user=[unknown] db=[unknown] app=[unknown] client=[local] LOG:  connection received: host=[local]
2026-01-05 18:54:23.073 GMT [21687] user=[unknown] db=[unknown] app=[unknown] client=[local] LOG:  connection received: host=[local]
2026-01-05 18:54:33.228 GMT [21695] user=[unknown] db=[unknown] app=[unknown] client=[local] LOG:  connection received: host=[local]
2026-01-05 18:54:43.385 GMT [21703] user=[unknown] db=[unknown] app=[unknown] client=[local] LOG:  connection received: host=[local]
2026-01-05 18:54:53.512 GMT [21712] user=[unknown] db=[unknown] app=[unknown] client=[local] LOG:  connection received: host=[local]
2026-01-05 18:55:03.637 GMT [21719] user=[unknown] db=[unknown] app=[unknown] client=[local] LOG:  connection received: host=[local]
2026-01-05 18:55:13.868 GMT [21727] user=[unknown] db=[unknown] app=[unknown] client=[local] LOG:  connection received: host=[local]
2026-01-05 18:55:24.014 GMT [21735] user=[unknown] db=[unknown] app=[unknown] client=[local] LOG:  connection received: host=[local]
2026-01-05 18:55:34.131 GMT [21743] user=[unknown] db=[unknown] app=[unknown] client=[local] LOG:  connection received: host=[local]
2026-01-05 18:55:44.399 GMT [21750] user=[unknown] db=[unknown] app=[unknown] client=[local] LOG:  connection received: host=[local]
2026-01-05 18:55:54.528 GMT [21759] user=[unknown] db=[unknown] app=[unknown] client=[local] LOG:  connection received: host=[local]
2026-01-05 18:56:04.677 GMT [21766] user=[unknown] db=[unknown] app=[unknown] client=[local] LOG:  connection received: host=[local]
2026-01-05 18:56:14.970 GMT [21774] user=[unknown] db=[unknown] app=[unknown] client=[local] LOG:  connection received: host=[local]
2026-01-05 18:56:25.109 GMT [21781] user=[unknown] db=[unknown] app=[unknown] client=[local] LOG:  connection received: host=[local]
2026-01-05 18:56:35.260 GMT [21788] user=[unknown] db=[unknown] app=[unknown] client=[local] LOG:  connection received: host=[local]
2026-01-05 18:56:45.412 GMT [21795] user=[unknown] db=[unknown] app=[unknown] client=[local] LOG:  connection received: host=[local]
2026-01-05 18:56:55.536 GMT [21804] user=[unknown] db=[unknown] app=[unknown] client=[local] LOG:  connection received: host=[local]
2026-01-05 18:57:05.658 GMT [21811] user=[unknown] db=[unknown] app=[unknown] client=[local] LOG:  connection received: host=[local]
2026-01-05 18:57:15.888 GMT [21819] user=[unknown] db=[unknown] app=[unknown] client=[local] LOG:  connection received: host=[local]
2026-01-05 18:57:26.017 GMT [21826] user=[unknown] db=[unknown] app=[unknown] client=[local] LOG:  connection received: host=[local]
2026-01-05 18:57:36.138 GMT [21834] user=[unknown] db=[unknown] app=[unknown] client=[local] LOG:  connection received: host=[local]
2026-01-05 18:57:46.296 GMT [21841] user=[unknown] db=[unknown] app=[unknown] client=[local] LOG:  connection received: host=[local]
2026-01-05 18:57:56.428 GMT [21851] user=[unknown] db=[unknown] app=[unknown] client=[local] LOG:  connection received: host=[local]
2026-01-05 18:58:06.540 GMT [21858] user=[unknown] db=[unknown] app=[unknown] client=[local] LOG:  connection received: host=[local]
2026-01-05 18:58:16.688 GMT [21866] user=[unknown] db=[unknown] app=[unknown] client=[local] LOG:  connection received: host=[local]
2026-01-05 18:58:26.802 GMT [21873] user=[unknown] db=[unknown] app=[unknown] client=[local] LOG:  connection received: host=[local]
2026-01-05 18:58:36.937 GMT [21880] user=[unknown] db=[unknown] app=[unknown] client=[local] LOG:  connection received: host=[local]
2026-01-05 18:58:47.070 GMT [21887] user=[unknown] db=[unknown] app=[unknown] client=[local] LOG:  connection received: host=[local]
2026-01-05 18:58:57.209 GMT [21896] user=[unknown] db=[unknown] app=[unknown] client=[local] LOG:  connection received: host=[local]
2026-01-05 18:59:07.331 GMT [21903] user=[unknown] db=[unknown] app=[unknown] client=[local] LOG:  connection received: host=[local]
2026-01-05 18:59:17.537 GMT [21911] user=[unknown] db=[unknown] app=[unknown] client=[local] LOG:  connection received: host=[local]
2026-01-05 18:59:27.659 GMT [21918] user=[unknown] db=[unknown] app=[unknown] client=[local] LOG:  connection received: host=[local]
2026-01-05 18:59:37.819 GMT [21925] user=[unknown] db=[unknown] app=[unknown] client=[local] LOG:  connection received: host=[local]
2026-01-05 18:59:47.957 GMT [21932] user=[unknown] db=[unknown] app=[unknown] client=[local] LOG:  connection received: host=[local]
2026-01-05 18:59:58.074 GMT [21941] user=[unknown] db=[unknown] app=[unknown] client=[local] LOG:  connection received: host=[local]
2026-01-05 19:00:08.184 GMT [21948] user=[unknown] db=[unknown] app=[unknown] client=[local] LOG:  connection received: host=[local]
2026-01-05 19:00:18.336 GMT [21957] user=[unknown] db=[unknown] app=[unknown] client=[local] LOG:  connection received: host=[local]
2026-01-05 19:00:28.500 GMT [21964] user=[unknown] db=[unknown] app=[unknown] client=[local] LOG:  connection received: host=[local]
2026-01-05 19:00:38.622 GMT [21971] user=[unknown] db=[unknown] app=[unknown] client=[local] LOG:  connection received: host=[local]
2026-01-05 19:00:48.794 GMT [21979] user=[unknown] db=[unknown] app=[unknown] client=[local] LOG:  connection received: host=[local]
2026-01-05 19:00:58.919 GMT [21988] user=[unknown] db=[unknown] app=[unknown] client=[local] LOG:  connection received: host=[local]
2026-01-05 19:01:09.033 GMT [21995] user=[unknown] db=[unknown] app=[unknown] client=[local] LOG:  connection received: host=[local]
2026-01-05 19:01:19.219 GMT [22003] user=[unknown] db=[unknown] app=[unknown] client=[local] LOG:  connection received: host=[local]
2026-01-05 19:01:29.363 GMT [22010] user=[unknown] db=[unknown] app=[unknown] client=[local] LOG:  connection received: host=[local]
2026-01-05 19:01:39.513 GMT [22017] user=[unknown] db=[unknown] app=[unknown] client=[local] LOG:  connection received: host=[local]
2026-01-05 19:01:49.712 GMT [22024] user=[unknown] db=[unknown] app=[unknown] client=[local] LOG:  connection received: host=[local]
2026-01-05 19:01:59.847 GMT [22033] user=[unknown] db=[unknown] app=[unknown] client=[local] LOG:  connection received: host=[local]
2026-01-05 19:02:10.061 GMT [22040] user=[unknown] db=[unknown] app=[unknown] client=[local] LOG:  connection received: host=[local]
2026-01-05 19:02:20.228 GMT [22048] user=[unknown] db=[unknown] app=[unknown] client=[local] LOG:  connection received: host=[local]
2026-01-05 19:02:30.385 GMT [22055] user=[unknown] db=[unknown] app=[unknown] client=[local] LOG:  connection received: host=[local]
2026-01-05 19:02:40.519 GMT [22062] user=[unknown] db=[unknown] app=[unknown] client=[local] LOG:  connection received: host=[local]
2026-01-05 19:02:50.705 GMT [22069] user=[unknown] db=[unknown] app=[unknown] client=[local] LOG:  connection received: host=[local]
2026-01-05 19:03:00.820 GMT [22078] user=[unknown] db=[unknown] app=[unknown] client=[local] LOG:  connection received: host=[local]
2026-01-05 19:03:11.077 GMT [22085] user=[unknown] db=[unknown] app=[unknown] client=[local] LOG:  connection received: host=[local]
2026-01-05 19:03:21.187 GMT [22093] user=[unknown] db=[unknown] app=[unknown] client=[local] LOG:  connection received: host=[local]
2026-01-05 19:03:31.305 GMT [22100] user=[unknown] db=[unknown] app=[unknown] client=[local] LOG:  connection received: host=[local]
2026-01-05 19:03:41.467 GMT [22107] user=[unknown] db=[unknown] app=[unknown] client=[local] LOG:  connection received: host=[local]
2026-01-05 19:03:51.606 GMT [22114] user=[unknown] db=[unknown] app=[unknown] client=[local] LOG:  connection received: host=[local]
2026-01-05 19:04:01.770 GMT [22124] user=[unknown] db=[unknown] app=[unknown] client=[local] LOG:  connection received: host=[local]
2026-01-05 19:04:11.986 GMT [22131] user=[unknown] db=[unknown] app=[unknown] client=[local] LOG:  connection received: host=[local]
2026-01-05 19:04:22.134 GMT [22139] user=[unknown] db=[unknown] app=[unknown] client=[local] LOG:  connection received: host=[local]
2026-01-05 19:04:32.278 GMT [22146] user=[unknown] db=[unknown] app=[unknown] client=[local] LOG:  connection received: host=[local]
2026-01-05 19:04:42.457 GMT [22153] user=[unknown] db=[unknown] app=[unknown] client=[local] LOG:  connection received: host=[local]
2026-01-05 19:04:52.590 GMT [22163] user=[unknown] db=[unknown] app=[unknown] client=[local] LOG:  connection received: host=[local]
2026-01-05 19:05:02.710 GMT [22170] user=[unknown] db=[unknown] app=[unknown] client=[local] LOG:  connection received: host=[local]
2026-01-05 19:05:12.918 GMT [22177] user=[unknown] db=[unknown] app=[unknown] client=[local] LOG:  connection received: host=[local]
2026-01-05 19:05:23.043 GMT [22185] user=[unknown] db=[unknown] app=[unknown] client=[local] LOG:  connection received: host=[local]
2026-01-05 19:05:33.183 GMT [22192] user=[unknown] db=[unknown] app=[unknown] client=[local] LOG:  connection received: host=[local]
2026-01-05 19:05:43.339 GMT [22199] user=[unknown] db=[unknown] app=[unknown] client=[local] LOG:  connection received: host=[local]
2026-01-05 19:05:53.488 GMT [22208] user=[unknown] db=[unknown] app=[unknown] client=[local] LOG:  connection received: host=[local]
2026-01-05 19:06:03.624 GMT [22216] user=[unknown] db=[unknown] app=[unknown] client=[local] LOG:  connection received: host=[local]
2026-01-05 19:06:13.789 GMT [22223] user=[unknown] db=[unknown] app=[unknown] client=[local] LOG:  connection received: host=[local]
2026-01-05 19:06:23.906 GMT [22231] user=[unknown] db=[unknown] app=[unknown] client=[local] LOG:  connection received: host=[local]
2026-01-05 19:06:34.049 GMT [22238] user=[unknown] db=[unknown] app=[unknown] client=[local] LOG:  connection received: host=[local]
2026-01-05 19:06:44.191 GMT [22246] user=[unknown] db=[unknown] app=[unknown] client=[local] LOG:  connection received: host=[local]
2026-01-05 19:06:54.291 GMT [22255] user=[unknown] db=[unknown] app=[unknown] client=[local] LOG:  connection received: host=[local]
2026-01-05 19:07:04.430 GMT [22262] user=[unknown] db=[unknown] app=[unknown] client=[local] LOG:  connection received: host=[local]
2026-01-05 19:07:14.659 GMT [22270] user=[unknown] db=[unknown] app=[unknown] client=[local] LOG:  connection received: host=[local]
2026-01-05 19:07:24.803 GMT [22277] user=[unknown] db=[unknown] app=[unknown] client=[local] LOG:  connection received: host=[local]
2026-01-05 19:07:34.974 GMT [22284] user=[unknown] db=[unknown] app=[unknown] client=[local] LOG:  connection received: host=[local]
2026-01-05 19:07:45.104 GMT [22291] user=[unknown] db=[unknown] app=[unknown] client=[local] LOG:  connection received: host=[local]
2026-01-05 19:07:55.228 GMT [22300] user=[unknown] db=[unknown] app=[unknown] client=[local] LOG:  connection received: host=[local]
2026-01-05 19:08:05.362 GMT [22307] user=[unknown] db=[unknown] app=[unknown] client=[local] LOG:  connection received: host=[local]
2026-01-05 19:08:15.588 GMT [22315] user=[unknown] db=[unknown] app=[unknown] client=[local] LOG:  connection received: host=[local]
2026-01-05 19:08:25.703 GMT [22322] user=[unknown] db=[unknown] app=[unknown] client=[local] LOG:  connection received: host=[local]
2026-01-05 19:08:35.830 GMT [22329] user=[unknown] db=[unknown] app=[unknown] client=[local] LOG:  connection received: host=[local]
2026-01-05 19:08:46.006 GMT [22336] user=[unknown] db=[unknown] app=[unknown] client=[local] LOG:  connection received: host=[local]
2026-01-05 19:08:56.115 GMT [22345] user=[unknown] db=[unknown] app=[unknown] client=[local] LOG:  connection received: host=[local]
2026-01-05 19:09:06.239 GMT [22352] user=[unknown] db=[unknown] app=[unknown] client=[local] LOG:  connection received: host=[local]
2026-01-05 19:09:16.525 GMT [22360] user=[unknown] db=[unknown] app=[unknown] client=[local] LOG:  connection received: host=[local]
2026-01-05 19:09:26.654 GMT [22367] user=[unknown] db=[unknown] app=[unknown] client=[local] LOG:  connection received: host=[local]
2026-01-05 19:09:36.802 GMT [22374] user=[unknown] db=[unknown] app=[unknown] client=[local] LOG:  connection received: host=[local]
2026-01-05 19:09:46.933 GMT [22381] user=[unknown] db=[unknown] app=[unknown] client=[local] LOG:  connection received: host=[local]
2026-01-05 19:09:57.097 GMT [22390] user=[unknown] db=[unknown] app=[unknown] client=[local] LOG:  connection received: host=[local]
2026-01-05 19:10:07.211 GMT [22397] user=[unknown] db=[unknown] app=[unknown] client=[local] LOG:  connection received: host=[local]
2026-01-05 19:10:17.386 GMT [22406] user=[unknown] db=[unknown] app=[unknown] client=[local] LOG:  connection received: host=[local]
2026-01-05 19:10:27.495 GMT [22413] user=[unknown] db=[unknown] app=[unknown] client=[local] LOG:  connection received: host=[local]
2026-01-05 19:10:37.629 GMT [22420] user=[unknown] db=[unknown] app=[unknown] client=[local] LOG:  connection received: host=[local]
2026-01-05 19:10:47.759 GMT [22427] user=[unknown] db=[unknown] app=[unknown] client=[local] LOG:  connection received: host=[local]
2026-01-05 19:10:57.875 GMT [22436] user=[unknown] db=[unknown] app=[unknown] client=[local] LOG:  connection received: host=[local]
2026-01-05 19:11:08.061 GMT [22444] user=[unknown] db=[unknown] app=[unknown] client=[local] LOG:  connection received: host=[local]
2026-01-05 19:11:18.350 GMT [22452] user=[unknown] db=[unknown] app=[unknown] client=[local] LOG:  connection received: host=[local]
2026-01-05 19:11:28.512 GMT [22460] user=[unknown] db=[unknown] app=[unknown] client=[local] LOG:  connection received: host=[local]
2026-01-05 19:11:38.638 GMT [22468] user=[unknown] db=[unknown] app=[unknown] client=[local] LOG:  connection received: host=[local]
2026-01-05 19:11:48.784 GMT [22475] user=[unknown] db=[unknown] app=[unknown] client=[local] LOG:  connection received: host=[local]
2026-01-05 19:11:58.890 GMT [22484] user=[unknown] db=[unknown] app=[unknown] client=[local] LOG:  connection received: host=[local]
2026-01-05 19:12:09.026 GMT [22491] user=[unknown] db=[unknown] app=[unknown] client=[local] LOG:  connection received: host=[local]
2026-01-05 19:12:19.218 GMT [22499] user=[unknown] db=[unknown] app=[unknown] client=[local] LOG:  connection received: host=[local]
2026-01-05 19:12:29.325 GMT [22506] user=[unknown] db=[unknown] app=[unknown] client=[local] LOG:  connection received: host=[local]
2026-01-05 19:12:39.465 GMT [22513] user=[unknown] db=[unknown] app=[unknown] client=[local] LOG:  connection received: host=[local]
2026-01-05 19:12:49.614 GMT [22520] user=[unknown] db=[unknown] app=[unknown] client=[local] LOG:  connection received: host=[local]
2026-01-05 19:12:59.721 GMT [22529] user=[unknown] db=[unknown] app=[unknown] client=[local] LOG:  connection received: host=[local]
2026-01-05 19:13:09.824 GMT [22536] user=[unknown] db=[unknown] app=[unknown] client=[local] LOG:  connection received: host=[local]
2026-01-05 19:13:20.019 GMT [22544] user=[unknown] db=[unknown] app=[unknown] client=[local] LOG:  connection received: host=[local]
2026-01-05 19:13:30.216 GMT [22551] user=[unknown] db=[unknown] app=[unknown] client=[local] LOG:  connection received: host=[local]
2026-01-05 19:13:40.358 GMT [22558] user=[unknown] db=[unknown] app=[unknown] client=[local] LOG:  connection received: host=[local]
2026-01-05 19:13:50.534 GMT [22565] user=[unknown] db=[unknown] app=[unknown] client=[local] LOG:  connection received: host=[local]
2026-01-05 19:14:00.628 GMT [22574] user=[unknown] db=[unknown] app=[unknown] client=[local] LOG:  connection received: host=[local]
2026-01-05 19:14:10.746 GMT [22581] user=[unknown] db=[unknown] app=[unknown] client=[local] LOG:  connection received: host=[local]
2026-01-05 19:14:20.892 GMT [22589] user=[unknown] db=[unknown] app=[unknown] client=[local] LOG:  connection received: host=[local]
2026-01-05 19:14:31.009 GMT [22596] user=[unknown] db=[unknown] app=[unknown] client=[local] LOG:  connection received: host=[local]
2026-01-05 19:14:41.170 GMT [22602] user=[unknown] db=[unknown] app=[unknown] client=[local] LOG:  connection received: host=[local]
2026-01-05 19:14:51.328 GMT [22609] user=[unknown] db=[unknown] app=[unknown] client=[local] LOG:  connection received: host=[local]
2026-01-05 19:15:01.464 GMT [22618] user=[unknown] db=[unknown] app=[unknown] client=[local] LOG:  connection received: host=[local]
2026-01-05 19:15:11.709 GMT [22625] user=[unknown] db=[unknown] app=[unknown] client=[local] LOG:  connection received: host=[local]
2026-01-05 19:15:21.832 GMT [22633] user=[unknown] db=[unknown] app=[unknown] client=[local] LOG:  connection received: host=[local]
2026-01-05 19:15:32.005 GMT [22640] user=[unknown] db=[unknown] app=[unknown] client=[local] LOG:  connection received: host=[local]
2026-01-05 19:15:42.165 GMT [22647] user=[unknown] db=[unknown] app=[unknown] client=[local] LOG:  connection received: host=[local]
2026-01-05 19:15:52.278 GMT [22655] user=[unknown] db=[unknown] app=[unknown] client=[local] LOG:  connection received: host=[local]
2026-01-05 19:16:02.405 GMT [22664] user=[unknown] db=[unknown] app=[unknown] client=[local] LOG:  connection received: host=[local]
2026-01-05 19:16:12.545 GMT [22671] user=[unknown] db=[unknown] app=[unknown] client=[local] LOG:  connection received: host=[local]
2026-01-05 19:16:22.669 GMT [22679] user=[unknown] db=[unknown] app=[unknown] client=[local] LOG:  connection received: host=[local]
2026-01-05 19:16:32.795 GMT [22686] user=[unknown] db=[unknown] app=[unknown] client=[local] LOG:  connection received: host=[local]
2026-01-05 19:16:42.903 GMT [22693] user=[unknown] db=[unknown] app=[unknown] client=[local] LOG:  connection received: host=[local]
2026-01-05 19:16:53.035 GMT [22702] user=[unknown] db=[unknown] app=[unknown] client=[local] LOG:  connection received: host=[local]
2026-01-05 19:17:03.302 GMT [22709] user=[unknown] db=[unknown] app=[unknown] client=[local] LOG:  connection received: host=[local]
2026-01-05 19:17:13.437 GMT [22716] user=[unknown] db=[unknown] app=[unknown] client=[local] LOG:  connection received: host=[local]
2026-01-05 19:17:23.569 GMT [22724] user=[unknown] db=[unknown] app=[unknown] client=[local] LOG:  connection received: host=[local]
2026-01-05 19:17:33.689 GMT [22731] user=[unknown] db=[unknown] app=[unknown] client=[local] LOG:  connection received: host=[local]
2026-01-05 19:17:43.843 GMT [22738] user=[unknown] db=[unknown] app=[unknown] client=[local] LOG:  connection received: host=[local]
2026-01-05 19:17:53.958 GMT [22747] user=[unknown] db=[unknown] app=[unknown] client=[local] LOG:  connection received: host=[local]
2026-01-05 19:18:04.075 GMT [22754] user=[unknown] db=[unknown] app=[unknown] client=[local] LOG:  connection received: host=[local]
2026-01-05 19:18:14.374 GMT [22761] user=[unknown] db=[unknown] app=[unknown] client=[local] LOG:  connection received: host=[local]
2026-01-05 19:18:24.483 GMT [22769] user=[unknown] db=[unknown] app=[unknown] client=[local] LOG:  connection received: host=[local]
2026-01-05 19:18:34.634 GMT [22776] user=[unknown] db=[unknown] app=[unknown] client=[local] LOG:  connection received: host=[local]
2026-01-05 19:18:44.743 GMT [22783] user=[unknown] db=[unknown] app=[unknown] client=[local] LOG:  connection received: host=[local]
2026-01-05 19:18:54.868 GMT [22792] user=[unknown] db=[unknown] app=[unknown] client=[local] LOG:  connection received: host=[local]
2026-01-05 19:19:04.989 GMT [22799] user=[unknown] db=[unknown] app=[unknown] client=[local] LOG:  connection received: host=[local]
2026-01-05 19:19:15.186 GMT [22808] user=[unknown] db=[unknown] app=[unknown] client=[local] LOG:  connection received: host=[local]
2026-01-05 19:19:25.330 GMT [22815] user=[unknown] db=[unknown] app=[unknown] client=[local] LOG:  connection received: host=[local]
2026-01-05 19:19:35.475 GMT [22822] user=[unknown] db=[unknown] app=[unknown] client=[local] LOG:  connection received: host=[local]
2026-01-05 19:19:45.617 GMT [22829] user=[unknown] db=[unknown] app=[unknown] client=[local] LOG:  connection received: host=[local]
2026-01-05 19:19:55.724 GMT [22839] user=[unknown] db=[unknown] app=[unknown] client=[local] LOG:  connection received: host=[local]
2026-01-05 19:20:05.865 GMT [22846] user=[unknown] db=[unknown] app=[unknown] client=[local] LOG:  connection received: host=[local]
2026-01-05 19:20:16.061 GMT [22854] user=[unknown] db=[unknown] app=[unknown] client=[local] LOG:  connection received: host=[local]
2026-01-05 19:20:26.217 GMT [22861] user=[unknown] db=[unknown] app=[unknown] client=[local] LOG:  connection received: host=[local]
2026-01-05 19:20:36.350 GMT [22869] user=[unknown] db=[unknown] app=[unknown] client=[local] LOG:  connection received: host=[local]
2026-01-05 19:20:46.481 GMT [22876] user=[unknown] db=[unknown] app=[unknown] client=[local] LOG:  connection received: host=[local]
2026-01-05 19:20:56.609 GMT [22885] user=[unknown] db=[unknown] app=[unknown] client=[local] LOG:  connection received: host=[local]
2026-01-05 19:21:06.731 GMT [22893] user=[unknown] db=[unknown] app=[unknown] client=[local] LOG:  connection received: host=[local]
2026-01-05 19:21:16.933 GMT [22901] user=[unknown] db=[unknown] app=[unknown] client=[local] LOG:  connection received: host=[local]
2026-01-05 19:21:27.038 GMT [22908] user=[unknown] db=[unknown] app=[unknown] client=[local] LOG:  connection received: host=[local]
2026-01-05 19:21:37.197 GMT [22915] user=[unknown] db=[unknown] app=[unknown] client=[local] LOG:  connection received: host=[local]
2026-01-05 19:21:47.382 GMT [22923] user=[unknown] db=[unknown] app=[unknown] client=[local] LOG:  connection received: host=[local]
2026-01-05 19:21:57.522 GMT [22933] user=[unknown] db=[unknown] app=[unknown] client=[local] LOG:  connection received: host=[local]
2026-01-05 19:26:40.429 GMT [22939] user=[unknown] db=[unknown] app=[unknown] client=[local] LOG:  connection received: host=[local]
2026-01-05 20:22:34.574 GMT [22947] user=[unknown] db=[unknown] app=[unknown] client=[local] LOG:  connection received: host=[local]
2026-01-05 20:22:46.918 GMT [22954] user=[unknown] db=[unknown] app=[unknown] client=[local] LOG:  connection received: host=[local]
2026-01-05 20:22:57.921 GMT [22962] user=[unknown] db=[unknown] app=[unknown] client=[local] LOG:  connection received: host=[local]
2026-01-05 20:23:08.328 GMT [22970] user=[unknown] db=[unknown] app=[unknown] client=[local] LOG:  connection received: host=[local]
2026-01-05 20:23:18.614 GMT [22977] user=[unknown] db=[unknown] app=[unknown] client=[local] LOG:  connection received: host=[local]
2026-01-05 20:23:28.866 GMT [22985] user=[unknown] db=[unknown] app=[unknown] client=[local] LOG:  connection received: host=[local]
2026-01-05 20:23:39.003 GMT [22992] user=[unknown] db=[unknown] app=[unknown] client=[local] LOG:  connection received: host=[local]
2026-01-05 20:23:49.230 GMT [23000] user=[unknown] db=[unknown] app=[unknown] client=[local] LOG:  connection received: host=[local]
2026-01-05 20:23:59.469 GMT [23007] user=[unknown] db=[unknown] app=[unknown] client=[local] LOG:  connection received: host=[local]
2026-01-05 20:24:09.679 GMT [23015] user=[unknown] db=[unknown] app=[unknown] client=[local] LOG:  connection received: host=[local]
2026-01-05 20:24:19.878 GMT [23022] user=[unknown] db=[unknown] app=[unknown] client=[local] LOG:  connection received: host=[local]
2026-01-05 20:24:30.151 GMT [23030] user=[unknown] db=[unknown] app=[unknown] client=[local] LOG:  connection received: host=[local]
2026-01-05 20:24:40.429 GMT [23037] user=[unknown] db=[unknown] app=[unknown] client=[local] LOG:  connection received: host=[local]
2026-01-05 20:24:50.752 GMT [23045] user=[unknown] db=[unknown] app=[unknown] client=[local] LOG:  connection received: host=[local]
2026-01-05 20:25:01.051 GMT [23052] user=[unknown] db=[unknown] app=[unknown] client=[local] LOG:  connection received: host=[local]
2026-01-05 20:25:11.358 GMT [23060] user=[unknown] db=[unknown] app=[unknown] client=[local] LOG:  connection received: host=[local]
2026-01-05 20:25:21.494 GMT [23067] user=[unknown] db=[unknown] app=[unknown] client=[local] LOG:  connection received: host=[local]
2026-01-05 20:25:31.762 GMT [23076] user=[unknown] db=[unknown] app=[unknown] client=[local] LOG:  connection received: host=[local]
2026-01-05 20:25:42.093 GMT [23083] user=[unknown] db=[unknown] app=[unknown] client=[local] LOG:  connection received: host=[local]
2026-01-05 20:25:52.475 GMT [23091] user=[unknown] db=[unknown] app=[unknown] client=[local] LOG:  connection received: host=[local]
2026-01-05 20:26:02.686 GMT [23098] user=[unknown] db=[unknown] app=[unknown] client=[local] LOG:  connection received: host=[local]
2026-01-05 20:26:13.013 GMT [23106] user=[unknown] db=[unknown] app=[unknown] client=[local] LOG:  connection received: host=[local]
2026-01-05 20:26:23.225 GMT [23114] user=[unknown] db=[unknown] app=[unknown] client=[local] LOG:  connection received: host=[local]
2026-01-05 20:26:33.528 GMT [23122] user=[unknown] db=[unknown] app=[unknown] client=[local] LOG:  connection received: host=[local]
2026-01-05 20:26:43.828 GMT [23129] user=[unknown] db=[unknown] app=[unknown] client=[local] LOG:  connection received: host=[local]
2026-01-05 20:26:54.097 GMT [23138] user=[unknown] db=[unknown] app=[unknown] client=[local] LOG:  connection received: host=[local]
2026-01-05 20:27:04.421 GMT [23145] user=[unknown] db=[unknown] app=[unknown] client=[local] LOG:  connection received: host=[local]
2026-01-05 20:27:14.726 GMT [23153] user=[unknown] db=[unknown] app=[unknown] client=[local] LOG:  connection received: host=[local]
2026-01-05 20:27:24.962 GMT [23160] user=[unknown] db=[unknown] app=[unknown] client=[local] LOG:  connection received: host=[local]
2026-01-05 20:27:35.316 GMT [23169] user=[unknown] db=[unknown] app=[unknown] client=[local] LOG:  connection received: host=[local]
2026-01-05 20:27:45.565 GMT [23176] user=[unknown] db=[unknown] app=[unknown] client=[local] LOG:  connection received: host=[local]
2026-01-05 20:27:55.749 GMT [23184] user=[unknown] db=[unknown] app=[unknown] client=[local] LOG:  connection received: host=[local]
2026-01-05 20:28:06.052 GMT [23191] user=[unknown] db=[unknown] app=[unknown] client=[local] LOG:  connection received: host=[local]
2026-01-05 20:28:16.360 GMT [23199] user=[unknown] db=[unknown] app=[unknown] client=[local] LOG:  connection received: host=[local]
2026-01-05 20:28:26.627 GMT [23206] user=[unknown] db=[unknown] app=[unknown] client=[local] LOG:  connection received: host=[local]
2026-01-05 20:28:36.868 GMT [23214] user=[unknown] db=[unknown] app=[unknown] client=[local] LOG:  connection received: host=[local]
2026-01-05 20:28:47.080 GMT [23221] user=[unknown] db=[unknown] app=[unknown] client=[local] LOG:  connection received: host=[local]
2026-01-05 20:28:57.260 GMT [23229] user=[unknown] db=[unknown] app=[unknown] client=[local] LOG:  connection received: host=[local]
2026-01-05 20:29:07.451 GMT [23237] user=[unknown] db=[unknown] app=[unknown] client=[local] LOG:  connection received: host=[local]
2026-01-05 20:29:17.736 GMT [23244] user=[unknown] db=[unknown] app=[unknown] client=[local] LOG:  connection received: host=[local]
2026-01-05 20:29:27.987 GMT [23252] user=[unknown] db=[unknown] app=[unknown] client=[local] LOG:  connection received: host=[local]
2026-01-05 20:29:38.325 GMT [23259] user=[unknown] db=[unknown] app=[unknown] client=[local] LOG:  connection received: host=[local]
2026-01-05 20:29:48.624 GMT [23267] user=[unknown] db=[unknown] app=[unknown] client=[local] LOG:  connection received: host=[local]
2026-01-05 20:29:58.742 GMT [23274] user=[unknown] db=[unknown] app=[unknown] client=[local] LOG:  connection received: host=[local]
2026-01-05 20:30:08.942 GMT [23283] user=[unknown] db=[unknown] app=[unknown] client=[local] LOG:  connection received: host=[local]
2026-01-05 20:30:19.230 GMT [23290] user=[unknown] db=[unknown] app=[unknown] client=[local] LOG:  connection received: host=[local]
2026-01-05 20:30:29.376 GMT [23298] user=[unknown] db=[unknown] app=[unknown] client=[local] LOG:  connection received: host=[local]
2026-01-05 20:30:39.631 GMT [23305] user=[unknown] db=[unknown] app=[unknown] client=[local] LOG:  connection received: host=[local]
2026-01-05 20:30:49.818 GMT [23313] user=[unknown] db=[unknown] app=[unknown] client=[local] LOG:  connection received: host=[local]
2026-01-05 20:30:59.948 GMT [23320] user=[unknown] db=[unknown] app=[unknown] client=[local] LOG:  connection received: host=[local]
2026-01-05 20:31:10.333 GMT [23328] user=[unknown] db=[unknown] app=[unknown] client=[local] LOG:  connection received: host=[local]
2026-01-05 20:31:20.529 GMT [23335] user=[unknown] db=[unknown] app=[unknown] client=[local] LOG:  connection received: host=[local]
2026-01-05 20:31:30.699 GMT [23343] user=[unknown] db=[unknown] app=[unknown] client=[local] LOG:  connection received: host=[local]
2026-01-05 20:31:41.005 GMT [23350] user=[unknown] db=[unknown] app=[unknown] client=[local] LOG:  connection received: host=[local]
2026-01-05 20:31:53.096 GMT [23359] user=[unknown] db=[unknown] app=[unknown] client=[local] LOG:  connection received: host=[local]
2026-01-05 21:06:31.293 GMT [23366] user=[unknown] db=[unknown] app=[unknown] client=[local] LOG:  connection received: host=[local]
2026-01-05 21:09:37.733 GMT [23374] user=[unknown] db=[unknown] app=[unknown] client=[local] LOG:  connection received: host=[local]
2026-01-05 21:09:49.960 GMT [23381] user=[unknown] db=[unknown] app=[unknown] client=[local] LOG:  connection received: host=[local]
2026-01-05 21:10:00.090 GMT [23389] user=[unknown] db=[unknown] app=[unknown] client=[local] LOG:  connection received: host=[local]
2026-01-05 21:10:10.210 GMT [23396] user=[unknown] db=[unknown] app=[unknown] client=[local] LOG:  connection received: host=[local]
2026-01-05 21:10:20.326 GMT [23404] user=[unknown] db=[unknown] app=[unknown] client=[local] LOG:  connection received: host=[local]
2026-01-05 21:10:31.317 GMT [23411] user=[unknown] db=[unknown] app=[unknown] client=[local] LOG:  connection received: host=[local]
2026-01-05 21:10:41.429 GMT [23419] user=[unknown] db=[unknown] app=[unknown] client=[local] LOG:  connection received: host=[local]
2026-01-05 21:10:51.555 GMT [23426] user=[unknown] db=[unknown] app=[unknown] client=[local] LOG:  connection received: host=[local]
2026-01-05 21:11:02.382 GMT [23434] user=[unknown] db=[unknown] app=[unknown] client=[local] LOG:  connection received: host=[local]
2026-01-05 21:11:12.548 GMT [23441] user=[unknown] db=[unknown] app=[unknown] client=[local] LOG:  connection received: host=[local]
2026-01-05 21:11:22.989 GMT [23449] user=[unknown] db=[unknown] app=[unknown] client=[local] LOG:  connection received: host=[local]
2026-01-05 21:11:33.177 GMT [23456] user=[unknown] db=[unknown] app=[unknown] client=[local] LOG:  connection received: host=[local]
2026-01-05 21:11:43.551 GMT [23464] user=[unknown] db=[unknown] app=[unknown] client=[local] LOG:  connection received: host=[local]
2026-01-05 21:11:53.969 GMT [23471] user=[unknown] db=[unknown] app=[unknown] client=[local] LOG:  connection received: host=[local]
2026-01-05 21:12:04.182 GMT [23480] user=[unknown] db=[unknown] app=[unknown] client=[local] LOG:  connection received: host=[local]
2026-01-05 21:12:14.391 GMT [23487] user=[unknown] db=[unknown] app=[unknown] client=[local] LOG:  connection received: host=[local]
2026-01-05 21:12:24.711 GMT [23496] user=[unknown] db=[unknown] app=[unknown] client=[local] LOG:  connection received: host=[local]
2026-01-05 21:12:34.928 GMT [23503] user=[unknown] db=[unknown] app=[unknown] client=[local] LOG:  connection received: host=[local]
2026-01-05 21:12:45.269 GMT [23511] user=[unknown] db=[unknown] app=[unknown] client=[local] LOG:  connection received: host=[local]
2026-01-05 21:12:55.636 GMT [23518] user=[unknown] db=[unknown] app=[unknown] client=[local] LOG:  connection received: host=[local]
2026-01-05 21:13:05.956 GMT [23526] user=[unknown] db=[unknown] app=[unknown] client=[local] LOG:  connection received: host=[local]
2026-01-05 21:13:16.308 GMT [23534] user=[unknown] db=[unknown] app=[unknown] client=[local] LOG:  connection received: host=[local]
2026-01-05 21:13:26.540 GMT [23541] user=[unknown] db=[unknown] app=[unknown] client=[local] LOG:  connection received: host=[local]
2026-01-05 21:13:36.797 GMT [23549] user=[unknown] db=[unknown] app=[unknown] client=[local] LOG:  connection received: host=[local]
2026-01-05 21:13:47.067 GMT [23556] user=[unknown] db=[unknown] app=[unknown] client=[local] LOG:  connection received: host=[local]
2026-01-05 21:13:57.365 GMT [23565] user=[unknown] db=[unknown] app=[unknown] client=[local] LOG:  connection received: host=[local]
2026-01-05 21:14:07.662 GMT [23572] user=[unknown] db=[unknown] app=[unknown] client=[local] LOG:  connection received: host=[local]
2026-01-05 21:14:18.015 GMT [23580] user=[unknown] db=[unknown] app=[unknown] client=[local] LOG:  connection received: host=[local]
2026-01-05 21:14:28.180 GMT [23587] user=[unknown] db=[unknown] app=[unknown] client=[local] LOG:  connection received: host=[local]
2026-01-05 21:14:38.360 GMT [23594] user=[unknown] db=[unknown] app=[unknown] client=[local] LOG:  connection received: host=[local]
2026-01-05 21:14:48.685 GMT [23601] user=[unknown] db=[unknown] app=[unknown] client=[local] LOG:  connection received: host=[local]
2026-01-05 21:14:58.942 GMT [23610] user=[unknown] db=[unknown] app=[unknown] client=[local] LOG:  connection received: host=[local]
2026-01-05 21:15:09.169 GMT [23617] user=[unknown] db=[unknown] app=[unknown] client=[local] LOG:  connection received: host=[local]
2026-01-05 21:15:19.501 GMT [23625] user=[unknown] db=[unknown] app=[unknown] client=[local] LOG:  connection received: host=[local]
2026-01-05 21:15:29.661 GMT [23633] user=[unknown] db=[unknown] app=[unknown] client=[local] LOG:  connection received: host=[local]
2026-01-05 21:15:39.873 GMT [23641] user=[unknown] db=[unknown] app=[unknown] client=[local] LOG:  connection received: host=[local]
2026-01-05 21:15:50.187 GMT [23648] user=[unknown] db=[unknown] app=[unknown] client=[local] LOG:  connection received: host=[local]
2026-01-05 21:16:00.453 GMT [23656] user=[unknown] db=[unknown] app=[unknown] client=[local] LOG:  connection received: host=[local]
2026-01-05 21:16:10.769 GMT [23663] user=[unknown] db=[unknown] app=[unknown] client=[local] LOG:  connection received: host=[local]
2026-01-05 21:16:20.992 GMT [23671] user=[unknown] db=[unknown] app=[unknown] client=[local] LOG:  connection received: host=[local]
2026-01-05 21:16:31.255 GMT [23679] user=[unknown] db=[unknown] app=[unknown] client=[local] LOG:  connection received: host=[local]
2026-01-05 21:16:41.558 GMT [23687] user=[unknown] db=[unknown] app=[unknown] client=[local] LOG:  connection received: host=[local]
2026-01-05 21:16:51.750 GMT [23694] user=[unknown] db=[unknown] app=[unknown] client=[local] LOG:  connection received: host=[local]
2026-01-05 21:17:02.011 GMT [23702] user=[unknown] db=[unknown] app=[unknown] client=[local] LOG:  connection received: host=[local]
2026-01-05 21:17:12.281 GMT [23709] user=[unknown] db=[unknown] app=[unknown] client=[local] LOG:  connection received: host=[local]
2026-01-05 21:17:22.541 GMT [23717] user=[unknown] db=[unknown] app=[unknown] client=[local] LOG:  connection received: host=[local]
2026-01-05 21:17:32.801 GMT [23724] user=[unknown] db=[unknown] app=[unknown] client=[local] LOG:  connection received: host=[local]
2026-01-05 21:17:43.053 GMT [23732] user=[unknown] db=[unknown] app=[unknown] client=[local] LOG:  connection received: host=[local]
2026-01-05 21:17:53.353 GMT [23739] user=[unknown] db=[unknown] app=[unknown] client=[local] LOG:  connection received: host=[local]
2026-01-05 21:18:03.600 GMT [23747] user=[unknown] db=[unknown] app=[unknown] client=[local] LOG:  connection received: host=[local]
2026-01-05 21:18:13.829 GMT [23754] user=[unknown] db=[unknown] app=[unknown] client=[local] LOG:  connection received: host=[local]
2026-01-05 21:18:24.068 GMT [23762] user=[unknown] db=[unknown] app=[unknown] client=[local] LOG:  connection received: host=[local]
2026-01-05 21:18:34.365 GMT [23769] user=[unknown] db=[unknown] app=[unknown] client=[local] LOG:  connection received: host=[local]
2026-01-05 21:18:44.621 GMT [23777] user=[unknown] db=[unknown] app=[unknown] client=[local] LOG:  connection received: host=[local]
2026-01-05 21:18:54.882 GMT [23784] user=[unknown] db=[unknown] app=[unknown] client=[local] LOG:  connection received: host=[local]
2026-01-05 21:19:05.053 GMT [23792] user=[unknown] db=[unknown] app=[unknown] client=[local] LOG:  connection received: host=[local]
2026-01-05 21:19:15.201 GMT [23800] user=[unknown] db=[unknown] app=[unknown] client=[local] LOG:  connection received: host=[local]
2026-01-05 21:19:25.456 GMT [23808] user=[unknown] db=[unknown] app=[unknown] client=[local] LOG:  connection received: host=[local]
2026-01-05 23:48:12.100 GMT [23818] user=[unknown] db=[unknown] app=[unknown] client=[local] LOG:  connection received: host=[local]
2026-01-05 23:48:22.452 GMT [23825] user=[unknown] db=[unknown] app=[unknown] client=[local] LOG:  connection received: host=[local]
2026-01-05 23:48:32.623 GMT [23833] user=[unknown] db=[unknown] app=[unknown] client=[local] LOG:  connection received: host=[local]
2026-01-05 23:48:42.888 GMT [23840] user=[unknown] db=[unknown] app=[unknown] client=[local] LOG:  connection received: host=[local]
2026-01-05 23:48:53.203 GMT [23848] user=[unknown] db=[unknown] app=[unknown] client=[local] LOG:  connection received: host=[local]
2026-01-05 23:49:03.524 GMT [23856] user=[unknown] db=[unknown] app=[unknown] client=[local] LOG:  connection received: host=[local]
2026-01-05 23:49:13.801 GMT [23864] user=[unknown] db=[unknown] app=[unknown] client=[local] LOG:  connection received: host=[local]
2026-01-05 23:49:24.101 GMT [23871] user=[unknown] db=[unknown] app=[unknown] client=[local] LOG:  connection received: host=[local]
2026-01-05 23:49:35.518 GMT [23879] user=[unknown] db=[unknown] app=[unknown] client=[local] LOG:  connection received: host=[local]
2026-01-05 23:49:45.679 GMT [23886] user=[unknown] db=[unknown] app=[unknown] client=[local] LOG:  connection received: host=[local]
2026-01-05 23:49:53.251 GMT [23888] user=[unknown] db=[unknown] app=[unknown] client=172.18.0.4 LOG:  connection received: host=172.18.0.4 port=57062
2026-01-05 23:49:53.325 GMT [23888] user=worker db=apidb app=[unknown] client=172.18.0.4 LOG:  connection authenticated: identity="worker" method=scram-sha-256 (/etc/postgresql/pg_hba.conf:5)
2026-01-05 23:49:53.325 GMT [23888] user=worker db=apidb app=[unknown] client=172.18.0.4 LOG:  connection authorized: user=worker database=apidb
2026-01-05 23:49:55.839 GMT [23896] user=[unknown] db=[unknown] app=[unknown] client=[local] LOG:  connection received: host=[local]
2026-01-05 23:50:06.113 GMT [23903] user=[unknown] db=[unknown] app=[unknown] client=[local] LOG:  connection received: host=[local]
2026-01-05 23:50:16.458 GMT [23912] user=[unknown] db=[unknown] app=[unknown] client=[local] LOG:  connection received: host=[local]
2026-01-05 23:50:26.832 GMT [23919] user=[unknown] db=[unknown] app=[unknown] client=[local] LOG:  connection received: host=[local]
2026-01-05 23:50:37.052 GMT [23927] user=[unknown] db=[unknown] app=[unknown] client=[local] LOG:  connection received: host=[local]
2026-01-05 23:50:38.625 GMT [23888] user=worker db=apidb app=[unknown] client=172.18.0.4 ERROR:  relation "world_chat_messages" does not exist at character 176
2026-01-05 23:50:38.625 GMT [23888] user=worker db=apidb app=[unknown] client=172.18.0.4 STATEMENT:  
	            select m.id,
	                m.username,
	                u.username as display_username,
	                m.content,
	                m.created_at
	            from world_chat_messages m
	            join users u on m.username = u.username
	            where m.deleted_at is null
	            and m.id > $1
	            order by m.id asc
	            limit 100;
	        
2026-01-05 23:50:38.626 GMT [23888] user=worker db=apidb app=[unknown] client=172.18.0.4 LOG:  disconnection: session time: 0:00:45.376 user=worker database=apidb host=172.18.0.4 port=57062
2026-01-05 23:50:47.237 GMT [23934] user=[unknown] db=[unknown] app=[unknown] client=[local] LOG:  connection received: host=[local]
2026-01-05 23:50:57.521 GMT [23943] user=[unknown] db=[unknown] app=[unknown] client=[local] LOG:  connection received: host=[local]
2026-01-05 23:51:07.923 GMT [23950] user=[unknown] db=[unknown] app=[unknown] client=[local] LOG:  connection received: host=[local]
2026-01-05 23:51:18.252 GMT [23959] user=[unknown] db=[unknown] app=[unknown] client=[local] LOG:  connection received: host=[local]
2026-01-05 23:51:28.494 GMT [23966] user=[unknown] db=[unknown] app=[unknown] client=[local] LOG:  connection received: host=[local]
2026-01-05 23:51:38.840 GMT [23975] user=[unknown] db=[unknown] app=[unknown] client=[local] LOG:  connection received: host=[local]
2026-01-05 23:51:49.000 GMT [23982] user=[unknown] db=[unknown] app=[unknown] client=[local] LOG:  connection received: host=[local]
2026-01-05 23:51:59.265 GMT [23990] user=[unknown] db=[unknown] app=[unknown] client=[local] LOG:  connection received: host=[local]
2026-01-05 23:52:09.530 GMT [23997] user=[unknown] db=[unknown] app=[unknown] client=[local] LOG:  connection received: host=[local]
2026-01-05 23:52:19.751 GMT [24006] user=[unknown] db=[unknown] app=[unknown] client=[local] LOG:  connection received: host=[local]
2026-01-05 23:52:29.984 GMT [24013] user=[unknown] db=[unknown] app=[unknown] client=[local] LOG:  connection received: host=[local]
2026-01-05 23:52:40.219 GMT [24021] user=[unknown] db=[unknown] app=[unknown] client=[local] LOG:  connection received: host=[local]
2026-01-05 23:52:50.489 GMT [24028] user=[unknown] db=[unknown] app=[unknown] client=[local] LOG:  connection received: host=[local]
2026-01-05 23:53:00.822 GMT [24037] user=[unknown] db=[unknown] app=[unknown] client=[local] LOG:  connection received: host=[local]
2026-01-05 23:53:11.007 GMT [24044] user=[unknown] db=[unknown] app=[unknown] client=[local] LOG:  connection received: host=[local]
2026-01-05 23:53:15.360 GMT [24046] user=[unknown] db=[unknown] app=[unknown] client=172.18.0.4 LOG:  connection received: host=172.18.0.4 port=47300
2026-01-05 23:53:15.386 GMT [24046] user=worker db=apidb app=[unknown] client=172.18.0.4 LOG:  connection authenticated: identity="worker" method=scram-sha-256 (/etc/postgresql/pg_hba.conf:5)
2026-01-05 23:53:15.386 GMT [24046] user=worker db=apidb app=[unknown] client=172.18.0.4 LOG:  connection authorized: user=worker database=apidb
2026-01-05 23:53:21.299 GMT [24053] user=[unknown] db=[unknown] app=[unknown] client=[local] LOG:  connection received: host=[local]
2026-01-05 23:53:31.484 GMT [24061] user=[unknown] db=[unknown] app=[unknown] client=[local] LOG:  connection received: host=[local]
2026-01-05 23:53:41.797 GMT [24069] user=[unknown] db=[unknown] app=[unknown] client=[local] LOG:  connection received: host=[local]
2026-01-05 23:53:45.408 GMT [24046] user=worker db=apidb app=[unknown] client=172.18.0.4 LOG:  disconnection: session time: 0:00:30.048 user=worker database=apidb host=172.18.0.4 port=47300
2026-01-05 23:53:52.115 GMT [24077] user=[unknown] db=[unknown] app=[unknown] client=[local] LOG:  connection received: host=[local]
2026-01-05 23:54:02.454 GMT [24084] user=[unknown] db=[unknown] app=[unknown] client=[local] LOG:  connection received: host=[local]
2026-01-05 23:54:12.779 GMT [24092] user=[unknown] db=[unknown] app=[unknown] client=[local] LOG:  connection received: host=[local]
2026-01-05 23:54:23.083 GMT [24099] user=[unknown] db=[unknown] app=[unknown] client=[local] LOG:  connection received: host=[local]
2026-01-05 23:54:33.264 GMT [24107] user=[unknown] db=[unknown] app=[unknown] client=[local] LOG:  connection received: host=[local]
2026-01-05 23:54:43.528 GMT [24114] user=[unknown] db=[unknown] app=[unknown] client=[local] LOG:  connection received: host=[local]
2026-01-05 23:54:46.736 GMT [71] user= db= app= client= LOG:  checkpoint starting: time
2026-01-05 23:54:47.260 GMT [71] user= db= app= client= LOG:  checkpoint complete: wrote 4 buffers (0.0%); 0 WAL file(s) added, 0 removed, 0 recycled; write=0.467 s, sync=0.006 s, total=0.527 s; sync files=4, longest=0.005 s, average=0.002 s; distance=0 kB, estimate=186 kB
2026-01-05 23:54:53.800 GMT [24122] user=[unknown] db=[unknown] app=[unknown] client=[local] LOG:  connection received: host=[local]
2026-01-05 23:54:53.816 GMT [24123] user=[unknown] db=[unknown] app=[unknown] client=172.18.0.4 LOG:  connection received: host=172.18.0.4 port=38014
2026-01-05 23:54:53.832 GMT [24123] user=worker db=apidb app=[unknown] client=172.18.0.4 LOG:  connection authenticated: identity="worker" method=scram-sha-256 (/etc/postgresql/pg_hba.conf:5)
2026-01-05 23:54:53.832 GMT [24123] user=worker db=apidb app=[unknown] client=172.18.0.4 LOG:  connection authorized: user=worker database=apidb
2026-01-05 23:55:04.151 GMT [24130] user=[unknown] db=[unknown] app=[unknown] client=[local] LOG:  connection received: host=[local]
2026-01-05 23:55:14.420 GMT [24138] user=[unknown] db=[unknown] app=[unknown] client=[local] LOG:  connection received: host=[local]
2026-01-05 23:55:24.742 GMT [24145] user=[unknown] db=[unknown] app=[unknown] client=[local] LOG:  connection received: host=[local]
2026-01-05 23:55:29.857 GMT [24123] user=worker db=apidb app=[unknown] client=172.18.0.4 LOG:  disconnection: session time: 0:00:36.041 user=worker database=apidb host=172.18.0.4 port=38014
2026-01-05 23:55:35.066 GMT [24153] user=[unknown] db=[unknown] app=[unknown] client=[local] LOG:  connection received: host=[local]
2026-01-05 23:55:45.239 GMT [24160] user=[unknown] db=[unknown] app=[unknown] client=[local] LOG:  connection received: host=[local]
2026-01-05 23:55:55.481 GMT [24168] user=[unknown] db=[unknown] app=[unknown] client=[local] LOG:  connection received: host=[local]
2026-01-05 23:56:05.377 GMT [24169] user=[unknown] db=[unknown] app=[unknown] client=172.18.0.4 LOG:  connection received: host=172.18.0.4 port=60366
2026-01-05 23:56:05.407 GMT [24169] user=worker db=apidb app=[unknown] client=172.18.0.4 LOG:  connection authenticated: identity="worker" method=scram-sha-256 (/etc/postgresql/pg_hba.conf:5)
2026-01-05 23:56:05.408 GMT [24169] user=worker db=apidb app=[unknown] client=172.18.0.4 LOG:  connection authorized: user=worker database=apidb
2026-01-05 23:56:05.772 GMT [24176] user=[unknown] db=[unknown] app=[unknown] client=[local] LOG:  connection received: host=[local]
2026-01-05 23:56:16.082 GMT [24184] user=[unknown] db=[unknown] app=[unknown] client=[local] LOG:  connection received: host=[local]
2026-01-05 23:56:26.399 GMT [24191] user=[unknown] db=[unknown] app=[unknown] client=[local] LOG:  connection received: host=[local]
2026-01-05 23:56:36.723 GMT [24199] user=[unknown] db=[unknown] app=[unknown] client=[local] LOG:  connection received: host=[local]
2026-01-05 23:56:45.222 GMT [24169] user=worker db=apidb app=[unknown] client=172.18.0.4 ERROR:  relation "world_chat_messages" does not exist at character 176
2026-01-05 23:56:45.222 GMT [24169] user=worker db=apidb app=[unknown] client=172.18.0.4 STATEMENT:  
	            select m.id,
	                m.username,
	                u.username as display_username,
	                m.content,
	                m.created_at
	            from world_chat_messages m
	            join users u on m.username = u.username
	            where m.deleted_at is null
	            and m.id > $1
	            order by m.id asc
	            limit 100;
	        
2026-01-05 23:56:45.225 GMT [24169] user=worker db=apidb app=[unknown] client=172.18.0.4 LOG:  disconnection: session time: 0:00:39.848 user=worker database=apidb host=172.18.0.4 port=60366
2026-01-05 23:56:46.984 GMT [24207] user=[unknown] db=[unknown] app=[unknown] client=[local] LOG:  connection received: host=[local]
2026-01-05 23:56:57.159 GMT [24215] user=[unknown] db=[unknown] app=[unknown] client=[local] LOG:  connection received: host=[local]
2026-01-05 23:57:07.493 GMT [24222] user=[unknown] db=[unknown] app=[unknown] client=[local] LOG:  connection received: host=[local]
2026-01-05 23:57:17.721 GMT [24230] user=[unknown] db=[unknown] app=[unknown] client=[local] LOG:  connection received: host=[local]
2026-01-05 23:57:28.053 GMT [24237] user=[unknown] db=[unknown] app=[unknown] client=[local] LOG:  connection received: host=[local]
2026-01-05 23:57:38.297 GMT [24246] user=[unknown] db=[unknown] app=[unknown] client=[local] LOG:  connection received: host=[local]
2026-01-05 23:57:48.570 GMT [24253] user=[unknown] db=[unknown] app=[unknown] client=[local] LOG:  connection received: host=[local]
2026-01-05 23:57:58.707 GMT [24261] user=[unknown] db=[unknown] app=[unknown] client=[local] LOG:  connection received: host=[local]
2026-01-05 23:58:08.889 GMT [24268] user=[unknown] db=[unknown] app=[unknown] client=[local] LOG:  connection received: host=[local]
2026-01-05 23:58:19.034 GMT [24276] user=[unknown] db=[unknown] app=[unknown] client=[local] LOG:  connection received: host=[local]
2026-01-05 23:58:29.227 GMT [24283] user=[unknown] db=[unknown] app=[unknown] client=[local] LOG:  connection received: host=[local]
2026-01-05 23:58:39.456 GMT [24291] user=[unknown] db=[unknown] app=[unknown] client=[local] LOG:  connection received: host=[local]
2026-01-05 23:58:43.366 GMT [24292] user=[unknown] db=[unknown] app=[unknown] client=172.18.0.4 LOG:  connection received: host=172.18.0.4 port=51862
2026-01-05 23:58:43.406 GMT [24292] user=worker db=apidb app=[unknown] client=172.18.0.4 LOG:  connection authenticated: identity="worker" method=scram-sha-256 (/etc/postgresql/pg_hba.conf:5)
2026-01-05 23:58:43.406 GMT [24292] user=worker db=apidb app=[unknown] client=172.18.0.4 LOG:  connection authorized: user=worker database=apidb
2026-01-05 23:58:49.748 GMT [24299] user=[unknown] db=[unknown] app=[unknown] client=[local] LOG:  connection received: host=[local]
2026-01-05 23:59:00.110 GMT [24307] user=[unknown] db=[unknown] app=[unknown] client=[local] LOG:  connection received: host=[local]
2026-01-05 23:59:10.282 GMT [24315] user=[unknown] db=[unknown] app=[unknown] client=[local] LOG:  connection received: host=[local]
2026-01-05 23:59:13.439 GMT [24292] user=worker db=apidb app=[unknown] client=172.18.0.4 LOG:  disconnection: session time: 0:00:30.073 user=worker database=apidb host=172.18.0.4 port=51862
2026-01-05 23:59:20.522 GMT [24324] user=[unknown] db=[unknown] app=[unknown] client=[local] LOG:  connection received: host=[local]
2026-01-05 23:59:30.908 GMT [24331] user=[unknown] db=[unknown] app=[unknown] client=[local] LOG:  connection received: host=[local]
2026-01-05 23:59:41.230 GMT [24339] user=[unknown] db=[unknown] app=[unknown] client=[local] LOG:  connection received: host=[local]
2026-01-05 23:59:46.548 GMT [71] user= db= app= client= LOG:  checkpoint starting: time
2026-01-05 23:59:46.997 GMT [71] user= db= app= client= LOG:  checkpoint complete: wrote 4 buffers (0.0%); 0 WAL file(s) added, 0 removed, 0 recycled; write=0.379 s, sync=0.009 s, total=0.450 s; sync files=4, longest=0.006 s, average=0.003 s; distance=1 kB, estimate=168 kB
2026-01-05 23:59:51.496 GMT [24347] user=[unknown] db=[unknown] app=[unknown] client=[local] LOG:  connection received: host=[local]
