2026-01-07 03:29:19.014 GMT [25749] user=[unknown] db=[unknown] app=[unknown] client=[local] LOG:  connection received: host=[local]
2026-01-07 03:29:31.193 GMT [25758] user=[unknown] db=[unknown] app=[unknown] client=[local] LOG:  connection received: host=[local]
2026-01-07 03:29:37.200 GMT [25759] user=[unknown] db=[unknown] app=[unknown] client=172.18.0.4 LOG:  connection received: host=172.18.0.4 port=36958
2026-01-07 03:29:37.277 GMT [25759] user=worker db=apidb app=[unknown] client=172.18.0.4 LOG:  connection authenticated: identity="worker" method=scram-sha-256 (/etc/postgresql/pg_hba.conf:5)
2026-01-07 03:29:37.277 GMT [25759] user=worker db=apidb app=[unknown] client=172.18.0.4 LOG:  connection authorized: user=worker database=apidb
2026-01-07 03:29:41.474 GMT [25766] user=[unknown] db=[unknown] app=[unknown] client=[local] LOG:  connection received: host=[local]
2026-01-07 03:29:51.603 GMT [25774] user=[unknown] db=[unknown] app=[unknown] client=[local] LOG:  connection received: host=[local]
2026-01-07 03:30:01.836 GMT [25781] user=[unknown] db=[unknown] app=[unknown] client=[local] LOG:  connection received: host=[local]
2026-01-07 03:30:07.498 GMT [25759] user=worker db=apidb app=[unknown] client=172.18.0.4 LOG:  disconnection: session time: 0:00:30.306 user=worker database=apidb host=172.18.0.4 port=36958
2026-01-07 03:30:11.956 GMT [25789] user=[unknown] db=[unknown] app=[unknown] client=[local] LOG:  connection received: host=[local]
2026-01-07 03:30:17.030 GMT [25790] user=[unknown] db=[unknown] app=[unknown] client=172.18.0.4 LOG:  connection received: host=172.18.0.4 port=33134
2026-01-07 03:30:17.081 GMT [25790] user=worker db=apidb app=[unknown] client=172.18.0.4 LOG:  connection authenticated: identity="worker" method=scram-sha-256 (/etc/postgresql/pg_hba.conf:5)
2026-01-07 03:30:17.082 GMT [25790] user=worker db=apidb app=[unknown] client=172.18.0.4 LOG:  connection authorized: user=worker database=apidb
2026-01-07 03:30:21.790 GMT [25798] user=[unknown] db=[unknown] app=[unknown] client=[local] LOG:  connection received: host=[local]
2026-01-07 03:30:31.414 GMT [25806] user=[unknown] db=[unknown] app=[unknown] client=[local] LOG:  connection received: host=[local]
2026-01-07 03:30:41.586 GMT [25814] user=[unknown] db=[unknown] app=[unknown] client=[local] LOG:  connection received: host=[local]
2026-01-07 03:30:51.758 GMT [25822] user=[unknown] db=[unknown] app=[unknown] client=[local] LOG:  connection received: host=[local]
2026-01-07 03:31:01.680 GMT [25829] user=[unknown] db=[unknown] app=[unknown] client=[local] LOG:  connection received: host=[local]
2026-01-07 03:31:11.849 GMT [25838] user=[unknown] db=[unknown] app=[unknown] client=[local] LOG:  connection received: host=[local]
2026-01-07 03:31:21.952 GMT [25845] user=[unknown] db=[unknown] app=[unknown] client=[local] LOG:  connection received: host=[local]
2026-01-07 03:31:31.964 GMT [25853] user=[unknown] db=[unknown] app=[unknown] client=[local] LOG:  connection received: host=[local]
2026-01-07 03:31:42.080 GMT [25860] user=[unknown] db=[unknown] app=[unknown] client=[local] LOG:  connection received: host=[local]
2026-01-07 03:31:52.137 GMT [25790] user=worker db=apidb app=[unknown] client=172.18.0.4 LOG:  disconnection: session time: 0:01:35.106 user=worker database=apidb host=172.18.0.4 port=33134
2026-01-07 03:31:52.181 GMT [25868] user=[unknown] db=[unknown] app=[unknown] client=[local] LOG:  connection received: host=[local]
2026-01-07 03:32:02.409 GMT [25875] user=[unknown] db=[unknown] app=[unknown] client=[local] LOG:  connection received: host=[local]
2026-01-07 03:32:12.533 GMT [25883] user=[unknown] db=[unknown] app=[unknown] client=[local] LOG:  connection received: host=[local]
2026-01-07 03:32:22.629 GMT [25890] user=[unknown] db=[unknown] app=[unknown] client=[local] LOG:  connection received: host=[local]
2026-01-07 03:32:32.800 GMT [25898] user=[unknown] db=[unknown] app=[unknown] client=[local] LOG:  connection received: host=[local]
2026-01-07 03:32:38.973 GMT [71] user= db= app= client= LOG:  checkpoint starting: time
2026-01-07 03:32:39.345 GMT [71] user= db= app= client= LOG:  checkpoint complete: wrote 4 buffers (0.0%); 0 WAL file(s) added, 0 removed, 0 recycled; write=0.349 s, sync=0.004 s, total=0.375 s; sync files=4, longest=0.003 s, average=0.001 s; distance=1 kB, estimate=151 kB
2026-01-07 03:32:42.926 GMT [25905] user=[unknown] db=[unknown] app=[unknown] client=[local] LOG:  connection received: host=[local]
2026-01-07 03:32:53.047 GMT [25913] user=[unknown] db=[unknown] app=[unknown] client=[local] LOG:  connection received: host=[local]
2026-01-07 03:33:03.168 GMT [25920] user=[unknown] db=[unknown] app=[unknown] client=[local] LOG:  connection received: host=[local]
2026-01-07 03:33:13.322 GMT [25928] user=[unknown] db=[unknown] app=[unknown] client=[local] LOG:  connection received: host=[local]
2026-01-07 03:33:23.498 GMT [25935] user=[unknown] db=[unknown] app=[unknown] client=[local] LOG:  connection received: host=[local]
2026-01-07 03:33:33.702 GMT [25943] user=[unknown] db=[unknown] app=[unknown] client=[local] LOG:  connection received: host=[local]
2026-01-07 03:33:36.871 GMT [25944] user=[unknown] db=[unknown] app=[unknown] client=172.18.0.4 LOG:  connection received: host=172.18.0.4 port=47626
2026-01-07 03:33:36.891 GMT [25944] user=worker db=apidb app=[unknown] client=172.18.0.4 LOG:  connection authenticated: identity="worker" method=scram-sha-256 (/etc/postgresql/pg_hba.conf:5)
2026-01-07 03:33:36.891 GMT [25944] user=worker db=apidb app=[unknown] client=172.18.0.4 LOG:  connection authorized: user=worker database=apidb
2026-01-07 03:33:43.802 GMT [25951] user=[unknown] db=[unknown] app=[unknown] client=[local] LOG:  connection received: host=[local]
2026-01-07 03:33:53.941 GMT [25959] user=[unknown] db=[unknown] app=[unknown] client=[local] LOG:  connection received: host=[local]
2026-01-07 03:34:04.076 GMT [25966] user=[unknown] db=[unknown] app=[unknown] client=[local] LOG:  connection received: host=[local]
2026-01-07 03:34:14.202 GMT [25974] user=[unknown] db=[unknown] app=[unknown] client=[local] LOG:  connection received: host=[local]
2026-01-07 03:34:24.327 GMT [25981] user=[unknown] db=[unknown] app=[unknown] client=[local] LOG:  connection received: host=[local]
2026-01-07 03:34:34.431 GMT [25990] user=[unknown] db=[unknown] app=[unknown] client=[local] LOG:  connection received: host=[local]
2026-01-07 03:34:44.543 GMT [25997] user=[unknown] db=[unknown] app=[unknown] client=[local] LOG:  connection received: host=[local]
2026-01-07 03:34:54.666 GMT [26005] user=[unknown] db=[unknown] app=[unknown] client=[local] LOG:  connection received: host=[local]
2026-01-07 03:34:55.630 GMT [25944] user=worker db=apidb app=[unknown] client=172.18.0.4 LOG:  disconnection: session time: 0:01:18.759 user=worker database=apidb host=172.18.0.4 port=47626
2026-01-07 03:35:04.763 GMT [26012] user=[unknown] db=[unknown] app=[unknown] client=[local] LOG:  connection received: host=[local]
2026-01-07 03:35:14.848 GMT [26020] user=[unknown] db=[unknown] app=[unknown] client=[local] LOG:  connection received: host=[local]
2026-01-07 03:35:24.959 GMT [26027] user=[unknown] db=[unknown] app=[unknown] client=[local] LOG:  connection received: host=[local]
2026-01-07 03:35:35.062 GMT [26035] user=[unknown] db=[unknown] app=[unknown] client=[local] LOG:  connection received: host=[local]
2026-01-07 03:35:45.138 GMT [26042] user=[unknown] db=[unknown] app=[unknown] client=[local] LOG:  connection received: host=[local]
2026-01-07 03:35:55.256 GMT [26050] user=[unknown] db=[unknown] app=[unknown] client=[local] LOG:  connection received: host=[local]
2026-01-07 03:36:05.389 GMT [26057] user=[unknown] db=[unknown] app=[unknown] client=[local] LOG:  connection received: host=[local]
2026-01-07 03:36:11.718 GMT [26059] user=[unknown] db=[unknown] app=[unknown] client=172.18.0.4 LOG:  connection received: host=172.18.0.4 port=58528
2026-01-07 03:36:11.738 GMT [26059] user=worker db=apidb app=[unknown] client=172.18.0.4 LOG:  connection authenticated: identity="worker" method=scram-sha-256 (/etc/postgresql/pg_hba.conf:5)
2026-01-07 03:36:11.738 GMT [26059] user=worker db=apidb app=[unknown] client=172.18.0.4 LOG:  connection authorized: user=worker database=apidb
2026-01-07 03:36:15.484 GMT [26066] user=[unknown] db=[unknown] app=[unknown] client=[local] LOG:  connection received: host=[local]
2026-01-07 03:36:25.598 GMT [26073] user=[unknown] db=[unknown] app=[unknown] client=[local] LOG:  connection received: host=[local]
2026-01-07 03:36:35.660 GMT [26081] user=[unknown] db=[unknown] app=[unknown] client=[local] LOG:  connection received: host=[local]
2026-01-07 03:36:45.764 GMT [26088] user=[unknown] db=[unknown] app=[unknown] client=[local] LOG:  connection received: host=[local]
2026-01-07 03:36:55.907 GMT [26096] user=[unknown] db=[unknown] app=[unknown] client=[local] LOG:  connection received: host=[local]
2026-01-07 03:37:06.049 GMT [26103] user=[unknown] db=[unknown] app=[unknown] client=[local] LOG:  connection received: host=[local]
2026-01-07 03:37:16.129 GMT [26111] user=[unknown] db=[unknown] app=[unknown] client=[local] LOG:  connection received: host=[local]
2026-01-07 03:37:26.256 GMT [26118] user=[unknown] db=[unknown] app=[unknown] client=[local] LOG:  connection received: host=[local]
2026-01-07 03:37:28.436 GMT [26059] user=worker db=apidb app=[unknown] client=172.18.0.4 LOG:  disconnection: session time: 0:01:16.718 user=worker database=apidb host=172.18.0.4 port=58528
2026-01-07 03:37:29.770 GMT [26120] user=[unknown] db=[unknown] app=[unknown] client=172.18.0.4 LOG:  connection received: host=172.18.0.4 port=48320
2026-01-07 03:37:29.778 GMT [26120] user=worker db=apidb app=[unknown] client=172.18.0.4 LOG:  connection authenticated: identity="worker" method=scram-sha-256 (/etc/postgresql/pg_hba.conf:5)
2026-01-07 03:37:29.778 GMT [26120] user=worker db=apidb app=[unknown] client=172.18.0.4 LOG:  connection authorized: user=worker database=apidb
2026-01-07 03:37:36.361 GMT [26127] user=[unknown] db=[unknown] app=[unknown] client=[local] LOG:  connection received: host=[local]
2026-01-07 03:37:38.699 GMT [71] user= db= app= client= LOG:  checkpoint starting: time
2026-01-07 03:37:39.047 GMT [71] user= db= app= client= LOG:  checkpoint complete: wrote 4 buffers (0.0%); 0 WAL file(s) added, 0 removed, 0 recycled; write=0.313 s, sync=0.003 s, total=0.349 s; sync files=4, longest=0.002 s, average=0.001 s; distance=1 kB, estimate=136 kB
2026-01-07 03:37:46.451 GMT [26134] user=[unknown] db=[unknown] app=[unknown] client=[local] LOG:  connection received: host=[local]
2026-01-07 03:37:56.591 GMT [26142] user=[unknown] db=[unknown] app=[unknown] client=[local] LOG:  connection received: host=[local]
2026-01-07 03:38:06.678 GMT [26149] user=[unknown] db=[unknown] app=[unknown] client=[local] LOG:  connection received: host=[local]
2026-01-07 03:38:10.314 GMT [26120] user=worker db=apidb app=[unknown] client=172.18.0.4 LOG:  disconnection: session time: 0:00:40.544 user=worker database=apidb host=172.18.0.4 port=48320
2026-01-07 03:38:16.781 GMT [26157] user=[unknown] db=[unknown] app=[unknown] client=[local] LOG:  connection received: host=[local]
2026-01-07 03:38:26.892 GMT [26164] user=[unknown] db=[unknown] app=[unknown] client=[local] LOG:  connection received: host=[local]
2026-01-07 03:38:36.993 GMT [26172] user=[unknown] db=[unknown] app=[unknown] client=[local] LOG:  connection received: host=[local]
2026-01-07 03:38:47.087 GMT [26179] user=[unknown] db=[unknown] app=[unknown] client=[local] LOG:  connection received: host=[local]
2026-01-07 03:38:57.219 GMT [26187] user=[unknown] db=[unknown] app=[unknown] client=[local] LOG:  connection received: host=[local]
2026-01-07 03:39:04.682 GMT [26188] user=[unknown] db=[unknown] app=[unknown] client=172.18.0.4 LOG:  connection received: host=172.18.0.4 port=33230
2026-01-07 03:39:04.705 GMT [26188] user=worker db=apidb app=[unknown] client=172.18.0.4 LOG:  connection authenticated: identity="worker" method=scram-sha-256 (/etc/postgresql/pg_hba.conf:5)
2026-01-07 03:39:04.705 GMT [26188] user=worker db=apidb app=[unknown] client=172.18.0.4 LOG:  connection authorized: user=worker database=apidb
2026-01-07 03:39:07.326 GMT [26195] user=[unknown] db=[unknown] app=[unknown] client=[local] LOG:  connection received: host=[local]
2026-01-07 03:39:17.421 GMT [26203] user=[unknown] db=[unknown] app=[unknown] client=[local] LOG:  connection received: host=[local]
2026-01-07 03:39:27.560 GMT [26210] user=[unknown] db=[unknown] app=[unknown] client=[local] LOG:  connection received: host=[local]
2026-01-07 03:39:34.750 GMT [26188] user=worker db=apidb app=[unknown] client=172.18.0.4 LOG:  disconnection: session time: 0:00:30.067 user=worker database=apidb host=172.18.0.4 port=33230
2026-01-07 03:39:37.681 GMT [26218] user=[unknown] db=[unknown] app=[unknown] client=[local] LOG:  connection received: host=[local]
2026-01-07 03:39:47.794 GMT [26226] user=[unknown] db=[unknown] app=[unknown] client=[local] LOG:  connection received: host=[local]
2026-01-07 03:39:57.974 GMT [26233] user=[unknown] db=[unknown] app=[unknown] client=[local] LOG:  connection received: host=[local]
2026-01-07 03:40:08.106 GMT [26241] user=[unknown] db=[unknown] app=[unknown] client=[local] LOG:  connection received: host=[local]
2026-01-07 03:40:18.282 GMT [26248] user=[unknown] db=[unknown] app=[unknown] client=[local] LOG:  connection received: host=[local]
2026-01-07 03:40:28.400 GMT [26255] user=[unknown] db=[unknown] app=[unknown] client=[local] LOG:  connection received: host=[local]
2026-01-07 03:40:38.581 GMT [26263] user=[unknown] db=[unknown] app=[unknown] client=[local] LOG:  connection received: host=[local]
2026-01-07 03:40:48.695 GMT [26271] user=[unknown] db=[unknown] app=[unknown] client=[local] LOG:  connection received: host=[local]
2026-01-07 03:40:58.900 GMT [26278] user=[unknown] db=[unknown] app=[unknown] client=[local] LOG:  connection received: host=[local]
2026-01-07 03:41:09.103 GMT [26287] user=[unknown] db=[unknown] app=[unknown] client=[local] LOG:  connection received: host=[local]
2026-01-07 03:41:19.286 GMT [26294] user=[unknown] db=[unknown] app=[unknown] client=[local] LOG:  connection received: host=[local]
2026-01-07 03:41:29.435 GMT [26302] user=[unknown] db=[unknown] app=[unknown] client=[local] LOG:  connection received: host=[local]
2026-01-07 03:41:39.557 GMT [26309] user=[unknown] db=[unknown] app=[unknown] client=[local] LOG:  connection received: host=[local]
2026-01-07 03:41:49.698 GMT [26317] user=[unknown] db=[unknown] app=[unknown] client=[local] LOG:  connection received: host=[local]
2026-01-07 03:41:59.887 GMT [26324] user=[unknown] db=[unknown] app=[unknown] client=[local] LOG:  connection received: host=[local]
2026-01-07 03:42:10.009 GMT [26333] user=[unknown] db=[unknown] app=[unknown] client=[local] LOG:  connection received: host=[local]
2026-01-07 03:42:20.125 GMT [26340] user=[unknown] db=[unknown] app=[unknown] client=[local] LOG:  connection received: host=[local]
2026-01-07 03:42:30.280 GMT [26348] user=[unknown] db=[unknown] app=[unknown] client=[local] LOG:  connection received: host=[local]
2026-01-07 03:42:40.437 GMT [26355] user=[unknown] db=[unknown] app=[unknown] client=[local] LOG:  connection received: host=[local]
2026-01-07 03:42:50.549 GMT [26363] user=[unknown] db=[unknown] app=[unknown] client=[local] LOG:  connection received: host=[local]
2026-01-07 03:43:00.713 GMT [26370] user=[unknown] db=[unknown] app=[unknown] client=[local] LOG:  connection received: host=[local]
2026-01-07 03:43:10.826 GMT [26379] user=[unknown] db=[unknown] app=[unknown] client=[local] LOG:  connection received: host=[local]
2026-01-07 03:43:20.940 GMT [26386] user=[unknown] db=[unknown] app=[unknown] client=[local] LOG:  connection received: host=[local]
2026-01-07 03:43:31.125 GMT [26395] user=[unknown] db=[unknown] app=[unknown] client=[local] LOG:  connection received: host=[local]
2026-01-07 03:43:41.245 GMT [26402] user=[unknown] db=[unknown] app=[unknown] client=[local] LOG:  connection received: host=[local]
2026-01-07 03:43:51.433 GMT [26411] user=[unknown] db=[unknown] app=[unknown] client=[local] LOG:  connection received: host=[local]
2026-01-07 03:44:01.651 GMT [26419] user=[unknown] db=[unknown] app=[unknown] client=[local] LOG:  connection received: host=[local]
2026-01-07 03:44:11.949 GMT [26427] user=[unknown] db=[unknown] app=[unknown] client=[local] LOG:  connection received: host=[local]
2026-01-07 03:44:22.128 GMT [26434] user=[unknown] db=[unknown] app=[unknown] client=[local] LOG:  connection received: host=[local]
2026-01-07 03:44:32.413 GMT [26442] user=[unknown] db=[unknown] app=[unknown] client=[local] LOG:  connection received: host=[local]
2026-01-07 03:44:42.618 GMT [26449] user=[unknown] db=[unknown] app=[unknown] client=[local] LOG:  connection received: host=[local]
2026-01-07 03:44:52.818 GMT [26457] user=[unknown] db=[unknown] app=[unknown] client=[local] LOG:  connection received: host=[local]
2026-01-07 03:45:03.087 GMT [26464] user=[unknown] db=[unknown] app=[unknown] client=[local] LOG:  connection received: host=[local]
2026-01-07 03:45:13.239 GMT [26472] user=[unknown] db=[unknown] app=[unknown] client=[local] LOG:  connection received: host=[local]
2026-01-07 03:45:23.377 GMT [26479] user=[unknown] db=[unknown] app=[unknown] client=[local] LOG:  connection received: host=[local]
2026-01-07 03:45:33.540 GMT [26487] user=[unknown] db=[unknown] app=[unknown] client=[local] LOG:  connection received: host=[local]
2026-01-07 03:45:43.666 GMT [26494] user=[unknown] db=[unknown] app=[unknown] client=[local] LOG:  connection received: host=[local]
2026-01-07 03:45:53.826 GMT [26502] user=[unknown] db=[unknown] app=[unknown] client=[local] LOG:  connection received: host=[local]
2026-01-07 03:46:04.000 GMT [26509] user=[unknown] db=[unknown] app=[unknown] client=[local] LOG:  connection received: host=[local]
2026-01-07 03:46:14.152 GMT [26517] user=[unknown] db=[unknown] app=[unknown] client=[local] LOG:  connection received: host=[local]
2026-01-07 03:46:24.309 GMT [26524] user=[unknown] db=[unknown] app=[unknown] client=[local] LOG:  connection received: host=[local]
2026-01-07 03:46:34.488 GMT [26532] user=[unknown] db=[unknown] app=[unknown] client=[local] LOG:  connection received: host=[local]
2026-01-07 03:46:44.645 GMT [26539] user=[unknown] db=[unknown] app=[unknown] client=[local] LOG:  connection received: host=[local]
2026-01-07 03:46:54.797 GMT [26547] user=[unknown] db=[unknown] app=[unknown] client=[local] LOG:  connection received: host=[local]
2026-01-07 03:47:04.992 GMT [26554] user=[unknown] db=[unknown] app=[unknown] client=[local] LOG:  connection received: host=[local]
2026-01-07 03:47:15.137 GMT [26562] user=[unknown] db=[unknown] app=[unknown] client=[local] LOG:  connection received: host=[local]
2026-01-07 03:47:25.301 GMT [26570] user=[unknown] db=[unknown] app=[unknown] client=[local] LOG:  connection received: host=[local]
2026-01-07 03:47:35.477 GMT [26578] user=[unknown] db=[unknown] app=[unknown] client=[local] LOG:  connection received: host=[local]
2026-01-07 03:47:45.632 GMT [26585] user=[unknown] db=[unknown] app=[unknown] client=[local] LOG:  connection received: host=[local]
2026-01-07 03:47:55.802 GMT [26593] user=[unknown] db=[unknown] app=[unknown] client=[local] LOG:  connection received: host=[local]
2026-01-07 03:48:05.891 GMT [26600] user=[unknown] db=[unknown] app=[unknown] client=[local] LOG:  connection received: host=[local]
2026-01-07 03:48:15.989 GMT [26608] user=[unknown] db=[unknown] app=[unknown] client=[local] LOG:  connection received: host=[local]
2026-01-07 03:48:26.129 GMT [26616] user=[unknown] db=[unknown] app=[unknown] client=[local] LOG:  connection received: host=[local]
2026-01-07 03:48:36.250 GMT [26624] user=[unknown] db=[unknown] app=[unknown] client=[local] LOG:  connection received: host=[local]
2026-01-07 03:48:46.341 GMT [26631] user=[unknown] db=[unknown] app=[unknown] client=[local] LOG:  connection received: host=[local]
2026-01-07 03:48:56.527 GMT [26639] user=[unknown] db=[unknown] app=[unknown] client=[local] LOG:  connection received: host=[local]
2026-01-07 03:49:06.665 GMT [26646] user=[unknown] db=[unknown] app=[unknown] client=[local] LOG:  connection received: host=[local]
2026-01-07 03:49:16.787 GMT [26654] user=[unknown] db=[unknown] app=[unknown] client=[local] LOG:  connection received: host=[local]
2026-01-07 03:49:26.880 GMT [26661] user=[unknown] db=[unknown] app=[unknown] client=[local] LOG:  connection received: host=[local]
2026-01-07 03:49:36.964 GMT [26669] user=[unknown] db=[unknown] app=[unknown] client=[local] LOG:  connection received: host=[local]
2026-01-07 03:49:47.109 GMT [26676] user=[unknown] db=[unknown] app=[unknown] client=[local] LOG:  connection received: host=[local]
2026-01-07 03:49:57.218 GMT [26684] user=[unknown] db=[unknown] app=[unknown] client=[local] LOG:  connection received: host=[local]
2026-01-07 03:50:07.364 GMT [26691] user=[unknown] db=[unknown] app=[unknown] client=[local] LOG:  connection received: host=[local]
2026-01-07 03:50:17.472 GMT [26699] user=[unknown] db=[unknown] app=[unknown] client=[local] LOG:  connection received: host=[local]
2026-01-07 03:50:27.607 GMT [26706] user=[unknown] db=[unknown] app=[unknown] client=[local] LOG:  connection received: host=[local]
2026-01-07 03:50:37.691 GMT [26714] user=[unknown] db=[unknown] app=[unknown] client=[local] LOG:  connection received: host=[local]
2026-01-07 03:50:47.905 GMT [26722] user=[unknown] db=[unknown] app=[unknown] client=[local] LOG:  connection received: host=[local]
2026-01-07 03:50:58.767 GMT [26729] user=[unknown] db=[unknown] app=[unknown] client=[local] LOG:  connection received: host=[local]
2026-01-07 03:51:09.096 GMT [26737] user=[unknown] db=[unknown] app=[unknown] client=[local] LOG:  connection received: host=[local]
2026-01-07 03:51:19.170 GMT [26745] user=[unknown] db=[unknown] app=[unknown] client=[local] LOG:  connection received: host=[local]
2026-01-07 03:51:29.288 GMT [26752] user=[unknown] db=[unknown] app=[unknown] client=[local] LOG:  connection received: host=[local]
2026-01-07 03:51:39.398 GMT [26760] user=[unknown] db=[unknown] app=[unknown] client=[local] LOG:  connection received: host=[local]
2026-01-07 03:51:49.662 GMT [26768] user=[unknown] db=[unknown] app=[unknown] client=[local] LOG:  connection received: host=[local]
2026-01-07 03:51:59.901 GMT [26774] user=[unknown] db=[unknown] app=[unknown] client=[local] LOG:  connection received: host=[local]
2026-01-07 03:52:10.013 GMT [26782] user=[unknown] db=[unknown] app=[unknown] client=[local] LOG:  connection received: host=[local]
2026-01-07 03:52:20.115 GMT [26789] user=[unknown] db=[unknown] app=[unknown] client=[local] LOG:  connection received: host=[local]
2026-01-07 03:52:30.245 GMT [26797] user=[unknown] db=[unknown] app=[unknown] client=[local] LOG:  connection received: host=[local]
2026-01-07 03:52:40.358 GMT [26804] user=[unknown] db=[unknown] app=[unknown] client=[local] LOG:  connection received: host=[local]
2026-01-07 03:52:50.533 GMT [26812] user=[unknown] db=[unknown] app=[unknown] client=[local] LOG:  connection received: host=[local]
2026-01-07 03:53:00.658 GMT [26819] user=[unknown] db=[unknown] app=[unknown] client=[local] LOG:  connection received: host=[local]
2026-01-07 03:53:10.790 GMT [26827] user=[unknown] db=[unknown] app=[unknown] client=[local] LOG:  connection received: host=[local]
2026-01-07 03:53:21.040 GMT [26834] user=[unknown] db=[unknown] app=[unknown] client=[local] LOG:  connection received: host=[local]
2026-01-07 03:53:31.194 GMT [26842] user=[unknown] db=[unknown] app=[unknown] client=[local] LOG:  connection received: host=[local]
2026-01-07 03:53:41.324 GMT [26849] user=[unknown] db=[unknown] app=[unknown] client=[local] LOG:  connection received: host=[local]
2026-01-07 03:53:51.410 GMT [26857] user=[unknown] db=[unknown] app=[unknown] client=[local] LOG:  connection received: host=[local]
2026-01-07 03:54:01.562 GMT [26864] user=[unknown] db=[unknown] app=[unknown] client=[local] LOG:  connection received: host=[local]
2026-01-07 03:54:11.744 GMT [26872] user=[unknown] db=[unknown] app=[unknown] client=[local] LOG:  connection received: host=[local]
2026-01-07 03:54:21.854 GMT [26879] user=[unknown] db=[unknown] app=[unknown] client=[local] LOG:  connection received: host=[local]
2026-01-07 03:54:32.006 GMT [26887] user=[unknown] db=[unknown] app=[unknown] client=[local] LOG:  connection received: host=[local]
2026-01-07 03:54:42.118 GMT [26894] user=[unknown] db=[unknown] app=[unknown] client=[local] LOG:  connection received: host=[local]
2026-01-07 03:54:52.234 GMT [26902] user=[unknown] db=[unknown] app=[unknown] client=[local] LOG:  connection received: host=[local]
2026-01-07 03:55:02.386 GMT [26910] user=[unknown] db=[unknown] app=[unknown] client=[local] LOG:  connection received: host=[local]
2026-01-07 03:55:12.521 GMT [26918] user=[unknown] db=[unknown] app=[unknown] client=[local] LOG:  connection received: host=[local]
2026-01-07 03:55:22.663 GMT [26925] user=[unknown] db=[unknown] app=[unknown] client=[local] LOG:  connection received: host=[local]
2026-01-07 03:55:32.787 GMT [26933] user=[unknown] db=[unknown] app=[unknown] client=[local] LOG:  connection received: host=[local]
2026-01-07 03:55:42.886 GMT [26941] user=[unknown] db=[unknown] app=[unknown] client=[local] LOG:  connection received: host=[local]
2026-01-07 03:55:53.019 GMT [26949] user=[unknown] db=[unknown] app=[unknown] client=[local] LOG:  connection received: host=[local]
2026-01-07 03:56:03.131 GMT [26956] user=[unknown] db=[unknown] app=[unknown] client=[local] LOG:  connection received: host=[local]
2026-01-07 03:56:13.218 GMT [26964] user=[unknown] db=[unknown] app=[unknown] client=[local] LOG:  connection received: host=[local]
2026-01-07 03:56:23.318 GMT [26971] user=[unknown] db=[unknown] app=[unknown] client=[local] LOG:  connection received: host=[local]
2026-01-07 03:56:33.463 GMT [26979] user=[unknown] db=[unknown] app=[unknown] client=[local] LOG:  connection received: host=[local]
2026-01-07 03:56:43.560 GMT [26986] user=[unknown] db=[unknown] app=[unknown] client=[local] LOG:  connection received: host=[local]
2026-01-07 03:56:53.672 GMT [26994] user=[unknown] db=[unknown] app=[unknown] client=[local] LOG:  connection received: host=[local]
2026-01-07 03:57:03.862 GMT [27001] user=[unknown] db=[unknown] app=[unknown] client=[local] LOG:  connection received: host=[local]
2026-01-07 03:57:13.961 GMT [27009] user=[unknown] db=[unknown] app=[unknown] client=[local] LOG:  connection received: host=[local]
2026-01-07 03:57:24.057 GMT [27016] user=[unknown] db=[unknown] app=[unknown] client=[local] LOG:  connection received: host=[local]
2026-01-07 03:57:34.240 GMT [27024] user=[unknown] db=[unknown] app=[unknown] client=[local] LOG:  connection received: host=[local]
2026-01-07 03:57:44.375 GMT [27031] user=[unknown] db=[unknown] app=[unknown] client=[local] LOG:  connection received: host=[local]
2026-01-07 03:57:54.517 GMT [27039] user=[unknown] db=[unknown] app=[unknown] client=[local] LOG:  connection received: host=[local]
2026-01-07 03:58:04.645 GMT [27046] user=[unknown] db=[unknown] app=[unknown] client=[local] LOG:  connection received: host=[local]
2026-01-07 03:58:14.745 GMT [27054] user=[unknown] db=[unknown] app=[unknown] client=[local] LOG:  connection received: host=[local]
2026-01-07 03:58:24.863 GMT [27061] user=[unknown] db=[unknown] app=[unknown] client=[local] LOG:  connection received: host=[local]
2026-01-07 03:58:34.956 GMT [27069] user=[unknown] db=[unknown] app=[unknown] client=[local] LOG:  connection received: host=[local]
2026-01-07 03:58:45.069 GMT [27076] user=[unknown] db=[unknown] app=[unknown] client=[local] LOG:  connection received: host=[local]
2026-01-07 03:58:55.169 GMT [27084] user=[unknown] db=[unknown] app=[unknown] client=[local] LOG:  connection received: host=[local]
2026-01-07 03:59:05.292 GMT [27091] user=[unknown] db=[unknown] app=[unknown] client=[local] LOG:  connection received: host=[local]
2026-01-07 03:59:15.387 GMT [27099] user=[unknown] db=[unknown] app=[unknown] client=[local] LOG:  connection received: host=[local]
2026-01-07 03:59:25.491 GMT [27106] user=[unknown] db=[unknown] app=[unknown] client=[local] LOG:  connection received: host=[local]
2026-01-07 03:59:35.610 GMT [27114] user=[unknown] db=[unknown] app=[unknown] client=[local] LOG:  connection received: host=[local]
2026-01-07 03:59:45.683 GMT [27121] user=[unknown] db=[unknown] app=[unknown] client=[local] LOG:  connection received: host=[local]
2026-01-07 03:59:55.824 GMT [27129] user=[unknown] db=[unknown] app=[unknown] client=[local] LOG:  connection received: host=[local]
2026-01-07 04:00:05.968 GMT [27137] user=[unknown] db=[unknown] app=[unknown] client=[local] LOG:  connection received: host=[local]
2026-01-07 04:00:16.066 GMT [27145] user=[unknown] db=[unknown] app=[unknown] client=[local] LOG:  connection received: host=[local]
2026-01-07 04:00:26.218 GMT [27152] user=[unknown] db=[unknown] app=[unknown] client=[local] LOG:  connection received: host=[local]
2026-01-07 04:00:36.385 GMT [27160] user=[unknown] db=[unknown] app=[unknown] client=[local] LOG:  connection received: host=[local]
2026-01-07 04:00:46.501 GMT [27167] user=[unknown] db=[unknown] app=[unknown] client=[local] LOG:  connection received: host=[local]
2026-01-07 04:00:56.632 GMT [27175] user=[unknown] db=[unknown] app=[unknown] client=[local] LOG:  connection received: host=[local]
2026-01-07 04:01:06.754 GMT [27182] user=[unknown] db=[unknown] app=[unknown] client=[local] LOG:  connection received: host=[local]
2026-01-07 04:01:16.864 GMT [27190] user=[unknown] db=[unknown] app=[unknown] client=[local] LOG:  connection received: host=[local]
2026-01-07 04:01:27.007 GMT [27197] user=[unknown] db=[unknown] app=[unknown] client=[local] LOG:  connection received: host=[local]
2026-01-07 04:01:37.127 GMT [27205] user=[unknown] db=[unknown] app=[unknown] client=[local] LOG:  connection received: host=[local]
2026-01-07 04:01:47.266 GMT [27212] user=[unknown] db=[unknown] app=[unknown] client=[local] LOG:  connection received: host=[local]
2026-01-07 04:01:57.408 GMT [27220] user=[unknown] db=[unknown] app=[unknown] client=[local] LOG:  connection received: host=[local]
2026-01-07 04:02:07.506 GMT [27227] user=[unknown] db=[unknown] app=[unknown] client=[local] LOG:  connection received: host=[local]
2026-01-07 04:02:17.653 GMT [27235] user=[unknown] db=[unknown] app=[unknown] client=[local] LOG:  connection received: host=[local]
2026-01-07 04:02:27.762 GMT [27242] user=[unknown] db=[unknown] app=[unknown] client=[local] LOG:  connection received: host=[local]
2026-01-07 04:02:37.899 GMT [27250] user=[unknown] db=[unknown] app=[unknown] client=[local] LOG:  connection received: host=[local]
2026-01-07 04:02:48.024 GMT [27257] user=[unknown] db=[unknown] app=[unknown] client=[local] LOG:  connection received: host=[local]
2026-01-07 04:02:58.200 GMT [27265] user=[unknown] db=[unknown] app=[unknown] client=[local] LOG:  connection received: host=[local]
2026-01-07 04:03:08.332 GMT [27272] user=[unknown] db=[unknown] app=[unknown] client=[local] LOG:  connection received: host=[local]
2026-01-07 04:03:18.473 GMT [27280] user=[unknown] db=[unknown] app=[unknown] client=[local] LOG:  connection received: host=[local]
2026-01-07 04:03:28.621 GMT [27287] user=[unknown] db=[unknown] app=[unknown] client=[local] LOG:  connection received: host=[local]
2026-01-07 04:03:38.804 GMT [27295] user=[unknown] db=[unknown] app=[unknown] client=[local] LOG:  connection received: host=[local]
2026-01-07 04:03:48.994 GMT [27303] user=[unknown] db=[unknown] app=[unknown] client=[local] LOG:  connection received: host=[local]
2026-01-07 04:03:59.167 GMT [27310] user=[unknown] db=[unknown] app=[unknown] client=[local] LOG:  connection received: host=[local]
2026-01-07 04:04:09.308 GMT [27318] user=[unknown] db=[unknown] app=[unknown] client=[local] LOG:  connection received: host=[local]
2026-01-07 04:04:19.392 GMT [27325] user=[unknown] db=[unknown] app=[unknown] client=[local] LOG:  connection received: host=[local]
2026-01-07 04:04:29.584 GMT [27332] user=[unknown] db=[unknown] app=[unknown] client=[local] LOG:  connection received: host=[local]
2026-01-07 04:04:39.733 GMT [27340] user=[unknown] db=[unknown] app=[unknown] client=[local] LOG:  connection received: host=[local]
2026-01-07 04:04:49.906 GMT [27348] user=[unknown] db=[unknown] app=[unknown] client=[local] LOG:  connection received: host=[local]
2026-01-07 04:05:00.058 GMT [27355] user=[unknown] db=[unknown] app=[unknown] client=[local] LOG:  connection received: host=[local]
2026-01-07 04:05:10.199 GMT [27363] user=[unknown] db=[unknown] app=[unknown] client=[local] LOG:  connection received: host=[local]
2026-01-07 04:05:20.328 GMT [27370] user=[unknown] db=[unknown] app=[unknown] client=[local] LOG:  connection received: host=[local]
2026-01-07 04:05:30.459 GMT [27378] user=[unknown] db=[unknown] app=[unknown] client=[local] LOG:  connection received: host=[local]
2026-01-07 04:05:40.616 GMT [27385] user=[unknown] db=[unknown] app=[unknown] client=[local] LOG:  connection received: host=[local]
2026-01-07 04:05:50.962 GMT [27394] user=[unknown] db=[unknown] app=[unknown] client=[local] LOG:  connection received: host=[local]
2026-01-07 04:06:01.107 GMT [27401] user=[unknown] db=[unknown] app=[unknown] client=[local] LOG:  connection received: host=[local]
2026-01-07 04:06:11.201 GMT [27409] user=[unknown] db=[unknown] app=[unknown] client=[local] LOG:  connection received: host=[local]
2026-01-07 04:06:21.349 GMT [27416] user=[unknown] db=[unknown] app=[unknown] client=[local] LOG:  connection received: host=[local]
2026-01-07 04:06:31.475 GMT [27424] user=[unknown] db=[unknown] app=[unknown] client=[local] LOG:  connection received: host=[local]
2026-01-07 04:06:41.557 GMT [27431] user=[unknown] db=[unknown] app=[unknown] client=[local] LOG:  connection received: host=[local]
2026-01-07 04:06:51.681 GMT [27439] user=[unknown] db=[unknown] app=[unknown] client=[local] LOG:  connection received: host=[local]
2026-01-07 04:07:01.804 GMT [27446] user=[unknown] db=[unknown] app=[unknown] client=[local] LOG:  connection received: host=[local]
2026-01-07 04:07:11.920 GMT [27454] user=[unknown] db=[unknown] app=[unknown] client=[local] LOG:  connection received: host=[local]
2026-01-07 04:07:21.999 GMT [27461] user=[unknown] db=[unknown] app=[unknown] client=[local] LOG:  connection received: host=[local]
2026-01-07 04:07:32.119 GMT [27469] user=[unknown] db=[unknown] app=[unknown] client=[local] LOG:  connection received: host=[local]
2026-01-07 04:07:42.213 GMT [27476] user=[unknown] db=[unknown] app=[unknown] client=[local] LOG:  connection received: host=[local]
2026-01-07 04:07:52.318 GMT [27484] user=[unknown] db=[unknown] app=[unknown] client=[local] LOG:  connection received: host=[local]
2026-01-07 04:08:02.471 GMT [27491] user=[unknown] db=[unknown] app=[unknown] client=[local] LOG:  connection received: host=[local]
2026-01-07 04:08:12.614 GMT [27499] user=[unknown] db=[unknown] app=[unknown] client=[local] LOG:  connection received: host=[local]
2026-01-07 04:08:22.776 GMT [27506] user=[unknown] db=[unknown] app=[unknown] client=[local] LOG:  connection received: host=[local]
2026-01-07 04:08:32.968 GMT [27514] user=[unknown] db=[unknown] app=[unknown] client=[local] LOG:  connection received: host=[local]
2026-01-07 04:08:43.070 GMT [27521] user=[unknown] db=[unknown] app=[unknown] client=[local] LOG:  connection received: host=[local]
2026-01-07 04:08:53.159 GMT [27529] user=[unknown] db=[unknown] app=[unknown] client=[local] LOG:  connection received: host=[local]
2026-01-07 04:09:03.261 GMT [27536] user=[unknown] db=[unknown] app=[unknown] client=[local] LOG:  connection received: host=[local]
2026-01-07 04:09:13.358 GMT [27544] user=[unknown] db=[unknown] app=[unknown] client=[local] LOG:  connection received: host=[local]
2026-01-07 04:09:23.596 GMT [27551] user=[unknown] db=[unknown] app=[unknown] client=[local] LOG:  connection received: host=[local]
2026-01-07 04:09:33.721 GMT [27559] user=[unknown] db=[unknown] app=[unknown] client=[local] LOG:  connection received: host=[local]
2026-01-07 04:09:43.892 GMT [27566] user=[unknown] db=[unknown] app=[unknown] client=[local] LOG:  connection received: host=[local]
2026-01-07 04:09:54.010 GMT [27574] user=[unknown] db=[unknown] app=[unknown] client=[local] LOG:  connection received: host=[local]
2026-01-07 04:10:04.130 GMT [27581] user=[unknown] db=[unknown] app=[unknown] client=[local] LOG:  connection received: host=[local]
2026-01-07 04:10:14.252 GMT [27589] user=[unknown] db=[unknown] app=[unknown] client=[local] LOG:  connection received: host=[local]
2026-01-07 04:10:24.383 GMT [27596] user=[unknown] db=[unknown] app=[unknown] client=[local] LOG:  connection received: host=[local]
2026-01-07 04:10:34.530 GMT [27604] user=[unknown] db=[unknown] app=[unknown] client=[local] LOG:  connection received: host=[local]
2026-01-07 04:10:44.677 GMT [27611] user=[unknown] db=[unknown] app=[unknown] client=[local] LOG:  connection received: host=[local]
2026-01-07 04:10:54.786 GMT [27619] user=[unknown] db=[unknown] app=[unknown] client=[local] LOG:  connection received: host=[local]
2026-01-07 04:11:04.890 GMT [27626] user=[unknown] db=[unknown] app=[unknown] client=[local] LOG:  connection received: host=[local]
2026-01-07 04:11:15.022 GMT [27634] user=[unknown] db=[unknown] app=[unknown] client=[local] LOG:  connection received: host=[local]
2026-01-07 04:11:25.149 GMT [27642] user=[unknown] db=[unknown] app=[unknown] client=[local] LOG:  connection received: host=[local]
2026-01-07 04:11:35.316 GMT [27650] user=[unknown] db=[unknown] app=[unknown] client=[local] LOG:  connection received: host=[local]
2026-01-07 04:11:45.476 GMT [27657] user=[unknown] db=[unknown] app=[unknown] client=[local] LOG:  connection received: host=[local]
2026-01-07 04:11:55.616 GMT [27665] user=[unknown] db=[unknown] app=[unknown] client=[local] LOG:  connection received: host=[local]
2026-01-07 04:12:05.816 GMT [27672] user=[unknown] db=[unknown] app=[unknown] client=[local] LOG:  connection received: host=[local]
2026-01-07 04:12:15.954 GMT [27680] user=[unknown] db=[unknown] app=[unknown] client=[local] LOG:  connection received: host=[local]
2026-01-07 04:12:26.145 GMT [27687] user=[unknown] db=[unknown] app=[unknown] client=[local] LOG:  connection received: host=[local]
2026-01-07 04:12:36.351 GMT [27695] user=[unknown] db=[unknown] app=[unknown] client=[local] LOG:  connection received: host=[local]
2026-01-07 04:12:46.431 GMT [27702] user=[unknown] db=[unknown] app=[unknown] client=[local] LOG:  connection received: host=[local]
2026-01-07 04:12:56.535 GMT [27711] user=[unknown] db=[unknown] app=[unknown] client=[local] LOG:  connection received: host=[local]
2026-01-07 04:13:06.644 GMT [27718] user=[unknown] db=[unknown] app=[unknown] client=[local] LOG:  connection received: host=[local]
2026-01-07 04:13:16.785 GMT [27726] user=[unknown] db=[unknown] app=[unknown] client=[local] LOG:  connection received: host=[local]
2026-01-07 04:13:26.939 GMT [27733] user=[unknown] db=[unknown] app=[unknown] client=[local] LOG:  connection received: host=[local]
2026-01-07 04:13:37.115 GMT [27741] user=[unknown] db=[unknown] app=[unknown] client=[local] LOG:  connection received: host=[local]
2026-01-07 04:13:47.241 GMT [27748] user=[unknown] db=[unknown] app=[unknown] client=[local] LOG:  connection received: host=[local]
2026-01-07 04:13:57.422 GMT [27756] user=[unknown] db=[unknown] app=[unknown] client=[local] LOG:  connection received: host=[local]
2026-01-07 04:14:07.569 GMT [27763] user=[unknown] db=[unknown] app=[unknown] client=[local] LOG:  connection received: host=[local]
2026-01-07 04:14:17.679 GMT [27771] user=[unknown] db=[unknown] app=[unknown] client=[local] LOG:  connection received: host=[local]
2026-01-07 04:14:27.795 GMT [27778] user=[unknown] db=[unknown] app=[unknown] client=[local] LOG:  connection received: host=[local]
2026-01-07 04:14:37.882 GMT [27786] user=[unknown] db=[unknown] app=[unknown] client=[local] LOG:  connection received: host=[local]
2026-01-07 04:14:47.977 GMT [27793] user=[unknown] db=[unknown] app=[unknown] client=[local] LOG:  connection received: host=[local]
2026-01-07 04:14:58.130 GMT [27801] user=[unknown] db=[unknown] app=[unknown] client=[local] LOG:  connection received: host=[local]
2026-01-07 04:15:08.250 GMT [27808] user=[unknown] db=[unknown] app=[unknown] client=[local] LOG:  connection received: host=[local]
2026-01-07 04:15:18.337 GMT [27816] user=[unknown] db=[unknown] app=[unknown] client=[local] LOG:  connection received: host=[local]
2026-01-07 04:15:28.497 GMT [27824] user=[unknown] db=[unknown] app=[unknown] client=[local] LOG:  connection received: host=[local]
2026-01-07 04:15:38.629 GMT [27832] user=[unknown] db=[unknown] app=[unknown] client=[local] LOG:  connection received: host=[local]
2026-01-07 04:15:48.732 GMT [27840] user=[unknown] db=[unknown] app=[unknown] client=[local] LOG:  connection received: host=[local]
2026-01-07 04:15:58.904 GMT [27847] user=[unknown] db=[unknown] app=[unknown] client=[local] LOG:  connection received: host=[local]
2026-01-07 04:16:09.021 GMT [27854] user=[unknown] db=[unknown] app=[unknown] client=[local] LOG:  connection received: host=[local]
2026-01-07 04:16:19.225 GMT [27863] user=[unknown] db=[unknown] app=[unknown] client=[local] LOG:  connection received: host=[local]
2026-01-07 04:16:29.347 GMT [27870] user=[unknown] db=[unknown] app=[unknown] client=[local] LOG:  connection received: host=[local]
2026-01-07 04:16:39.459 GMT [27878] user=[unknown] db=[unknown] app=[unknown] client=[local] LOG:  connection received: host=[local]
2026-01-07 04:16:49.631 GMT [27886] user=[unknown] db=[unknown] app=[unknown] client=[local] LOG:  connection received: host=[local]
2026-01-07 04:16:59.756 GMT [27893] user=[unknown] db=[unknown] app=[unknown] client=[local] LOG:  connection received: host=[local]
2026-01-07 04:17:09.873 GMT [27901] user=[unknown] db=[unknown] app=[unknown] client=[local] LOG:  connection received: host=[local]
2026-01-07 04:17:20.007 GMT [27908] user=[unknown] db=[unknown] app=[unknown] client=[local] LOG:  connection received: host=[local]
2026-01-07 04:17:30.130 GMT [27915] user=[unknown] db=[unknown] app=[unknown] client=[local] LOG:  connection received: host=[local]
2026-01-07 04:17:40.352 GMT [27923] user=[unknown] db=[unknown] app=[unknown] client=[local] LOG:  connection received: host=[local]
2026-01-07 04:17:50.490 GMT [27931] user=[unknown] db=[unknown] app=[unknown] client=[local] LOG:  connection received: host=[local]
2026-01-07 04:18:00.652 GMT [27938] user=[unknown] db=[unknown] app=[unknown] client=[local] LOG:  connection received: host=[local]
2026-01-07 04:18:10.809 GMT [27946] user=[unknown] db=[unknown] app=[unknown] client=[local] LOG:  connection received: host=[local]
2026-01-07 04:18:20.906 GMT [27953] user=[unknown] db=[unknown] app=[unknown] client=[local] LOG:  connection received: host=[local]
2026-01-07 04:18:31.041 GMT [27961] user=[unknown] db=[unknown] app=[unknown] client=[local] LOG:  connection received: host=[local]
2026-01-07 04:18:41.141 GMT [27968] user=[unknown] db=[unknown] app=[unknown] client=[local] LOG:  connection received: host=[local]
2026-01-07 04:18:51.250 GMT [27976] user=[unknown] db=[unknown] app=[unknown] client=[local] LOG:  connection received: host=[local]
2026-01-07 04:19:01.360 GMT [27983] user=[unknown] db=[unknown] app=[unknown] client=[local] LOG:  connection received: host=[local]
2026-01-07 04:19:11.486 GMT [27991] user=[unknown] db=[unknown] app=[unknown] client=[local] LOG:  connection received: host=[local]
2026-01-07 04:19:21.599 GMT [27998] user=[unknown] db=[unknown] app=[unknown] client=[local] LOG:  connection received: host=[local]
2026-01-07 04:19:31.735 GMT [28006] user=[unknown] db=[unknown] app=[unknown] client=[local] LOG:  connection received: host=[local]
2026-01-07 04:19:41.830 GMT [28014] user=[unknown] db=[unknown] app=[unknown] client=[local] LOG:  connection received: host=[local]
2026-01-07 04:19:51.978 GMT [28022] user=[unknown] db=[unknown] app=[unknown] client=[local] LOG:  connection received: host=[local]
2026-01-07 04:20:02.106 GMT [28029] user=[unknown] db=[unknown] app=[unknown] client=[local] LOG:  connection received: host=[local]
2026-01-07 04:20:12.200 GMT [28037] user=[unknown] db=[unknown] app=[unknown] client=[local] LOG:  connection received: host=[local]
2026-01-07 04:20:22.366 GMT [28044] user=[unknown] db=[unknown] app=[unknown] client=[local] LOG:  connection received: host=[local]
2026-01-07 04:20:32.449 GMT [28052] user=[unknown] db=[unknown] app=[unknown] client=[local] LOG:  connection received: host=[local]
2026-01-07 04:20:42.568 GMT [28059] user=[unknown] db=[unknown] app=[unknown] client=[local] LOG:  connection received: host=[local]
2026-01-07 04:20:52.663 GMT [28067] user=[unknown] db=[unknown] app=[unknown] client=[local] LOG:  connection received: host=[local]
2026-01-07 04:21:02.813 GMT [28074] user=[unknown] db=[unknown] app=[unknown] client=[local] LOG:  connection received: host=[local]
2026-01-07 04:21:12.916 GMT [28082] user=[unknown] db=[unknown] app=[unknown] client=[local] LOG:  connection received: host=[local]
2026-01-07 04:21:23.026 GMT [28089] user=[unknown] db=[unknown] app=[unknown] client=[local] LOG:  connection received: host=[local]
2026-01-07 04:21:33.155 GMT [28097] user=[unknown] db=[unknown] app=[unknown] client=[local] LOG:  connection received: host=[local]
2026-01-07 04:21:43.246 GMT [28104] user=[unknown] db=[unknown] app=[unknown] client=[local] LOG:  connection received: host=[local]
2026-01-07 04:21:53.325 GMT [28112] user=[unknown] db=[unknown] app=[unknown] client=[local] LOG:  connection received: host=[local]
2026-01-07 04:22:03.443 GMT [28119] user=[unknown] db=[unknown] app=[unknown] client=[local] LOG:  connection received: host=[local]
2026-01-07 04:22:13.556 GMT [28127] user=[unknown] db=[unknown] app=[unknown] client=[local] LOG:  connection received: host=[local]
2026-01-07 04:22:23.654 GMT [28134] user=[unknown] db=[unknown] app=[unknown] client=[local] LOG:  connection received: host=[local]
2026-01-07 04:22:33.776 GMT [28142] user=[unknown] db=[unknown] app=[unknown] client=[local] LOG:  connection received: host=[local]
2026-01-07 04:22:43.905 GMT [28149] user=[unknown] db=[unknown] app=[unknown] client=[local] LOG:  connection received: host=[local]
2026-01-07 04:22:54.029 GMT [28157] user=[unknown] db=[unknown] app=[unknown] client=[local] LOG:  connection received: host=[local]
2026-01-07 04:23:04.140 GMT [28164] user=[unknown] db=[unknown] app=[unknown] client=[local] LOG:  connection received: host=[local]
2026-01-07 04:23:14.264 GMT [28172] user=[unknown] db=[unknown] app=[unknown] client=[local] LOG:  connection received: host=[local]
2026-01-07 04:23:24.356 GMT [28179] user=[unknown] db=[unknown] app=[unknown] client=[local] LOG:  connection received: host=[local]
2026-01-07 04:23:34.482 GMT [28187] user=[unknown] db=[unknown] app=[unknown] client=[local] LOG:  connection received: host=[local]
2026-01-07 04:23:44.616 GMT [28194] user=[unknown] db=[unknown] app=[unknown] client=[local] LOG:  connection received: host=[local]
2026-01-07 04:23:54.716 GMT [28202] user=[unknown] db=[unknown] app=[unknown] client=[local] LOG:  connection received: host=[local]
2026-01-07 04:24:04.877 GMT [28210] user=[unknown] db=[unknown] app=[unknown] client=[local] LOG:  connection received: host=[local]
2026-01-07 04:24:14.993 GMT [28219] user=[unknown] db=[unknown] app=[unknown] client=[local] LOG:  connection received: host=[local]
2026-01-07 04:24:25.108 GMT [28226] user=[unknown] db=[unknown] app=[unknown] client=[local] LOG:  connection received: host=[local]
2026-01-07 04:24:35.221 GMT [28234] user=[unknown] db=[unknown] app=[unknown] client=[local] LOG:  connection received: host=[local]
2026-01-07 04:24:45.382 GMT [28241] user=[unknown] db=[unknown] app=[unknown] client=[local] LOG:  connection received: host=[local]
2026-01-07 04:24:55.490 GMT [28249] user=[unknown] db=[unknown] app=[unknown] client=[local] LOG:  connection received: host=[local]
2026-01-07 04:25:05.645 GMT [28256] user=[unknown] db=[unknown] app=[unknown] client=[local] LOG:  connection received: host=[local]
2026-01-07 04:25:15.743 GMT [28265] user=[unknown] db=[unknown] app=[unknown] client=[local] LOG:  connection received: host=[local]
2026-01-07 04:25:25.871 GMT [28272] user=[unknown] db=[unknown] app=[unknown] client=[local] LOG:  connection received: host=[local]
2026-01-07 04:25:36.015 GMT [28280] user=[unknown] db=[unknown] app=[unknown] client=[local] LOG:  connection received: host=[local]
2026-01-07 04:25:46.158 GMT [28287] user=[unknown] db=[unknown] app=[unknown] client=[local] LOG:  connection received: host=[local]
2026-01-07 04:25:56.296 GMT [28295] user=[unknown] db=[unknown] app=[unknown] client=[local] LOG:  connection received: host=[local]
2026-01-07 04:26:06.412 GMT [28302] user=[unknown] db=[unknown] app=[unknown] client=[local] LOG:  connection received: host=[local]
2026-01-07 04:26:16.536 GMT [28310] user=[unknown] db=[unknown] app=[unknown] client=[local] LOG:  connection received: host=[local]
2026-01-07 04:26:26.667 GMT [28317] user=[unknown] db=[unknown] app=[unknown] client=[local] LOG:  connection received: host=[local]
2026-01-07 04:26:36.783 GMT [28325] user=[unknown] db=[unknown] app=[unknown] client=[local] LOG:  connection received: host=[local]
2026-01-07 04:26:46.893 GMT [28332] user=[unknown] db=[unknown] app=[unknown] client=[local] LOG:  connection received: host=[local]
2026-01-07 04:26:57.047 GMT [28340] user=[unknown] db=[unknown] app=[unknown] client=[local] LOG:  connection received: host=[local]
2026-01-07 04:27:07.170 GMT [28347] user=[unknown] db=[unknown] app=[unknown] client=[local] LOG:  connection received: host=[local]
2026-01-07 04:27:17.273 GMT [28355] user=[unknown] db=[unknown] app=[unknown] client=[local] LOG:  connection received: host=[local]
2026-01-07 04:27:27.365 GMT [28362] user=[unknown] db=[unknown] app=[unknown] client=[local] LOG:  connection received: host=[local]
2026-01-07 04:27:37.509 GMT [28370] user=[unknown] db=[unknown] app=[unknown] client=[local] LOG:  connection received: host=[local]
2026-01-07 04:27:47.650 GMT [28377] user=[unknown] db=[unknown] app=[unknown] client=[local] LOG:  connection received: host=[local]
2026-01-07 04:27:57.845 GMT [28385] user=[unknown] db=[unknown] app=[unknown] client=[local] LOG:  connection received: host=[local]
2026-01-07 04:28:07.948 GMT [28392] user=[unknown] db=[unknown] app=[unknown] client=[local] LOG:  connection received: host=[local]
2026-01-07 04:28:18.046 GMT [28400] user=[unknown] db=[unknown] app=[unknown] client=[local] LOG:  connection received: host=[local]
2026-01-07 04:28:28.160 GMT [28407] user=[unknown] db=[unknown] app=[unknown] client=[local] LOG:  connection received: host=[local]
2026-01-07 04:28:38.324 GMT [28415] user=[unknown] db=[unknown] app=[unknown] client=[local] LOG:  connection received: host=[local]
2026-01-07 04:28:48.486 GMT [28423] user=[unknown] db=[unknown] app=[unknown] client=[local] LOG:  connection received: host=[local]
2026-01-07 04:28:58.601 GMT [28430] user=[unknown] db=[unknown] app=[unknown] client=[local] LOG:  connection received: host=[local]
2026-01-07 04:29:08.686 GMT [28437] user=[unknown] db=[unknown] app=[unknown] client=[local] LOG:  connection received: host=[local]
2026-01-07 04:29:18.804 GMT [28445] user=[unknown] db=[unknown] app=[unknown] client=[local] LOG:  connection received: host=[local]
2026-01-07 04:29:28.985 GMT [28452] user=[unknown] db=[unknown] app=[unknown] client=[local] LOG:  connection received: host=[local]
2026-01-07 04:29:39.086 GMT [28461] user=[unknown] db=[unknown] app=[unknown] client=[local] LOG:  connection received: host=[local]
2026-01-07 04:29:49.216 GMT [28469] user=[unknown] db=[unknown] app=[unknown] client=[local] LOG:  connection received: host=[local]
2026-01-07 04:29:59.441 GMT [28477] user=[unknown] db=[unknown] app=[unknown] client=[local] LOG:  connection received: host=[local]
2026-01-07 04:30:09.546 GMT [28484] user=[unknown] db=[unknown] app=[unknown] client=[local] LOG:  connection received: host=[local]
2026-01-07 04:30:19.653 GMT [28492] user=[unknown] db=[unknown] app=[unknown] client=[local] LOG:  connection received: host=[local]
2026-01-07 04:30:29.746 GMT [28499] user=[unknown] db=[unknown] app=[unknown] client=[local] LOG:  connection received: host=[local]
2026-01-07 04:30:39.896 GMT [28507] user=[unknown] db=[unknown] app=[unknown] client=[local] LOG:  connection received: host=[local]
2026-01-07 04:30:50.046 GMT [28515] user=[unknown] db=[unknown] app=[unknown] client=[local] LOG:  connection received: host=[local]
2026-01-07 04:31:00.155 GMT [28522] user=[unknown] db=[unknown] app=[unknown] client=[local] LOG:  connection received: host=[local]
2026-01-07 04:31:10.288 GMT [28529] user=[unknown] db=[unknown] app=[unknown] client=[local] LOG:  connection received: host=[local]
2026-01-07 04:31:20.403 GMT [28537] user=[unknown] db=[unknown] app=[unknown] client=[local] LOG:  connection received: host=[local]
2026-01-07 04:31:30.563 GMT [28544] user=[unknown] db=[unknown] app=[unknown] client=[local] LOG:  connection received: host=[local]
2026-01-07 04:31:40.678 GMT [28552] user=[unknown] db=[unknown] app=[unknown] client=[local] LOG:  connection received: host=[local]
2026-01-07 04:31:50.843 GMT [28560] user=[unknown] db=[unknown] app=[unknown] client=[local] LOG:  connection received: host=[local]
2026-01-07 04:32:01.015 GMT [28567] user=[unknown] db=[unknown] app=[unknown] client=[local] LOG:  connection received: host=[local]
2026-01-07 04:32:11.120 GMT [28575] user=[unknown] db=[unknown] app=[unknown] client=[local] LOG:  connection received: host=[local]
2026-01-07 04:32:21.235 GMT [28582] user=[unknown] db=[unknown] app=[unknown] client=[local] LOG:  connection received: host=[local]
2026-01-07 04:32:31.427 GMT [28589] user=[unknown] db=[unknown] app=[unknown] client=[local] LOG:  connection received: host=[local]
2026-01-07 04:32:41.554 GMT [28597] user=[unknown] db=[unknown] app=[unknown] client=[local] LOG:  connection received: host=[local]
2026-01-07 04:32:51.684 GMT [28605] user=[unknown] db=[unknown] app=[unknown] client=[local] LOG:  connection received: host=[local]
2026-01-07 04:33:01.866 GMT [28612] user=[unknown] db=[unknown] app=[unknown] client=[local] LOG:  connection received: host=[local]
2026-01-07 04:33:11.957 GMT [28620] user=[unknown] db=[unknown] app=[unknown] client=[local] LOG:  connection received: host=[local]
2026-01-07 04:33:22.047 GMT [28627] user=[unknown] db=[unknown] app=[unknown] client=[local] LOG:  connection received: host=[local]
2026-01-07 04:33:32.221 GMT [28635] user=[unknown] db=[unknown] app=[unknown] client=[local] LOG:  connection received: host=[local]
2026-01-07 04:33:42.331 GMT [28642] user=[unknown] db=[unknown] app=[unknown] client=[local] LOG:  connection received: host=[local]
2026-01-07 04:33:52.474 GMT [28650] user=[unknown] db=[unknown] app=[unknown] client=[local] LOG:  connection received: host=[local]
2026-01-07 04:34:02.593 GMT [28658] user=[unknown] db=[unknown] app=[unknown] client=[local] LOG:  connection received: host=[local]
2026-01-07 04:34:12.710 GMT [28666] user=[unknown] db=[unknown] app=[unknown] client=[local] LOG:  connection received: host=[local]
2026-01-07 04:34:22.810 GMT [28673] user=[unknown] db=[unknown] app=[unknown] client=[local] LOG:  connection received: host=[local]
2026-01-07 04:34:32.980 GMT [28681] user=[unknown] db=[unknown] app=[unknown] client=[local] LOG:  connection received: host=[local]
2026-01-07 04:34:43.068 GMT [28688] user=[unknown] db=[unknown] app=[unknown] client=[local] LOG:  connection received: host=[local]
2026-01-07 04:34:53.182 GMT [28696] user=[unknown] db=[unknown] app=[unknown] client=[local] LOG:  connection received: host=[local]
2026-01-07 04:35:03.319 GMT [28703] user=[unknown] db=[unknown] app=[unknown] client=[local] LOG:  connection received: host=[local]
2026-01-07 04:35:13.430 GMT [28712] user=[unknown] db=[unknown] app=[unknown] client=[local] LOG:  connection received: host=[local]
2026-01-07 04:35:23.561 GMT [28719] user=[unknown] db=[unknown] app=[unknown] client=[local] LOG:  connection received: host=[local]
2026-01-07 04:35:33.762 GMT [28727] user=[unknown] db=[unknown] app=[unknown] client=[local] LOG:  connection received: host=[local]
2026-01-07 04:35:43.882 GMT [28734] user=[unknown] db=[unknown] app=[unknown] client=[local] LOG:  connection received: host=[local]
2026-01-07 04:35:54.021 GMT [28742] user=[unknown] db=[unknown] app=[unknown] client=[local] LOG:  connection received: host=[local]
2026-01-07 04:36:04.173 GMT [28749] user=[unknown] db=[unknown] app=[unknown] client=[local] LOG:  connection received: host=[local]
2026-01-07 04:36:14.269 GMT [28757] user=[unknown] db=[unknown] app=[unknown] client=[local] LOG:  connection received: host=[local]
2026-01-07 04:36:24.355 GMT [28764] user=[unknown] db=[unknown] app=[unknown] client=[local] LOG:  connection received: host=[local]
2026-01-07 04:36:34.485 GMT [28772] user=[unknown] db=[unknown] app=[unknown] client=[local] LOG:  connection received: host=[local]
2026-01-07 04:36:44.611 GMT [28779] user=[unknown] db=[unknown] app=[unknown] client=[local] LOG:  connection received: host=[local]
2026-01-07 04:36:54.704 GMT [28787] user=[unknown] db=[unknown] app=[unknown] client=[local] LOG:  connection received: host=[local]
2026-01-07 04:37:04.825 GMT [28794] user=[unknown] db=[unknown] app=[unknown] client=[local] LOG:  connection received: host=[local]
2026-01-07 04:37:14.999 GMT [28802] user=[unknown] db=[unknown] app=[unknown] client=[local] LOG:  connection received: host=[local]
2026-01-07 04:37:25.075 GMT [28809] user=[unknown] db=[unknown] app=[unknown] client=[local] LOG:  connection received: host=[local]
2026-01-07 04:37:35.221 GMT [28817] user=[unknown] db=[unknown] app=[unknown] client=[local] LOG:  connection received: host=[local]
2026-01-07 04:37:45.365 GMT [28824] user=[unknown] db=[unknown] app=[unknown] client=[local] LOG:  connection received: host=[local]
2026-01-07 04:37:55.435 GMT [28832] user=[unknown] db=[unknown] app=[unknown] client=[local] LOG:  connection received: host=[local]
2026-01-07 04:38:05.579 GMT [28839] user=[unknown] db=[unknown] app=[unknown] client=[local] LOG:  connection received: host=[local]
2026-01-07 04:38:15.724 GMT [28847] user=[unknown] db=[unknown] app=[unknown] client=[local] LOG:  connection received: host=[local]
2026-01-07 04:38:25.833 GMT [28855] user=[unknown] db=[unknown] app=[unknown] client=[local] LOG:  connection received: host=[local]
2026-01-07 04:38:36.016 GMT [28863] user=[unknown] db=[unknown] app=[unknown] client=[local] LOG:  connection received: host=[local]
2026-01-07 04:38:46.128 GMT [28870] user=[unknown] db=[unknown] app=[unknown] client=[local] LOG:  connection received: host=[local]
2026-01-07 04:38:56.233 GMT [28878] user=[unknown] db=[unknown] app=[unknown] client=[local] LOG:  connection received: host=[local]
2026-01-07 04:39:06.364 GMT [28885] user=[unknown] db=[unknown] app=[unknown] client=[local] LOG:  connection received: host=[local]
2026-01-07 04:39:16.480 GMT [28893] user=[unknown] db=[unknown] app=[unknown] client=[local] LOG:  connection received: host=[local]
2026-01-07 04:39:26.569 GMT [28900] user=[unknown] db=[unknown] app=[unknown] client=[local] LOG:  connection received: host=[local]
2026-01-07 04:39:36.697 GMT [28908] user=[unknown] db=[unknown] app=[unknown] client=[local] LOG:  connection received: host=[local]
2026-01-07 04:39:46.821 GMT [28916] user=[unknown] db=[unknown] app=[unknown] client=[local] LOG:  connection received: host=[local]
2026-01-07 04:39:56.971 GMT [28924] user=[unknown] db=[unknown] app=[unknown] client=[local] LOG:  connection received: host=[local]
2026-01-07 04:40:07.159 GMT [28931] user=[unknown] db=[unknown] app=[unknown] client=[local] LOG:  connection received: host=[local]
2026-01-07 04:40:17.240 GMT [28939] user=[unknown] db=[unknown] app=[unknown] client=[local] LOG:  connection received: host=[local]
2026-01-07 04:40:27.389 GMT [28947] user=[unknown] db=[unknown] app=[unknown] client=[local] LOG:  connection received: host=[local]
2026-01-07 04:40:37.549 GMT [28955] user=[unknown] db=[unknown] app=[unknown] client=[local] LOG:  connection received: host=[local]
2026-01-07 04:40:47.662 GMT [28963] user=[unknown] db=[unknown] app=[unknown] client=[local] LOG:  connection received: host=[local]
2026-01-07 04:40:57.804 GMT [28971] user=[unknown] db=[unknown] app=[unknown] client=[local] LOG:  connection received: host=[local]
2026-01-07 04:41:07.956 GMT [28978] user=[unknown] db=[unknown] app=[unknown] client=[local] LOG:  connection received: host=[local]
2026-01-07 04:41:18.043 GMT [28986] user=[unknown] db=[unknown] app=[unknown] client=[local] LOG:  connection received: host=[local]
2026-01-07 04:41:28.188 GMT [28993] user=[unknown] db=[unknown] app=[unknown] client=[local] LOG:  connection received: host=[local]
2026-01-07 04:41:38.360 GMT [29001] user=[unknown] db=[unknown] app=[unknown] client=[local] LOG:  connection received: host=[local]
2026-01-07 04:41:48.472 GMT [29008] user=[unknown] db=[unknown] app=[unknown] client=[local] LOG:  connection received: host=[local]
2026-01-07 04:41:58.572 GMT [29016] user=[unknown] db=[unknown] app=[unknown] client=[local] LOG:  connection received: host=[local]
2026-01-07 04:42:08.743 GMT [29023] user=[unknown] db=[unknown] app=[unknown] client=[local] LOG:  connection received: host=[local]
2026-01-07 04:42:18.862 GMT [29032] user=[unknown] db=[unknown] app=[unknown] client=[local] LOG:  connection received: host=[local]
2026-01-07 04:42:28.988 GMT [29039] user=[unknown] db=[unknown] app=[unknown] client=[local] LOG:  connection received: host=[local]
2026-01-07 04:42:39.145 GMT [29047] user=[unknown] db=[unknown] app=[unknown] client=[local] LOG:  connection received: host=[local]
2026-01-07 04:42:49.247 GMT [29055] user=[unknown] db=[unknown] app=[unknown] client=[local] LOG:  connection received: host=[local]
2026-01-07 04:42:59.436 GMT [29062] user=[unknown] db=[unknown] app=[unknown] client=[local] LOG:  connection received: host=[local]
2026-01-07 04:43:09.563 GMT [29069] user=[unknown] db=[unknown] app=[unknown] client=[local] LOG:  connection received: host=[local]
2026-01-07 04:43:19.667 GMT [29077] user=[unknown] db=[unknown] app=[unknown] client=[local] LOG:  connection received: host=[local]
2026-01-07 04:43:29.806 GMT [29084] user=[unknown] db=[unknown] app=[unknown] client=[local] LOG:  connection received: host=[local]
2026-01-07 04:43:39.922 GMT [29092] user=[unknown] db=[unknown] app=[unknown] client=[local] LOG:  connection received: host=[local]
2026-01-07 04:43:50.022 GMT [29100] user=[unknown] db=[unknown] app=[unknown] client=[local] LOG:  connection received: host=[local]
2026-01-07 04:44:00.172 GMT [29107] user=[unknown] db=[unknown] app=[unknown] client=[local] LOG:  connection received: host=[local]
2026-01-07 04:44:10.260 GMT [29114] user=[unknown] db=[unknown] app=[unknown] client=[local] LOG:  connection received: host=[local]
2026-01-07 04:44:20.338 GMT [29122] user=[unknown] db=[unknown] app=[unknown] client=[local] LOG:  connection received: host=[local]
2026-01-07 04:44:30.499 GMT [29129] user=[unknown] db=[unknown] app=[unknown] client=[local] LOG:  connection received: host=[local]
2026-01-07 04:44:40.638 GMT [29137] user=[unknown] db=[unknown] app=[unknown] client=[local] LOG:  connection received: host=[local]
2026-01-07 04:44:50.800 GMT [29145] user=[unknown] db=[unknown] app=[unknown] client=[local] LOG:  connection received: host=[local]
2026-01-07 04:45:00.949 GMT [29152] user=[unknown] db=[unknown] app=[unknown] client=[local] LOG:  connection received: host=[local]
2026-01-07 04:45:11.037 GMT [29159] user=[unknown] db=[unknown] app=[unknown] client=[local] LOG:  connection received: host=[local]
2026-01-07 04:45:21.147 GMT [29167] user=[unknown] db=[unknown] app=[unknown] client=[local] LOG:  connection received: host=[local]
2026-01-07 04:45:31.280 GMT [29174] user=[unknown] db=[unknown] app=[unknown] client=[local] LOG:  connection received: host=[local]
2026-01-07 04:45:41.386 GMT [29182] user=[unknown] db=[unknown] app=[unknown] client=[local] LOG:  connection received: host=[local]
2026-01-07 04:45:51.522 GMT [29190] user=[unknown] db=[unknown] app=[unknown] client=[local] LOG:  connection received: host=[local]
2026-01-07 04:46:01.673 GMT [29197] user=[unknown] db=[unknown] app=[unknown] client=[local] LOG:  connection received: host=[local]
2026-01-07 04:46:11.754 GMT [29205] user=[unknown] db=[unknown] app=[unknown] client=[local] LOG:  connection received: host=[local]
2026-01-07 04:46:21.858 GMT [29212] user=[unknown] db=[unknown] app=[unknown] client=[local] LOG:  connection received: host=[local]
2026-01-07 04:46:31.997 GMT [29219] user=[unknown] db=[unknown] app=[unknown] client=[local] LOG:  connection received: host=[local]
2026-01-07 04:46:42.114 GMT [29227] user=[unknown] db=[unknown] app=[unknown] client=[local] LOG:  connection received: host=[local]
2026-01-07 04:46:52.200 GMT [29235] user=[unknown] db=[unknown] app=[unknown] client=[local] LOG:  connection received: host=[local]
2026-01-07 04:47:02.350 GMT [29243] user=[unknown] db=[unknown] app=[unknown] client=[local] LOG:  connection received: host=[local]
2026-01-07 04:47:12.431 GMT [29251] user=[unknown] db=[unknown] app=[unknown] client=[local] LOG:  connection received: host=[local]
2026-01-07 04:47:22.526 GMT [29258] user=[unknown] db=[unknown] app=[unknown] client=[local] LOG:  connection received: host=[local]
2026-01-07 04:47:32.676 GMT [29265] user=[unknown] db=[unknown] app=[unknown] client=[local] LOG:  connection received: host=[local]
2026-01-07 04:47:42.763 GMT [29273] user=[unknown] db=[unknown] app=[unknown] client=[local] LOG:  connection received: host=[local]
2026-01-07 04:47:52.954 GMT [29281] user=[unknown] db=[unknown] app=[unknown] client=[local] LOG:  connection received: host=[local]
2026-01-07 04:48:03.143 GMT [29288] user=[unknown] db=[unknown] app=[unknown] client=[local] LOG:  connection received: host=[local]
2026-01-07 04:48:13.321 GMT [29296] user=[unknown] db=[unknown] app=[unknown] client=[local] LOG:  connection received: host=[local]
2026-01-07 04:48:23.408 GMT [29303] user=[unknown] db=[unknown] app=[unknown] client=[local] LOG:  connection received: host=[local]
2026-01-07 04:48:33.612 GMT [29311] user=[unknown] db=[unknown] app=[unknown] client=[local] LOG:  connection received: host=[local]
2026-01-07 04:48:43.780 GMT [29318] user=[unknown] db=[unknown] app=[unknown] client=[local] LOG:  connection received: host=[local]
2026-01-07 04:48:53.898 GMT [29326] user=[unknown] db=[unknown] app=[unknown] client=[local] LOG:  connection received: host=[local]
2026-01-07 04:49:04.154 GMT [29333] user=[unknown] db=[unknown] app=[unknown] client=[local] LOG:  connection received: host=[local]
2026-01-07 04:49:14.314 GMT [29341] user=[unknown] db=[unknown] app=[unknown] client=[local] LOG:  connection received: host=[local]
2026-01-07 04:49:24.426 GMT [29348] user=[unknown] db=[unknown] app=[unknown] client=[local] LOG:  connection received: host=[local]
2026-01-07 04:49:34.553 GMT [29356] user=[unknown] db=[unknown] app=[unknown] client=[local] LOG:  connection received: host=[local]
2026-01-07 04:49:44.683 GMT [29363] user=[unknown] db=[unknown] app=[unknown] client=[local] LOG:  connection received: host=[local]
2026-01-07 04:49:54.836 GMT [29371] user=[unknown] db=[unknown] app=[unknown] client=[local] LOG:  connection received: host=[local]
2026-01-07 04:50:05.014 GMT [29378] user=[unknown] db=[unknown] app=[unknown] client=[local] LOG:  connection received: host=[local]
2026-01-07 04:50:15.156 GMT [29386] user=[unknown] db=[unknown] app=[unknown] client=[local] LOG:  connection received: host=[local]
2026-01-07 04:50:25.289 GMT [29393] user=[unknown] db=[unknown] app=[unknown] client=[local] LOG:  connection received: host=[local]
2026-01-07 04:50:35.433 GMT [29401] user=[unknown] db=[unknown] app=[unknown] client=[local] LOG:  connection received: host=[local]
2026-01-07 04:50:45.553 GMT [29408] user=[unknown] db=[unknown] app=[unknown] client=[local] LOG:  connection received: host=[local]
2026-01-07 04:50:55.673 GMT [29416] user=[unknown] db=[unknown] app=[unknown] client=[local] LOG:  connection received: host=[local]
2026-01-07 04:51:05.865 GMT [29423] user=[unknown] db=[unknown] app=[unknown] client=[local] LOG:  connection received: host=[local]
2026-01-07 04:51:15.974 GMT [29431] user=[unknown] db=[unknown] app=[unknown] client=[local] LOG:  connection received: host=[local]
2026-01-07 04:51:26.055 GMT [29438] user=[unknown] db=[unknown] app=[unknown] client=[local] LOG:  connection received: host=[local]
2026-01-07 04:51:36.178 GMT [29446] user=[unknown] db=[unknown] app=[unknown] client=[local] LOG:  connection received: host=[local]
2026-01-07 04:51:46.272 GMT [29453] user=[unknown] db=[unknown] app=[unknown] client=[local] LOG:  connection received: host=[local]
2026-01-07 04:51:56.383 GMT [29461] user=[unknown] db=[unknown] app=[unknown] client=[local] LOG:  connection received: host=[local]
2026-01-07 04:52:06.532 GMT [29468] user=[unknown] db=[unknown] app=[unknown] client=[local] LOG:  connection received: host=[local]
2026-01-07 04:52:16.697 GMT [29476] user=[unknown] db=[unknown] app=[unknown] client=[local] LOG:  connection received: host=[local]
2026-01-07 04:52:26.811 GMT [29483] user=[unknown] db=[unknown] app=[unknown] client=[local] LOG:  connection received: host=[local]
2026-01-07 04:52:36.992 GMT [29491] user=[unknown] db=[unknown] app=[unknown] client=[local] LOG:  connection received: host=[local]
2026-01-07 04:52:47.080 GMT [29499] user=[unknown] db=[unknown] app=[unknown] client=[local] LOG:  connection received: host=[local]
2026-01-07 04:52:57.222 GMT [29507] user=[unknown] db=[unknown] app=[unknown] client=[local] LOG:  connection received: host=[local]
2026-01-07 04:53:07.363 GMT [29514] user=[unknown] db=[unknown] app=[unknown] client=[local] LOG:  connection received: host=[local]
2026-01-07 04:53:17.492 GMT [29522] user=[unknown] db=[unknown] app=[unknown] client=[local] LOG:  connection received: host=[local]
2026-01-07 04:53:27.668 GMT [29530] user=[unknown] db=[unknown] app=[unknown] client=[local] LOG:  connection received: host=[local]
2026-01-07 04:53:37.860 GMT [29538] user=[unknown] db=[unknown] app=[unknown] client=[local] LOG:  connection received: host=[local]
2026-01-07 04:53:48.054 GMT [29545] user=[unknown] db=[unknown] app=[unknown] client=[local] LOG:  connection received: host=[local]
2026-01-07 04:53:58.233 GMT [29553] user=[unknown] db=[unknown] app=[unknown] client=[local] LOG:  connection received: host=[local]
2026-01-07 04:54:08.398 GMT [29560] user=[unknown] db=[unknown] app=[unknown] client=[local] LOG:  connection received: host=[local]
2026-01-07 04:54:18.558 GMT [29568] user=[unknown] db=[unknown] app=[unknown] client=[local] LOG:  connection received: host=[local]
2026-01-07 04:54:28.678 GMT [29575] user=[unknown] db=[unknown] app=[unknown] client=[local] LOG:  connection received: host=[local]
2026-01-07 04:54:38.775 GMT [29583] user=[unknown] db=[unknown] app=[unknown] client=[local] LOG:  connection received: host=[local]
2026-01-07 04:54:48.868 GMT [29591] user=[unknown] db=[unknown] app=[unknown] client=[local] LOG:  connection received: host=[local]
2026-01-07 04:54:58.978 GMT [29598] user=[unknown] db=[unknown] app=[unknown] client=[local] LOG:  connection received: host=[local]
2026-01-07 04:55:09.158 GMT [29605] user=[unknown] db=[unknown] app=[unknown] client=[local] LOG:  connection received: host=[local]
2026-01-07 04:55:19.269 GMT [29613] user=[unknown] db=[unknown] app=[unknown] client=[local] LOG:  connection received: host=[local]
2026-01-07 04:55:29.370 GMT [29620] user=[unknown] db=[unknown] app=[unknown] client=[local] LOG:  connection received: host=[local]
2026-01-07 04:55:39.538 GMT [29628] user=[unknown] db=[unknown] app=[unknown] client=[local] LOG:  connection received: host=[local]
2026-01-07 04:55:49.693 GMT [29637] user=[unknown] db=[unknown] app=[unknown] client=[local] LOG:  connection received: host=[local]
2026-01-07 04:55:59.828 GMT [29644] user=[unknown] db=[unknown] app=[unknown] client=[local] LOG:  connection received: host=[local]
2026-01-07 04:56:09.986 GMT [29651] user=[unknown] db=[unknown] app=[unknown] client=[local] LOG:  connection received: host=[local]
2026-01-07 04:56:20.143 GMT [29659] user=[unknown] db=[unknown] app=[unknown] client=[local] LOG:  connection received: host=[local]
2026-01-07 04:56:30.323 GMT [29666] user=[unknown] db=[unknown] app=[unknown] client=[local] LOG:  connection received: host=[local]
2026-01-07 04:56:40.488 GMT [29674] user=[unknown] db=[unknown] app=[unknown] client=[local] LOG:  connection received: host=[local]
2026-01-07 04:56:50.622 GMT [29682] user=[unknown] db=[unknown] app=[unknown] client=[local] LOG:  connection received: host=[local]
2026-01-07 04:57:00.731 GMT [29689] user=[unknown] db=[unknown] app=[unknown] client=[local] LOG:  connection received: host=[local]
2026-01-07 04:57:10.834 GMT [29696] user=[unknown] db=[unknown] app=[unknown] client=[local] LOG:  connection received: host=[local]
2026-01-07 04:57:20.920 GMT [29704] user=[unknown] db=[unknown] app=[unknown] client=[local] LOG:  connection received: host=[local]
2026-01-07 04:57:31.089 GMT [29711] user=[unknown] db=[unknown] app=[unknown] client=[local] LOG:  connection received: host=[local]
2026-01-07 04:57:41.194 GMT [29719] user=[unknown] db=[unknown] app=[unknown] client=[local] LOG:  connection received: host=[local]
2026-01-07 04:57:51.323 GMT [29727] user=[unknown] db=[unknown] app=[unknown] client=[local] LOG:  connection received: host=[local]
2026-01-07 04:58:01.518 GMT [29734] user=[unknown] db=[unknown] app=[unknown] client=[local] LOG:  connection received: host=[local]
2026-01-07 04:58:11.643 GMT [29741] user=[unknown] db=[unknown] app=[unknown] client=[local] LOG:  connection received: host=[local]
2026-01-07 04:58:21.743 GMT [29749] user=[unknown] db=[unknown] app=[unknown] client=[local] LOG:  connection received: host=[local]
2026-01-07 04:58:31.918 GMT [29756] user=[unknown] db=[unknown] app=[unknown] client=[local] LOG:  connection received: host=[local]
2026-01-07 04:58:42.060 GMT [29764] user=[unknown] db=[unknown] app=[unknown] client=[local] LOG:  connection received: host=[local]
2026-01-07 04:58:52.216 GMT [29772] user=[unknown] db=[unknown] app=[unknown] client=[local] LOG:  connection received: host=[local]
2026-01-07 04:59:02.332 GMT [29779] user=[unknown] db=[unknown] app=[unknown] client=[local] LOG:  connection received: host=[local]
2026-01-07 04:59:12.513 GMT [29787] user=[unknown] db=[unknown] app=[unknown] client=[local] LOG:  connection received: host=[local]
2026-01-07 04:59:22.616 GMT [29794] user=[unknown] db=[unknown] app=[unknown] client=[local] LOG:  connection received: host=[local]
2026-01-07 04:59:32.737 GMT [29801] user=[unknown] db=[unknown] app=[unknown] client=[local] LOG:  connection received: host=[local]
2026-01-07 04:59:42.840 GMT [29809] user=[unknown] db=[unknown] app=[unknown] client=[local] LOG:  connection received: host=[local]
2026-01-07 04:59:52.991 GMT [29817] user=[unknown] db=[unknown] app=[unknown] client=[local] LOG:  connection received: host=[local]
2026-01-07 05:00:03.144 GMT [29824] user=[unknown] db=[unknown] app=[unknown] client=[local] LOG:  connection received: host=[local]
2026-01-07 05:00:13.266 GMT [29832] user=[unknown] db=[unknown] app=[unknown] client=[local] LOG:  connection received: host=[local]
2026-01-07 05:00:23.395 GMT [29839] user=[unknown] db=[unknown] app=[unknown] client=[local] LOG:  connection received: host=[local]
2026-01-07 05:00:33.533 GMT [29846] user=[unknown] db=[unknown] app=[unknown] client=[local] LOG:  connection received: host=[local]
2026-01-07 05:00:43.666 GMT [29854] user=[unknown] db=[unknown] app=[unknown] client=[local] LOG:  connection received: host=[local]
2026-01-07 05:00:53.931 GMT [29862] user=[unknown] db=[unknown] app=[unknown] client=[local] LOG:  connection received: host=[local]
2026-01-07 05:01:04.104 GMT [29869] user=[unknown] db=[unknown] app=[unknown] client=[local] LOG:  connection received: host=[local]
2026-01-07 05:01:14.227 GMT [29877] user=[unknown] db=[unknown] app=[unknown] client=[local] LOG:  connection received: host=[local]
2026-01-07 05:01:24.364 GMT [29884] user=[unknown] db=[unknown] app=[unknown] client=[local] LOG:  connection received: host=[local]
2026-01-07 05:01:34.510 GMT [29892] user=[unknown] db=[unknown] app=[unknown] client=[local] LOG:  connection received: host=[local]
2026-01-07 05:01:44.653 GMT [29899] user=[unknown] db=[unknown] app=[unknown] client=[local] LOG:  connection received: host=[local]
2026-01-07 05:01:54.806 GMT [29907] user=[unknown] db=[unknown] app=[unknown] client=[local] LOG:  connection received: host=[local]
2026-01-07 05:02:05.044 GMT [29914] user=[unknown] db=[unknown] app=[unknown] client=[local] LOG:  connection received: host=[local]
2026-01-07 05:02:15.252 GMT [29922] user=[unknown] db=[unknown] app=[unknown] client=[local] LOG:  connection received: host=[local]
2026-01-07 05:02:25.455 GMT [29929] user=[unknown] db=[unknown] app=[unknown] client=[local] LOG:  connection received: host=[local]
2026-01-07 05:02:35.640 GMT [29937] user=[unknown] db=[unknown] app=[unknown] client=[local] LOG:  connection received: host=[local]
2026-01-07 05:02:45.773 GMT [29944] user=[unknown] db=[unknown] app=[unknown] client=[local] LOG:  connection received: host=[local]
2026-01-07 05:02:55.926 GMT [29952] user=[unknown] db=[unknown] app=[unknown] client=[local] LOG:  connection received: host=[local]
2026-01-07 05:03:06.113 GMT [29959] user=[unknown] db=[unknown] app=[unknown] client=[local] LOG:  connection received: host=[local]
2026-01-07 05:03:16.270 GMT [29967] user=[unknown] db=[unknown] app=[unknown] client=[local] LOG:  connection received: host=[local]
2026-01-07 05:03:26.392 GMT [29974] user=[unknown] db=[unknown] app=[unknown] client=[local] LOG:  connection received: host=[local]
2026-01-07 05:03:36.541 GMT [29982] user=[unknown] db=[unknown] app=[unknown] client=[local] LOG:  connection received: host=[local]
2026-01-07 05:03:46.629 GMT [29989] user=[unknown] db=[unknown] app=[unknown] client=[local] LOG:  connection received: host=[local]
2026-01-07 05:03:56.770 GMT [29997] user=[unknown] db=[unknown] app=[unknown] client=[local] LOG:  connection received: host=[local]
2026-01-07 05:04:06.995 GMT [30004] user=[unknown] db=[unknown] app=[unknown] client=[local] LOG:  connection received: host=[local]
2026-01-07 05:04:17.212 GMT [30013] user=[unknown] db=[unknown] app=[unknown] client=[local] LOG:  connection received: host=[local]
2026-01-07 05:04:27.357 GMT [30020] user=[unknown] db=[unknown] app=[unknown] client=[local] LOG:  connection received: host=[local]
2026-01-07 05:04:37.517 GMT [30028] user=[unknown] db=[unknown] app=[unknown] client=[local] LOG:  connection received: host=[local]
2026-01-07 05:04:47.657 GMT [30035] user=[unknown] db=[unknown] app=[unknown] client=[local] LOG:  connection received: host=[local]
2026-01-07 05:04:57.748 GMT [30043] user=[unknown] db=[unknown] app=[unknown] client=[local] LOG:  connection received: host=[local]
2026-01-07 05:05:07.915 GMT [30050] user=[unknown] db=[unknown] app=[unknown] client=[local] LOG:  connection received: host=[local]
2026-01-07 05:05:18.108 GMT [30058] user=[unknown] db=[unknown] app=[unknown] client=[local] LOG:  connection received: host=[local]
2026-01-07 05:05:28.249 GMT [30065] user=[unknown] db=[unknown] app=[unknown] client=[local] LOG:  connection received: host=[local]
2026-01-07 05:05:38.487 GMT [30073] user=[unknown] db=[unknown] app=[unknown] client=[local] LOG:  connection received: host=[local]
2026-01-07 05:05:48.594 GMT [30080] user=[unknown] db=[unknown] app=[unknown] client=[local] LOG:  connection received: host=[local]
2026-01-07 05:05:58.690 GMT [30088] user=[unknown] db=[unknown] app=[unknown] client=[local] LOG:  connection received: host=[local]
2026-01-07 05:06:08.908 GMT [30095] user=[unknown] db=[unknown] app=[unknown] client=[local] LOG:  connection received: host=[local]
2026-01-07 05:06:19.001 GMT [30103] user=[unknown] db=[unknown] app=[unknown] client=[local] LOG:  connection received: host=[local]
2026-01-07 05:06:29.107 GMT [30110] user=[unknown] db=[unknown] app=[unknown] client=[local] LOG:  connection received: host=[local]
2026-01-07 05:06:39.245 GMT [30118] user=[unknown] db=[unknown] app=[unknown] client=[local] LOG:  connection received: host=[local]
2026-01-07 05:06:49.392 GMT [30126] user=[unknown] db=[unknown] app=[unknown] client=[local] LOG:  connection received: host=[local]
2026-01-07 05:06:59.512 GMT [30133] user=[unknown] db=[unknown] app=[unknown] client=[local] LOG:  connection received: host=[local]
2026-01-07 05:07:09.638 GMT [30140] user=[unknown] db=[unknown] app=[unknown] client=[local] LOG:  connection received: host=[local]
2026-01-07 05:07:19.772 GMT [30148] user=[unknown] db=[unknown] app=[unknown] client=[local] LOG:  connection received: host=[local]
2026-01-07 05:07:29.877 GMT [30155] user=[unknown] db=[unknown] app=[unknown] client=[local] LOG:  connection received: host=[local]
2026-01-07 05:07:40.003 GMT [30163] user=[unknown] db=[unknown] app=[unknown] client=[local] LOG:  connection received: host=[local]
2026-01-07 05:07:50.081 GMT [30171] user=[unknown] db=[unknown] app=[unknown] client=[local] LOG:  connection received: host=[local]
2026-01-07 05:08:00.203 GMT [30178] user=[unknown] db=[unknown] app=[unknown] client=[local] LOG:  connection received: host=[local]
2026-01-07 05:08:10.345 GMT [30185] user=[unknown] db=[unknown] app=[unknown] client=[local] LOG:  connection received: host=[local]
2026-01-07 05:08:20.448 GMT [30193] user=[unknown] db=[unknown] app=[unknown] client=[local] LOG:  connection received: host=[local]
2026-01-07 05:08:30.623 GMT [30200] user=[unknown] db=[unknown] app=[unknown] client=[local] LOG:  connection received: host=[local]
2026-01-07 05:08:40.745 GMT [30208] user=[unknown] db=[unknown] app=[unknown] client=[local] LOG:  connection received: host=[local]
2026-01-07 05:08:50.860 GMT [30216] user=[unknown] db=[unknown] app=[unknown] client=[local] LOG:  connection received: host=[local]
2026-01-07 05:09:00.939 GMT [30223] user=[unknown] db=[unknown] app=[unknown] client=[local] LOG:  connection received: host=[local]
2026-01-07 05:09:11.058 GMT [30230] user=[unknown] db=[unknown] app=[unknown] client=[local] LOG:  connection received: host=[local]
2026-01-07 05:09:21.158 GMT [30238] user=[unknown] db=[unknown] app=[unknown] client=[local] LOG:  connection received: host=[local]
2026-01-07 05:09:31.276 GMT [30245] user=[unknown] db=[unknown] app=[unknown] client=[local] LOG:  connection received: host=[local]
2026-01-07 05:09:41.441 GMT [30253] user=[unknown] db=[unknown] app=[unknown] client=[local] LOG:  connection received: host=[local]
2026-01-07 05:09:51.598 GMT [30261] user=[unknown] db=[unknown] app=[unknown] client=[local] LOG:  connection received: host=[local]
2026-01-07 05:10:01.798 GMT [30268] user=[unknown] db=[unknown] app=[unknown] client=[local] LOG:  connection received: host=[local]
2026-01-07 05:10:11.940 GMT [30275] user=[unknown] db=[unknown] app=[unknown] client=[local] LOG:  connection received: host=[local]
2026-01-07 05:10:22.072 GMT [30283] user=[unknown] db=[unknown] app=[unknown] client=[local] LOG:  connection received: host=[local]
2026-01-07 05:10:32.286 GMT [30290] user=[unknown] db=[unknown] app=[unknown] client=[local] LOG:  connection received: host=[local]
2026-01-07 05:10:42.395 GMT [30298] user=[unknown] db=[unknown] app=[unknown] client=[local] LOG:  connection received: host=[local]
2026-01-07 05:10:52.521 GMT [30307] user=[unknown] db=[unknown] app=[unknown] client=[local] LOG:  connection received: host=[local]
2026-01-07 05:11:02.855 GMT [30314] user=[unknown] db=[unknown] app=[unknown] client=[local] LOG:  connection received: host=[local]
2026-01-07 05:11:12.998 GMT [30322] user=[unknown] db=[unknown] app=[unknown] client=[local] LOG:  connection received: host=[local]
2026-01-07 05:11:23.131 GMT [30329] user=[unknown] db=[unknown] app=[unknown] client=[local] LOG:  connection received: host=[local]
2026-01-07 05:11:33.298 GMT [30336] user=[unknown] db=[unknown] app=[unknown] client=[local] LOG:  connection received: host=[local]
2026-01-07 05:11:43.442 GMT [30344] user=[unknown] db=[unknown] app=[unknown] client=[local] LOG:  connection received: host=[local]
2026-01-07 05:11:53.627 GMT [30352] user=[unknown] db=[unknown] app=[unknown] client=[local] LOG:  connection received: host=[local]
2026-01-07 05:12:03.807 GMT [30359] user=[unknown] db=[unknown] app=[unknown] client=[local] LOG:  connection received: host=[local]
2026-01-07 05:12:13.964 GMT [30367] user=[unknown] db=[unknown] app=[unknown] client=[local] LOG:  connection received: host=[local]
2026-01-07 05:12:24.113 GMT [30374] user=[unknown] db=[unknown] app=[unknown] client=[local] LOG:  connection received: host=[local]
2026-01-07 05:12:34.268 GMT [30381] user=[unknown] db=[unknown] app=[unknown] client=[local] LOG:  connection received: host=[local]
2026-01-07 05:12:44.410 GMT [30389] user=[unknown] db=[unknown] app=[unknown] client=[local] LOG:  connection received: host=[local]
2026-01-07 05:12:54.595 GMT [30397] user=[unknown] db=[unknown] app=[unknown] client=[local] LOG:  connection received: host=[local]
2026-01-07 05:13:04.753 GMT [30404] user=[unknown] db=[unknown] app=[unknown] client=[local] LOG:  connection received: host=[local]
2026-01-07 05:13:14.909 GMT [30412] user=[unknown] db=[unknown] app=[unknown] client=[local] LOG:  connection received: host=[local]
2026-01-07 05:13:25.002 GMT [30419] user=[unknown] db=[unknown] app=[unknown] client=[local] LOG:  connection received: host=[local]
2026-01-07 05:13:35.176 GMT [30427] user=[unknown] db=[unknown] app=[unknown] client=[local] LOG:  connection received: host=[local]
2026-01-07 05:13:45.262 GMT [30434] user=[unknown] db=[unknown] app=[unknown] client=[local] LOG:  connection received: host=[local]
2026-01-07 05:13:55.389 GMT [30442] user=[unknown] db=[unknown] app=[unknown] client=[local] LOG:  connection received: host=[local]
2026-01-07 05:14:05.558 GMT [30449] user=[unknown] db=[unknown] app=[unknown] client=[local] LOG:  connection received: host=[local]
2026-01-07 05:14:15.679 GMT [30457] user=[unknown] db=[unknown] app=[unknown] client=[local] LOG:  connection received: host=[local]
2026-01-07 05:14:25.810 GMT [30464] user=[unknown] db=[unknown] app=[unknown] client=[local] LOG:  connection received: host=[local]
2026-01-07 05:14:35.964 GMT [30472] user=[unknown] db=[unknown] app=[unknown] client=[local] LOG:  connection received: host=[local]
2026-01-07 05:14:46.082 GMT [30479] user=[unknown] db=[unknown] app=[unknown] client=[local] LOG:  connection received: host=[local]
2026-01-07 05:14:56.216 GMT [30487] user=[unknown] db=[unknown] app=[unknown] client=[local] LOG:  connection received: host=[local]
2026-01-07 05:15:06.379 GMT [30494] user=[unknown] db=[unknown] app=[unknown] client=[local] LOG:  connection received: host=[local]
2026-01-07 05:15:16.488 GMT [30502] user=[unknown] db=[unknown] app=[unknown] client=[local] LOG:  connection received: host=[local]
2026-01-07 05:15:26.574 GMT [30509] user=[unknown] db=[unknown] app=[unknown] client=[local] LOG:  connection received: host=[local]
2026-01-07 05:15:36.742 GMT [30518] user=[unknown] db=[unknown] app=[unknown] client=[local] LOG:  connection received: host=[local]
2026-01-07 05:15:46.862 GMT [30525] user=[unknown] db=[unknown] app=[unknown] client=[local] LOG:  connection received: host=[local]
2026-01-07 05:15:56.969 GMT [30534] user=[unknown] db=[unknown] app=[unknown] client=[local] LOG:  connection received: host=[local]
2026-01-07 05:16:07.123 GMT [30541] user=[unknown] db=[unknown] app=[unknown] client=[local] LOG:  connection received: host=[local]
2026-01-07 05:16:17.221 GMT [30549] user=[unknown] db=[unknown] app=[unknown] client=[local] LOG:  connection received: host=[local]
2026-01-07 05:16:27.325 GMT [30556] user=[unknown] db=[unknown] app=[unknown] client=[local] LOG:  connection received: host=[local]
2026-01-07 05:16:37.522 GMT [30564] user=[unknown] db=[unknown] app=[unknown] client=[local] LOG:  connection received: host=[local]
2026-01-07 05:16:47.643 GMT [30571] user=[unknown] db=[unknown] app=[unknown] client=[local] LOG:  connection received: host=[local]
2026-01-07 05:16:57.779 GMT [30579] user=[unknown] db=[unknown] app=[unknown] client=[local] LOG:  connection received: host=[local]
2026-01-07 05:17:07.982 GMT [30586] user=[unknown] db=[unknown] app=[unknown] client=[local] LOG:  connection received: host=[local]
2026-01-07 05:17:18.116 GMT [30594] user=[unknown] db=[unknown] app=[unknown] client=[local] LOG:  connection received: host=[local]
2026-01-07 05:17:28.232 GMT [30601] user=[unknown] db=[unknown] app=[unknown] client=[local] LOG:  connection received: host=[local]
2026-01-07 05:17:38.388 GMT [30609] user=[unknown] db=[unknown] app=[unknown] client=[local] LOG:  connection received: host=[local]
2026-01-07 05:17:48.563 GMT [30616] user=[unknown] db=[unknown] app=[unknown] client=[local] LOG:  connection received: host=[local]
2026-01-07 05:17:58.672 GMT [30624] user=[unknown] db=[unknown] app=[unknown] client=[local] LOG:  connection received: host=[local]
2026-01-07 05:18:08.827 GMT [30631] user=[unknown] db=[unknown] app=[unknown] client=[local] LOG:  connection received: host=[local]
2026-01-07 05:18:19.054 GMT [30640] user=[unknown] db=[unknown] app=[unknown] client=[local] LOG:  connection received: host=[local]
2026-01-07 05:18:29.209 GMT [30647] user=[unknown] db=[unknown] app=[unknown] client=[local] LOG:  connection received: host=[local]
2026-01-07 05:18:39.414 GMT [30655] user=[unknown] db=[unknown] app=[unknown] client=[local] LOG:  connection received: host=[local]
2026-01-07 05:18:49.530 GMT [30663] user=[unknown] db=[unknown] app=[unknown] client=[local] LOG:  connection received: host=[local]
2026-01-07 05:18:59.663 GMT [30670] user=[unknown] db=[unknown] app=[unknown] client=[local] LOG:  connection received: host=[local]
2026-01-07 05:19:09.850 GMT [30677] user=[unknown] db=[unknown] app=[unknown] client=[local] LOG:  connection received: host=[local]
2026-01-07 05:19:19.954 GMT [30685] user=[unknown] db=[unknown] app=[unknown] client=[local] LOG:  connection received: host=[local]
2026-01-07 05:19:30.038 GMT [30692] user=[unknown] db=[unknown] app=[unknown] client=[local] LOG:  connection received: host=[local]
2026-01-07 05:19:40.178 GMT [30701] user=[unknown] db=[unknown] app=[unknown] client=[local] LOG:  connection received: host=[local]
2026-01-07 05:19:50.269 GMT [30709] user=[unknown] db=[unknown] app=[unknown] client=[local] LOG:  connection received: host=[local]
2026-01-07 05:20:00.387 GMT [30716] user=[unknown] db=[unknown] app=[unknown] client=[local] LOG:  connection received: host=[local]
2026-01-07 05:20:10.610 GMT [30723] user=[unknown] db=[unknown] app=[unknown] client=[local] LOG:  connection received: host=[local]
2026-01-07 05:20:20.688 GMT [30731] user=[unknown] db=[unknown] app=[unknown] client=[local] LOG:  connection received: host=[local]
2026-01-07 05:20:30.852 GMT [30738] user=[unknown] db=[unknown] app=[unknown] client=[local] LOG:  connection received: host=[local]
2026-01-07 05:20:41.002 GMT [30747] user=[unknown] db=[unknown] app=[unknown] client=[local] LOG:  connection received: host=[local]
2026-01-07 05:20:51.146 GMT [30755] user=[unknown] db=[unknown] app=[unknown] client=[local] LOG:  connection received: host=[local]
2026-01-07 05:21:01.281 GMT [30763] user=[unknown] db=[unknown] app=[unknown] client=[local] LOG:  connection received: host=[local]
2026-01-07 05:21:11.449 GMT [30770] user=[unknown] db=[unknown] app=[unknown] client=[local] LOG:  connection received: host=[local]
2026-01-07 05:21:21.585 GMT [30778] user=[unknown] db=[unknown] app=[unknown] client=[local] LOG:  connection received: host=[local]
2026-01-07 05:21:31.706 GMT [30785] user=[unknown] db=[unknown] app=[unknown] client=[local] LOG:  connection received: host=[local]
2026-01-07 05:21:41.899 GMT [30793] user=[unknown] db=[unknown] app=[unknown] client=[local] LOG:  connection received: host=[local]
2026-01-07 05:21:52.026 GMT [30801] user=[unknown] db=[unknown] app=[unknown] client=[local] LOG:  connection received: host=[local]
2026-01-07 05:22:02.139 GMT [30808] user=[unknown] db=[unknown] app=[unknown] client=[local] LOG:  connection received: host=[local]
2026-01-07 05:22:12.307 GMT [30815] user=[unknown] db=[unknown] app=[unknown] client=[local] LOG:  connection received: host=[local]
2026-01-07 05:22:22.514 GMT [30823] user=[unknown] db=[unknown] app=[unknown] client=[local] LOG:  connection received: host=[local]
2026-01-07 05:22:32.639 GMT [30830] user=[unknown] db=[unknown] app=[unknown] client=[local] LOG:  connection received: host=[local]
2026-01-07 05:22:42.833 GMT [30838] user=[unknown] db=[unknown] app=[unknown] client=[local] LOG:  connection received: host=[local]
2026-01-07 05:22:52.937 GMT [30846] user=[unknown] db=[unknown] app=[unknown] client=[local] LOG:  connection received: host=[local]
2026-01-07 05:23:03.024 GMT [30853] user=[unknown] db=[unknown] app=[unknown] client=[local] LOG:  connection received: host=[local]
2026-01-07 05:23:13.300 GMT [30860] user=[unknown] db=[unknown] app=[unknown] client=[local] LOG:  connection received: host=[local]
2026-01-07 05:23:23.437 GMT [30868] user=[unknown] db=[unknown] app=[unknown] client=[local] LOG:  connection received: host=[local]
2026-01-07 05:23:33.629 GMT [30875] user=[unknown] db=[unknown] app=[unknown] client=[local] LOG:  connection received: host=[local]
2026-01-07 05:23:43.727 GMT [30883] user=[unknown] db=[unknown] app=[unknown] client=[local] LOG:  connection received: host=[local]
2026-01-07 05:23:53.840 GMT [30891] user=[unknown] db=[unknown] app=[unknown] client=[local] LOG:  connection received: host=[local]
2026-01-07 05:24:04.019 GMT [30898] user=[unknown] db=[unknown] app=[unknown] client=[local] LOG:  connection received: host=[local]
2026-01-07 05:24:14.160 GMT [30906] user=[unknown] db=[unknown] app=[unknown] client=[local] LOG:  connection received: host=[local]
2026-01-07 05:24:24.263 GMT [30913] user=[unknown] db=[unknown] app=[unknown] client=[local] LOG:  connection received: host=[local]
2026-01-07 05:24:34.418 GMT [30920] user=[unknown] db=[unknown] app=[unknown] client=[local] LOG:  connection received: host=[local]
2026-01-07 05:24:44.515 GMT [30928] user=[unknown] db=[unknown] app=[unknown] client=[local] LOG:  connection received: host=[local]
2026-01-07 05:24:54.703 GMT [30937] user=[unknown] db=[unknown] app=[unknown] client=[local] LOG:  connection received: host=[local]
2026-01-07 05:25:04.869 GMT [30944] user=[unknown] db=[unknown] app=[unknown] client=[local] LOG:  connection received: host=[local]
2026-01-07 05:25:15.019 GMT [30952] user=[unknown] db=[unknown] app=[unknown] client=[local] LOG:  connection received: host=[local]
2026-01-07 05:25:25.139 GMT [30959] user=[unknown] db=[unknown] app=[unknown] client=[local] LOG:  connection received: host=[local]
2026-01-07 05:25:35.300 GMT [30966] user=[unknown] db=[unknown] app=[unknown] client=[local] LOG:  connection received: host=[local]
2026-01-07 05:25:45.396 GMT [30974] user=[unknown] db=[unknown] app=[unknown] client=[local] LOG:  connection received: host=[local]
2026-01-07 05:25:55.552 GMT [30982] user=[unknown] db=[unknown] app=[unknown] client=[local] LOG:  connection received: host=[local]
2026-01-07 05:26:05.684 GMT [30989] user=[unknown] db=[unknown] app=[unknown] client=[local] LOG:  connection received: host=[local]
2026-01-07 05:26:15.793 GMT [30997] user=[unknown] db=[unknown] app=[unknown] client=[local] LOG:  connection received: host=[local]
2026-01-07 05:26:25.930 GMT [31004] user=[unknown] db=[unknown] app=[unknown] client=[local] LOG:  connection received: host=[local]
2026-01-07 05:26:36.059 GMT [31012] user=[unknown] db=[unknown] app=[unknown] client=[local] LOG:  connection received: host=[local]
2026-01-07 05:26:46.187 GMT [31019] user=[unknown] db=[unknown] app=[unknown] client=[local] LOG:  connection received: host=[local]
2026-01-07 05:26:56.290 GMT [31027] user=[unknown] db=[unknown] app=[unknown] client=[local] LOG:  connection received: host=[local]
2026-01-07 05:27:06.473 GMT [31034] user=[unknown] db=[unknown] app=[unknown] client=[local] LOG:  connection received: host=[local]
2026-01-07 05:27:16.540 GMT [31042] user=[unknown] db=[unknown] app=[unknown] client=[local] LOG:  connection received: host=[local]
2026-01-07 05:27:26.702 GMT [31049] user=[unknown] db=[unknown] app=[unknown] client=[local] LOG:  connection received: host=[local]
2026-01-07 05:27:36.886 GMT [31057] user=[unknown] db=[unknown] app=[unknown] client=[local] LOG:  connection received: host=[local]
2026-01-07 05:27:46.982 GMT [31064] user=[unknown] db=[unknown] app=[unknown] client=[local] LOG:  connection received: host=[local]
2026-01-07 05:27:57.140 GMT [31073] user=[unknown] db=[unknown] app=[unknown] client=[local] LOG:  connection received: host=[local]
2026-01-07 05:28:07.339 GMT [31080] user=[unknown] db=[unknown] app=[unknown] client=[local] LOG:  connection received: host=[local]
2026-01-07 05:28:17.452 GMT [31088] user=[unknown] db=[unknown] app=[unknown] client=[local] LOG:  connection received: host=[local]
2026-01-07 05:28:27.542 GMT [31095] user=[unknown] db=[unknown] app=[unknown] client=[local] LOG:  connection received: host=[local]
2026-01-07 05:28:37.774 GMT [31103] user=[unknown] db=[unknown] app=[unknown] client=[local] LOG:  connection received: host=[local]
2026-01-07 05:28:47.877 GMT [31110] user=[unknown] db=[unknown] app=[unknown] client=[local] LOG:  connection received: host=[local]
2026-01-07 05:28:57.971 GMT [31119] user=[unknown] db=[unknown] app=[unknown] client=[local] LOG:  connection received: host=[local]
2026-01-07 05:29:08.146 GMT [31126] user=[unknown] db=[unknown] app=[unknown] client=[local] LOG:  connection received: host=[local]
2026-01-07 05:29:18.214 GMT [31134] user=[unknown] db=[unknown] app=[unknown] client=[local] LOG:  connection received: host=[local]
2026-01-07 05:29:28.313 GMT [31141] user=[unknown] db=[unknown] app=[unknown] client=[local] LOG:  connection received: host=[local]
2026-01-07 05:29:38.463 GMT [31149] user=[unknown] db=[unknown] app=[unknown] client=[local] LOG:  connection received: host=[local]
2026-01-07 05:29:48.569 GMT [31157] user=[unknown] db=[unknown] app=[unknown] client=[local] LOG:  connection received: host=[local]
2026-01-07 05:29:58.734 GMT [31165] user=[unknown] db=[unknown] app=[unknown] client=[local] LOG:  connection received: host=[local]
2026-01-07 05:30:08.941 GMT [31172] user=[unknown] db=[unknown] app=[unknown] client=[local] LOG:  connection received: host=[local]
2026-01-07 05:30:19.039 GMT [31180] user=[unknown] db=[unknown] app=[unknown] client=[local] LOG:  connection received: host=[local]
2026-01-07 05:30:29.173 GMT [31187] user=[unknown] db=[unknown] app=[unknown] client=[local] LOG:  connection received: host=[local]
2026-01-07 05:30:39.324 GMT [31195] user=[unknown] db=[unknown] app=[unknown] client=[local] LOG:  connection received: host=[local]
2026-01-07 05:30:49.399 GMT [31203] user=[unknown] db=[unknown] app=[unknown] client=[local] LOG:  connection received: host=[local]
2026-01-07 05:30:59.517 GMT [31210] user=[unknown] db=[unknown] app=[unknown] client=[local] LOG:  connection received: host=[local]
2026-01-07 05:31:09.648 GMT [31217] user=[unknown] db=[unknown] app=[unknown] client=[local] LOG:  connection received: host=[local]
2026-01-07 05:31:19.733 GMT [31225] user=[unknown] db=[unknown] app=[unknown] client=[local] LOG:  connection received: host=[local]
2026-01-07 05:31:29.863 GMT [31232] user=[unknown] db=[unknown] app=[unknown] client=[local] LOG:  connection received: host=[local]
2026-01-07 05:31:40.068 GMT [31240] user=[unknown] db=[unknown] app=[unknown] client=[local] LOG:  connection received: host=[local]
2026-01-07 05:31:50.205 GMT [31248] user=[unknown] db=[unknown] app=[unknown] client=[local] LOG:  connection received: host=[local]
2026-01-07 05:32:00.291 GMT [31255] user=[unknown] db=[unknown] app=[unknown] client=[local] LOG:  connection received: host=[local]
2026-01-07 05:32:10.477 GMT [31262] user=[unknown] db=[unknown] app=[unknown] client=[local] LOG:  connection received: host=[local]
2026-01-07 05:32:20.574 GMT [31270] user=[unknown] db=[unknown] app=[unknown] client=[local] LOG:  connection received: host=[local]
2026-01-07 05:32:30.665 GMT [31277] user=[unknown] db=[unknown] app=[unknown] client=[local] LOG:  connection received: host=[local]
2026-01-07 05:32:40.812 GMT [31285] user=[unknown] db=[unknown] app=[unknown] client=[local] LOG:  connection received: host=[local]
2026-01-07 05:32:50.907 GMT [31293] user=[unknown] db=[unknown] app=[unknown] client=[local] LOG:  connection received: host=[local]
2026-01-07 05:33:01.007 GMT [31300] user=[unknown] db=[unknown] app=[unknown] client=[local] LOG:  connection received: host=[local]
2026-01-07 05:33:11.222 GMT [31307] user=[unknown] db=[unknown] app=[unknown] client=[local] LOG:  connection received: host=[local]
2026-01-07 05:33:21.327 GMT [31315] user=[unknown] db=[unknown] app=[unknown] client=[local] LOG:  connection received: host=[local]
2026-01-07 05:33:31.431 GMT [31322] user=[unknown] db=[unknown] app=[unknown] client=[local] LOG:  connection received: host=[local]
2026-01-07 05:33:41.583 GMT [31330] user=[unknown] db=[unknown] app=[unknown] client=[local] LOG:  connection received: host=[local]
2026-01-07 05:33:51.688 GMT [31338] user=[unknown] db=[unknown] app=[unknown] client=[local] LOG:  connection received: host=[local]
2026-01-07 05:34:01.789 GMT [31345] user=[unknown] db=[unknown] app=[unknown] client=[local] LOG:  connection received: host=[local]
2026-01-07 05:34:11.978 GMT [31352] user=[unknown] db=[unknown] app=[unknown] client=[local] LOG:  connection received: host=[local]
2026-01-07 05:34:22.073 GMT [31360] user=[unknown] db=[unknown] app=[unknown] client=[local] LOG:  connection received: host=[local]
2026-01-07 05:34:32.171 GMT [31367] user=[unknown] db=[unknown] app=[unknown] client=[local] LOG:  connection received: host=[local]
2026-01-07 05:34:42.345 GMT [31375] user=[unknown] db=[unknown] app=[unknown] client=[local] LOG:  connection received: host=[local]
2026-01-07 05:34:52.476 GMT [31383] user=[unknown] db=[unknown] app=[unknown] client=[local] LOG:  connection received: host=[local]
2026-01-07 05:35:02.551 GMT [31390] user=[unknown] db=[unknown] app=[unknown] client=[local] LOG:  connection received: host=[local]
2026-01-07 05:35:12.703 GMT [31397] user=[unknown] db=[unknown] app=[unknown] client=[local] LOG:  connection received: host=[local]
2026-01-07 05:35:22.801 GMT [31405] user=[unknown] db=[unknown] app=[unknown] client=[local] LOG:  connection received: host=[local]
2026-01-07 05:35:32.897 GMT [31412] user=[unknown] db=[unknown] app=[unknown] client=[local] LOG:  connection received: host=[local]
2026-01-07 05:35:43.062 GMT [31420] user=[unknown] db=[unknown] app=[unknown] client=[local] LOG:  connection received: host=[local]
2026-01-07 05:35:53.189 GMT [31428] user=[unknown] db=[unknown] app=[unknown] client=[local] LOG:  connection received: host=[local]
2026-01-07 05:36:03.305 GMT [31435] user=[unknown] db=[unknown] app=[unknown] client=[local] LOG:  connection received: host=[local]
2026-01-07 05:36:13.467 GMT [31442] user=[unknown] db=[unknown] app=[unknown] client=[local] LOG:  connection received: host=[local]
2026-01-07 05:36:23.577 GMT [31451] user=[unknown] db=[unknown] app=[unknown] client=[local] LOG:  connection received: host=[local]
2026-01-07 05:36:33.682 GMT [31459] user=[unknown] db=[unknown] app=[unknown] client=[local] LOG:  connection received: host=[local]
2026-01-07 05:36:43.846 GMT [31468] user=[unknown] db=[unknown] app=[unknown] client=[local] LOG:  connection received: host=[local]
2026-01-07 05:36:53.928 GMT [31476] user=[unknown] db=[unknown] app=[unknown] client=[local] LOG:  connection received: host=[local]
2026-01-07 05:37:04.028 GMT [31483] user=[unknown] db=[unknown] app=[unknown] client=[local] LOG:  connection received: host=[local]
2026-01-07 05:37:14.194 GMT [31490] user=[unknown] db=[unknown] app=[unknown] client=[local] LOG:  connection received: host=[local]
2026-01-07 05:37:24.297 GMT [31498] user=[unknown] db=[unknown] app=[unknown] client=[local] LOG:  connection received: host=[local]
2026-01-07 05:37:34.392 GMT [31505] user=[unknown] db=[unknown] app=[unknown] client=[local] LOG:  connection received: host=[local]
2026-01-07 05:37:44.538 GMT [31513] user=[unknown] db=[unknown] app=[unknown] client=[local] LOG:  connection received: host=[local]
2026-01-07 05:37:54.615 GMT [31521] user=[unknown] db=[unknown] app=[unknown] client=[local] LOG:  connection received: host=[local]
2026-01-07 05:38:04.725 GMT [31528] user=[unknown] db=[unknown] app=[unknown] client=[local] LOG:  connection received: host=[local]
2026-01-07 05:38:14.900 GMT [31535] user=[unknown] db=[unknown] app=[unknown] client=[local] LOG:  connection received: host=[local]
2026-01-07 05:38:25.030 GMT [31543] user=[unknown] db=[unknown] app=[unknown] client=[local] LOG:  connection received: host=[local]
2026-01-07 05:38:35.111 GMT [31550] user=[unknown] db=[unknown] app=[unknown] client=[local] LOG:  connection received: host=[local]
2026-01-07 05:38:45.280 GMT [31558] user=[unknown] db=[unknown] app=[unknown] client=[local] LOG:  connection received: host=[local]
2026-01-07 05:38:55.371 GMT [31566] user=[unknown] db=[unknown] app=[unknown] client=[local] LOG:  connection received: host=[local]
2026-01-07 05:39:05.468 GMT [31573] user=[unknown] db=[unknown] app=[unknown] client=[local] LOG:  connection received: host=[local]
2026-01-07 05:39:15.683 GMT [31582] user=[unknown] db=[unknown] app=[unknown] client=[local] LOG:  connection received: host=[local]
2026-01-07 05:39:25.797 GMT [31589] user=[unknown] db=[unknown] app=[unknown] client=[local] LOG:  connection received: host=[local]
2026-01-07 05:39:35.946 GMT [31596] user=[unknown] db=[unknown] app=[unknown] client=[local] LOG:  connection received: host=[local]
2026-01-07 05:39:46.067 GMT [31604] user=[unknown] db=[unknown] app=[unknown] client=[local] LOG:  connection received: host=[local]
2026-01-07 05:39:56.206 GMT [31612] user=[unknown] db=[unknown] app=[unknown] client=[local] LOG:  connection received: host=[local]
2026-01-07 05:40:06.386 GMT [31619] user=[unknown] db=[unknown] app=[unknown] client=[local] LOG:  connection received: host=[local]
2026-01-07 05:40:16.498 GMT [31627] user=[unknown] db=[unknown] app=[unknown] client=[local] LOG:  connection received: host=[local]
2026-01-07 05:40:26.616 GMT [31634] user=[unknown] db=[unknown] app=[unknown] client=[local] LOG:  connection received: host=[local]
2026-01-07 05:40:36.777 GMT [31642] user=[unknown] db=[unknown] app=[unknown] client=[local] LOG:  connection received: host=[local]
2026-01-07 05:40:46.880 GMT [31649] user=[unknown] db=[unknown] app=[unknown] client=[local] LOG:  connection received: host=[local]
2026-01-07 05:40:57.033 GMT [31657] user=[unknown] db=[unknown] app=[unknown] client=[local] LOG:  connection received: host=[local]
2026-01-07 05:41:07.259 GMT [31664] user=[unknown] db=[unknown] app=[unknown] client=[local] LOG:  connection received: host=[local]
2026-01-07 05:41:17.351 GMT [31672] user=[unknown] db=[unknown] app=[unknown] client=[local] LOG:  connection received: host=[local]
2026-01-07 05:41:27.456 GMT [31679] user=[unknown] db=[unknown] app=[unknown] client=[local] LOG:  connection received: host=[local]
2026-01-07 05:41:37.620 GMT [31687] user=[unknown] db=[unknown] app=[unknown] client=[local] LOG:  connection received: host=[local]
2026-01-07 05:41:47.760 GMT [31694] user=[unknown] db=[unknown] app=[unknown] client=[local] LOG:  connection received: host=[local]
2026-01-07 05:41:57.871 GMT [31702] user=[unknown] db=[unknown] app=[unknown] client=[local] LOG:  connection received: host=[local]
2026-01-07 05:42:08.148 GMT [31709] user=[unknown] db=[unknown] app=[unknown] client=[local] LOG:  connection received: host=[local]
2026-01-07 05:42:18.238 GMT [31717] user=[unknown] db=[unknown] app=[unknown] client=[local] LOG:  connection received: host=[local]
2026-01-07 05:42:28.325 GMT [31724] user=[unknown] db=[unknown] app=[unknown] client=[local] LOG:  connection received: host=[local]
2026-01-07 05:42:38.515 GMT [31732] user=[unknown] db=[unknown] app=[unknown] client=[local] LOG:  connection received: host=[local]
2026-01-07 05:42:48.599 GMT [31739] user=[unknown] db=[unknown] app=[unknown] client=[local] LOG:  connection received: host=[local]
2026-01-07 05:42:58.698 GMT [31747] user=[unknown] db=[unknown] app=[unknown] client=[local] LOG:  connection received: host=[local]
2026-01-07 05:43:08.933 GMT [31755] user=[unknown] db=[unknown] app=[unknown] client=[local] LOG:  connection received: host=[local]
2026-01-07 05:43:19.096 GMT [31763] user=[unknown] db=[unknown] app=[unknown] client=[local] LOG:  connection received: host=[local]
2026-01-07 05:43:29.191 GMT [31770] user=[unknown] db=[unknown] app=[unknown] client=[local] LOG:  connection received: host=[local]
2026-01-07 05:43:39.367 GMT [31778] user=[unknown] db=[unknown] app=[unknown] client=[local] LOG:  connection received: host=[local]
2026-01-07 05:43:49.526 GMT [31786] user=[unknown] db=[unknown] app=[unknown] client=[local] LOG:  connection received: host=[local]
2026-01-07 05:43:59.699 GMT [31793] user=[unknown] db=[unknown] app=[unknown] client=[local] LOG:  connection received: host=[local]
2026-01-07 05:44:09.913 GMT [31801] user=[unknown] db=[unknown] app=[unknown] client=[local] LOG:  connection received: host=[local]
2026-01-07 05:44:20.072 GMT [31809] user=[unknown] db=[unknown] app=[unknown] client=[local] LOG:  connection received: host=[local]
2026-01-07 05:44:30.185 GMT [31816] user=[unknown] db=[unknown] app=[unknown] client=[local] LOG:  connection received: host=[local]
2026-01-07 05:44:40.344 GMT [31824] user=[unknown] db=[unknown] app=[unknown] client=[local] LOG:  connection received: host=[local]
2026-01-07 05:44:50.464 GMT [31832] user=[unknown] db=[unknown] app=[unknown] client=[local] LOG:  connection received: host=[local]
2026-01-07 05:45:00.573 GMT [31839] user=[unknown] db=[unknown] app=[unknown] client=[local] LOG:  connection received: host=[local]
2026-01-07 05:45:10.737 GMT [31846] user=[unknown] db=[unknown] app=[unknown] client=[local] LOG:  connection received: host=[local]
2026-01-07 05:45:20.813 GMT [31854] user=[unknown] db=[unknown] app=[unknown] client=[local] LOG:  connection received: host=[local]
2026-01-07 05:45:30.919 GMT [31861] user=[unknown] db=[unknown] app=[unknown] client=[local] LOG:  connection received: host=[local]
2026-01-07 05:45:41.072 GMT [31869] user=[unknown] db=[unknown] app=[unknown] client=[local] LOG:  connection received: host=[local]
2026-01-07 05:45:51.175 GMT [31877] user=[unknown] db=[unknown] app=[unknown] client=[local] LOG:  connection received: host=[local]
2026-01-07 05:46:01.263 GMT [31885] user=[unknown] db=[unknown] app=[unknown] client=[local] LOG:  connection received: host=[local]
2026-01-07 05:46:11.459 GMT [31892] user=[unknown] db=[unknown] app=[unknown] client=[local] LOG:  connection received: host=[local]
2026-01-07 05:46:21.552 GMT [31900] user=[unknown] db=[unknown] app=[unknown] client=[local] LOG:  connection received: host=[local]
2026-01-07 05:46:31.659 GMT [31907] user=[unknown] db=[unknown] app=[unknown] client=[local] LOG:  connection received: host=[local]
2026-01-07 05:46:41.854 GMT [31915] user=[unknown] db=[unknown] app=[unknown] client=[local] LOG:  connection received: host=[local]
2026-01-07 05:46:51.947 GMT [31923] user=[unknown] db=[unknown] app=[unknown] client=[local] LOG:  connection received: host=[local]
2026-01-07 05:47:02.092 GMT [31930] user=[unknown] db=[unknown] app=[unknown] client=[local] LOG:  connection received: host=[local]
2026-01-07 05:47:12.272 GMT [31937] user=[unknown] db=[unknown] app=[unknown] client=[local] LOG:  connection received: host=[local]
2026-01-07 05:47:22.354 GMT [31945] user=[unknown] db=[unknown] app=[unknown] client=[local] LOG:  connection received: host=[local]
2026-01-07 05:47:32.461 GMT [31952] user=[unknown] db=[unknown] app=[unknown] client=[local] LOG:  connection received: host=[local]
2026-01-07 05:47:42.650 GMT [31960] user=[unknown] db=[unknown] app=[unknown] client=[local] LOG:  connection received: host=[local]
2026-01-07 05:47:52.753 GMT [31968] user=[unknown] db=[unknown] app=[unknown] client=[local] LOG:  connection received: host=[local]
2026-01-07 05:48:02.951 GMT [31975] user=[unknown] db=[unknown] app=[unknown] client=[local] LOG:  connection received: host=[local]
2026-01-07 05:48:13.162 GMT [31982] user=[unknown] db=[unknown] app=[unknown] client=[local] LOG:  connection received: host=[local]
2026-01-07 05:48:23.234 GMT [31991] user=[unknown] db=[unknown] app=[unknown] client=[local] LOG:  connection received: host=[local]
2026-01-07 05:48:33.362 GMT [31999] user=[unknown] db=[unknown] app=[unknown] client=[local] LOG:  connection received: host=[local]
2026-01-07 05:48:43.530 GMT [32007] user=[unknown] db=[unknown] app=[unknown] client=[local] LOG:  connection received: host=[local]
2026-01-07 05:48:53.655 GMT [32015] user=[unknown] db=[unknown] app=[unknown] client=[local] LOG:  connection received: host=[local]
2026-01-07 05:49:03.920 GMT [32022] user=[unknown] db=[unknown] app=[unknown] client=[local] LOG:  connection received: host=[local]
2026-01-07 05:49:14.118 GMT [32029] user=[unknown] db=[unknown] app=[unknown] client=[local] LOG:  connection received: host=[local]
2026-01-07 05:49:24.206 GMT [32037] user=[unknown] db=[unknown] app=[unknown] client=[local] LOG:  connection received: host=[local]
2026-01-07 05:49:34.312 GMT [32044] user=[unknown] db=[unknown] app=[unknown] client=[local] LOG:  connection received: host=[local]
2026-01-07 05:49:44.512 GMT [32053] user=[unknown] db=[unknown] app=[unknown] client=[local] LOG:  connection received: host=[local]
2026-01-07 05:49:54.602 GMT [32061] user=[unknown] db=[unknown] app=[unknown] client=[local] LOG:  connection received: host=[local]
2026-01-07 05:50:04.698 GMT [32068] user=[unknown] db=[unknown] app=[unknown] client=[local] LOG:  connection received: host=[local]
2026-01-07 05:50:14.884 GMT [32075] user=[unknown] db=[unknown] app=[unknown] client=[local] LOG:  connection received: host=[local]
2026-01-07 05:50:24.993 GMT [32083] user=[unknown] db=[unknown] app=[unknown] client=[local] LOG:  connection received: host=[local]
2026-01-07 05:50:35.112 GMT [32090] user=[unknown] db=[unknown] app=[unknown] client=[local] LOG:  connection received: host=[local]
2026-01-07 05:50:45.331 GMT [32098] user=[unknown] db=[unknown] app=[unknown] client=[local] LOG:  connection received: host=[local]
2026-01-07 05:50:55.455 GMT [32106] user=[unknown] db=[unknown] app=[unknown] client=[local] LOG:  connection received: host=[local]
2026-01-07 05:51:05.585 GMT [32113] user=[unknown] db=[unknown] app=[unknown] client=[local] LOG:  connection received: host=[local]
2026-01-07 05:51:15.756 GMT [32120] user=[unknown] db=[unknown] app=[unknown] client=[local] LOG:  connection received: host=[local]
2026-01-07 05:51:25.876 GMT [32128] user=[unknown] db=[unknown] app=[unknown] client=[local] LOG:  connection received: host=[local]
2026-01-07 05:51:35.994 GMT [32135] user=[unknown] db=[unknown] app=[unknown] client=[local] LOG:  connection received: host=[local]
2026-01-07 05:51:46.199 GMT [32143] user=[unknown] db=[unknown] app=[unknown] client=[local] LOG:  connection received: host=[local]
2026-01-07 05:51:56.298 GMT [32151] user=[unknown] db=[unknown] app=[unknown] client=[local] LOG:  connection received: host=[local]
2026-01-07 05:52:06.469 GMT [32159] user=[unknown] db=[unknown] app=[unknown] client=[local] LOG:  connection received: host=[local]
2026-01-07 05:52:16.630 GMT [32167] user=[unknown] db=[unknown] app=[unknown] client=[local] LOG:  connection received: host=[local]
2026-01-07 05:52:26.777 GMT [32174] user=[unknown] db=[unknown] app=[unknown] client=[local] LOG:  connection received: host=[local]
2026-01-07 05:52:36.882 GMT [32181] user=[unknown] db=[unknown] app=[unknown] client=[local] LOG:  connection received: host=[local]
2026-01-07 05:52:47.062 GMT [32189] user=[unknown] db=[unknown] app=[unknown] client=[local] LOG:  connection received: host=[local]
2026-01-07 05:52:57.196 GMT [32197] user=[unknown] db=[unknown] app=[unknown] client=[local] LOG:  connection received: host=[local]
2026-01-07 05:53:07.390 GMT [32204] user=[unknown] db=[unknown] app=[unknown] client=[local] LOG:  connection received: host=[local]
2026-01-07 05:53:17.578 GMT [32212] user=[unknown] db=[unknown] app=[unknown] client=[local] LOG:  connection received: host=[local]
2026-01-07 05:53:27.670 GMT [32219] user=[unknown] db=[unknown] app=[unknown] client=[local] LOG:  connection received: host=[local]
2026-01-07 05:53:37.869 GMT [32228] user=[unknown] db=[unknown] app=[unknown] client=[local] LOG:  connection received: host=[local]
2026-01-07 05:53:48.017 GMT [32235] user=[unknown] db=[unknown] app=[unknown] client=[local] LOG:  connection received: host=[local]
2026-01-07 05:53:58.240 GMT [32244] user=[unknown] db=[unknown] app=[unknown] client=[local] LOG:  connection received: host=[local]
2026-01-07 05:54:08.454 GMT [32251] user=[unknown] db=[unknown] app=[unknown] client=[local] LOG:  connection received: host=[local]
2026-01-07 05:54:18.607 GMT [32259] user=[unknown] db=[unknown] app=[unknown] client=[local] LOG:  connection received: host=[local]
2026-01-07 05:54:28.740 GMT [32266] user=[unknown] db=[unknown] app=[unknown] client=[local] LOG:  connection received: host=[local]
2026-01-07 05:54:38.917 GMT [32274] user=[unknown] db=[unknown] app=[unknown] client=[local] LOG:  connection received: host=[local]
2026-01-07 05:54:49.045 GMT [32281] user=[unknown] db=[unknown] app=[unknown] client=[local] LOG:  connection received: host=[local]
2026-01-07 05:54:59.247 GMT [32289] user=[unknown] db=[unknown] app=[unknown] client=[local] LOG:  connection received: host=[local]
2026-01-07 05:55:09.462 GMT [32296] user=[unknown] db=[unknown] app=[unknown] client=[local] LOG:  connection received: host=[local]
2026-01-07 05:55:19.632 GMT [32304] user=[unknown] db=[unknown] app=[unknown] client=[local] LOG:  connection received: host=[local]
2026-01-07 05:55:29.719 GMT [32311] user=[unknown] db=[unknown] app=[unknown] client=[local] LOG:  connection received: host=[local]
2026-01-07 05:55:39.895 GMT [32319] user=[unknown] db=[unknown] app=[unknown] client=[local] LOG:  connection received: host=[local]
2026-01-07 05:55:50.010 GMT [32327] user=[unknown] db=[unknown] app=[unknown] client=[local] LOG:  connection received: host=[local]
2026-01-07 05:56:00.158 GMT [32334] user=[unknown] db=[unknown] app=[unknown] client=[local] LOG:  connection received: host=[local]
2026-01-07 05:56:10.377 GMT [32341] user=[unknown] db=[unknown] app=[unknown] client=[local] LOG:  connection received: host=[local]
2026-01-07 05:56:20.495 GMT [32350] user=[unknown] db=[unknown] app=[unknown] client=[local] LOG:  connection received: host=[local]
2026-01-07 05:56:30.666 GMT [32357] user=[unknown] db=[unknown] app=[unknown] client=[local] LOG:  connection received: host=[local]
2026-01-07 05:56:40.829 GMT [32365] user=[unknown] db=[unknown] app=[unknown] client=[local] LOG:  connection received: host=[local]
2026-01-07 05:56:50.961 GMT [32373] user=[unknown] db=[unknown] app=[unknown] client=[local] LOG:  connection received: host=[local]
2026-01-07 05:57:01.135 GMT [32380] user=[unknown] db=[unknown] app=[unknown] client=[local] LOG:  connection received: host=[local]
2026-01-07 05:57:11.363 GMT [32387] user=[unknown] db=[unknown] app=[unknown] client=[local] LOG:  connection received: host=[local]
2026-01-07 05:57:21.443 GMT [32395] user=[unknown] db=[unknown] app=[unknown] client=[local] LOG:  connection received: host=[local]
2026-01-07 05:57:31.567 GMT [32402] user=[unknown] db=[unknown] app=[unknown] client=[local] LOG:  connection received: host=[local]
2026-01-07 05:57:41.757 GMT [32410] user=[unknown] db=[unknown] app=[unknown] client=[local] LOG:  connection received: host=[local]
2026-01-07 05:57:51.845 GMT [32418] user=[unknown] db=[unknown] app=[unknown] client=[local] LOG:  connection received: host=[local]
2026-01-07 05:58:02.055 GMT [32425] user=[unknown] db=[unknown] app=[unknown] client=[local] LOG:  connection received: host=[local]
2026-01-07 05:58:12.235 GMT [32432] user=[unknown] db=[unknown] app=[unknown] client=[local] LOG:  connection received: host=[local]
2026-01-07 05:58:22.334 GMT [32440] user=[unknown] db=[unknown] app=[unknown] client=[local] LOG:  connection received: host=[local]
2026-01-07 05:58:32.454 GMT [32447] user=[unknown] db=[unknown] app=[unknown] client=[local] LOG:  connection received: host=[local]
2026-01-07 05:58:42.607 GMT [32455] user=[unknown] db=[unknown] app=[unknown] client=[local] LOG:  connection received: host=[local]
2026-01-07 05:58:52.720 GMT [32463] user=[unknown] db=[unknown] app=[unknown] client=[local] LOG:  connection received: host=[local]
2026-01-07 05:59:02.878 GMT [32471] user=[unknown] db=[unknown] app=[unknown] client=[local] LOG:  connection received: host=[local]
2026-01-07 05:59:13.039 GMT [32478] user=[unknown] db=[unknown] app=[unknown] client=[local] LOG:  connection received: host=[local]
2026-01-07 05:59:23.171 GMT [32486] user=[unknown] db=[unknown] app=[unknown] client=[local] LOG:  connection received: host=[local]
2026-01-07 05:59:33.303 GMT [32493] user=[unknown] db=[unknown] app=[unknown] client=[local] LOG:  connection received: host=[local]
2026-01-07 05:59:43.497 GMT [32502] user=[unknown] db=[unknown] app=[unknown] client=[local] LOG:  connection received: host=[local]
2026-01-07 05:59:53.635 GMT [32511] user=[unknown] db=[unknown] app=[unknown] client=[local] LOG:  connection received: host=[local]
2026-01-07 06:00:03.728 GMT [32518] user=[unknown] db=[unknown] app=[unknown] client=[local] LOG:  connection received: host=[local]
2026-01-07 06:00:13.891 GMT [32525] user=[unknown] db=[unknown] app=[unknown] client=[local] LOG:  connection received: host=[local]
2026-01-07 06:00:23.987 GMT [32533] user=[unknown] db=[unknown] app=[unknown] client=[local] LOG:  connection received: host=[local]
2026-01-07 06:00:34.094 GMT [32540] user=[unknown] db=[unknown] app=[unknown] client=[local] LOG:  connection received: host=[local]
2026-01-07 06:00:44.309 GMT [32548] user=[unknown] db=[unknown] app=[unknown] client=[local] LOG:  connection received: host=[local]
2026-01-07 06:00:54.463 GMT [32556] user=[unknown] db=[unknown] app=[unknown] client=[local] LOG:  connection received: host=[local]
2026-01-07 06:01:04.656 GMT [32563] user=[unknown] db=[unknown] app=[unknown] client=[local] LOG:  connection received: host=[local]
2026-01-07 06:01:14.852 GMT [32570] user=[unknown] db=[unknown] app=[unknown] client=[local] LOG:  connection received: host=[local]
2026-01-07 06:01:24.978 GMT [32578] user=[unknown] db=[unknown] app=[unknown] client=[local] LOG:  connection received: host=[local]
2026-01-07 06:01:35.101 GMT [32585] user=[unknown] db=[unknown] app=[unknown] client=[local] LOG:  connection received: host=[local]
2026-01-07 06:01:45.274 GMT [32593] user=[unknown] db=[unknown] app=[unknown] client=[local] LOG:  connection received: host=[local]
2026-01-07 06:01:55.409 GMT [32601] user=[unknown] db=[unknown] app=[unknown] client=[local] LOG:  connection received: host=[local]
2026-01-07 06:02:05.600 GMT [32608] user=[unknown] db=[unknown] app=[unknown] client=[local] LOG:  connection received: host=[local]
2026-01-07 06:02:15.768 GMT [32615] user=[unknown] db=[unknown] app=[unknown] client=[local] LOG:  connection received: host=[local]
2026-01-07 06:02:25.902 GMT [32623] user=[unknown] db=[unknown] app=[unknown] client=[local] LOG:  connection received: host=[local]
2026-01-07 06:02:36.010 GMT [32630] user=[unknown] db=[unknown] app=[unknown] client=[local] LOG:  connection received: host=[local]
2026-01-07 06:02:46.180 GMT [32638] user=[unknown] db=[unknown] app=[unknown] client=[local] LOG:  connection received: host=[local]
2026-01-07 06:02:56.282 GMT [32646] user=[unknown] db=[unknown] app=[unknown] client=[local] LOG:  connection received: host=[local]
2026-01-07 06:03:06.418 GMT [32653] user=[unknown] db=[unknown] app=[unknown] client=[local] LOG:  connection received: host=[local]
2026-01-07 06:03:16.594 GMT [32661] user=[unknown] db=[unknown] app=[unknown] client=[local] LOG:  connection received: host=[local]
2026-01-07 06:03:26.668 GMT [32669] user=[unknown] db=[unknown] app=[unknown] client=[local] LOG:  connection received: host=[local]
2026-01-07 06:03:36.812 GMT [32676] user=[unknown] db=[unknown] app=[unknown] client=[local] LOG:  connection received: host=[local]
2026-01-07 06:03:47.001 GMT [32684] user=[unknown] db=[unknown] app=[unknown] client=[local] LOG:  connection received: host=[local]
2026-01-07 06:03:57.093 GMT [32692] user=[unknown] db=[unknown] app=[unknown] client=[local] LOG:  connection received: host=[local]
2026-01-07 06:04:07.248 GMT [32699] user=[unknown] db=[unknown] app=[unknown] client=[local] LOG:  connection received: host=[local]
2026-01-07 06:04:17.386 GMT [32706] user=[unknown] db=[unknown] app=[unknown] client=[local] LOG:  connection received: host=[local]
2026-01-07 06:04:27.483 GMT [32714] user=[unknown] db=[unknown] app=[unknown] client=[local] LOG:  connection received: host=[local]
2026-01-07 06:04:37.622 GMT [32721] user=[unknown] db=[unknown] app=[unknown] client=[local] LOG:  connection received: host=[local]
2026-01-07 06:04:47.817 GMT [32729] user=[unknown] db=[unknown] app=[unknown] client=[local] LOG:  connection received: host=[local]
2026-01-07 06:04:57.943 GMT [32737] user=[unknown] db=[unknown] app=[unknown] client=[local] LOG:  connection received: host=[local]
2026-01-07 06:05:08.122 GMT [32745] user=[unknown] db=[unknown] app=[unknown] client=[local] LOG:  connection received: host=[local]
2026-01-07 06:05:18.341 GMT [32754] user=[unknown] db=[unknown] app=[unknown] client=[local] LOG:  connection received: host=[local]
2026-01-07 06:05:28.479 GMT [32761] user=[unknown] db=[unknown] app=[unknown] client=[local] LOG:  connection received: host=[local]
2026-01-07 06:05:38.633 GMT [32769] user=[unknown] db=[unknown] app=[unknown] client=[local] LOG:  connection received: host=[local]
2026-01-07 06:05:48.833 GMT [32776] user=[unknown] db=[unknown] app=[unknown] client=[local] LOG:  connection received: host=[local]
2026-01-07 06:05:58.927 GMT [32784] user=[unknown] db=[unknown] app=[unknown] client=[local] LOG:  connection received: host=[local]
2026-01-07 06:06:09.032 GMT [32791] user=[unknown] db=[unknown] app=[unknown] client=[local] LOG:  connection received: host=[local]
2026-01-07 06:06:19.194 GMT [32799] user=[unknown] db=[unknown] app=[unknown] client=[local] LOG:  connection received: host=[local]
2026-01-07 06:06:29.269 GMT [32806] user=[unknown] db=[unknown] app=[unknown] client=[local] LOG:  connection received: host=[local]
2026-01-07 06:06:39.368 GMT [32814] user=[unknown] db=[unknown] app=[unknown] client=[local] LOG:  connection received: host=[local]
2026-01-07 06:06:49.569 GMT [32821] user=[unknown] db=[unknown] app=[unknown] client=[local] LOG:  connection received: host=[local]
2026-01-07 06:06:59.672 GMT [32829] user=[unknown] db=[unknown] app=[unknown] client=[local] LOG:  connection received: host=[local]
2026-01-07 06:07:09.792 GMT [32836] user=[unknown] db=[unknown] app=[unknown] client=[local] LOG:  connection received: host=[local]
2026-01-07 06:07:19.970 GMT [32844] user=[unknown] db=[unknown] app=[unknown] client=[local] LOG:  connection received: host=[local]
2026-01-07 06:07:30.061 GMT [32851] user=[unknown] db=[unknown] app=[unknown] client=[local] LOG:  connection received: host=[local]
2026-01-07 06:07:40.283 GMT [32859] user=[unknown] db=[unknown] app=[unknown] client=[local] LOG:  connection received: host=[local]
2026-01-07 06:07:50.380 GMT [32866] user=[unknown] db=[unknown] app=[unknown] client=[local] LOG:  connection received: host=[local]
2026-01-07 06:08:00.483 GMT [32874] user=[unknown] db=[unknown] app=[unknown] client=[local] LOG:  connection received: host=[local]
2026-01-07 06:08:10.685 GMT [32881] user=[unknown] db=[unknown] app=[unknown] client=[local] LOG:  connection received: host=[local]
2026-01-07 06:08:20.810 GMT [32889] user=[unknown] db=[unknown] app=[unknown] client=[local] LOG:  connection received: host=[local]
2026-01-07 06:08:30.911 GMT [32897] user=[unknown] db=[unknown] app=[unknown] client=[local] LOG:  connection received: host=[local]
2026-01-07 06:08:41.136 GMT [32905] user=[unknown] db=[unknown] app=[unknown] client=[local] LOG:  connection received: host=[local]
2026-01-07 06:08:51.250 GMT [32913] user=[unknown] db=[unknown] app=[unknown] client=[local] LOG:  connection received: host=[local]
2026-01-07 06:09:01.414 GMT [32920] user=[unknown] db=[unknown] app=[unknown] client=[local] LOG:  connection received: host=[local]
2026-01-07 06:09:11.595 GMT [32927] user=[unknown] db=[unknown] app=[unknown] client=[local] LOG:  connection received: host=[local]
2026-01-07 06:09:21.763 GMT [32935] user=[unknown] db=[unknown] app=[unknown] client=[local] LOG:  connection received: host=[local]
2026-01-07 06:09:31.894 GMT [32942] user=[unknown] db=[unknown] app=[unknown] client=[local] LOG:  connection received: host=[local]
2026-01-07 06:09:42.081 GMT [32950] user=[unknown] db=[unknown] app=[unknown] client=[local] LOG:  connection received: host=[local]
2026-01-07 06:09:52.206 GMT [32958] user=[unknown] db=[unknown] app=[unknown] client=[local] LOG:  connection received: host=[local]
2026-01-07 06:10:02.368 GMT [32965] user=[unknown] db=[unknown] app=[unknown] client=[local] LOG:  connection received: host=[local]
2026-01-07 06:10:12.553 GMT [32972] user=[unknown] db=[unknown] app=[unknown] client=[local] LOG:  connection received: host=[local]
2026-01-07 06:10:22.726 GMT [32980] user=[unknown] db=[unknown] app=[unknown] client=[local] LOG:  connection received: host=[local]
2026-01-07 06:10:32.918 GMT [32987] user=[unknown] db=[unknown] app=[unknown] client=[local] LOG:  connection received: host=[local]
2026-01-07 06:10:43.131 GMT [32995] user=[unknown] db=[unknown] app=[unknown] client=[local] LOG:  connection received: host=[local]
2026-01-07 06:10:53.274 GMT [33003] user=[unknown] db=[unknown] app=[unknown] client=[local] LOG:  connection received: host=[local]
2026-01-07 06:11:03.417 GMT [33010] user=[unknown] db=[unknown] app=[unknown] client=[local] LOG:  connection received: host=[local]
2026-01-07 06:11:13.612 GMT [33017] user=[unknown] db=[unknown] app=[unknown] client=[local] LOG:  connection received: host=[local]
2026-01-07 06:11:23.754 GMT [33025] user=[unknown] db=[unknown] app=[unknown] client=[local] LOG:  connection received: host=[local]
2026-01-07 06:11:33.834 GMT [33032] user=[unknown] db=[unknown] app=[unknown] client=[local] LOG:  connection received: host=[local]
2026-01-07 06:11:44.044 GMT [33040] user=[unknown] db=[unknown] app=[unknown] client=[local] LOG:  connection received: host=[local]
2026-01-07 06:11:54.204 GMT [33049] user=[unknown] db=[unknown] app=[unknown] client=[local] LOG:  connection received: host=[local]
2026-01-07 06:12:04.341 GMT [33056] user=[unknown] db=[unknown] app=[unknown] client=[local] LOG:  connection received: host=[local]
2026-01-07 06:12:14.541 GMT [33063] user=[unknown] db=[unknown] app=[unknown] client=[local] LOG:  connection received: host=[local]
2026-01-07 06:12:24.624 GMT [33071] user=[unknown] db=[unknown] app=[unknown] client=[local] LOG:  connection received: host=[local]
2026-01-07 06:12:34.735 GMT [33078] user=[unknown] db=[unknown] app=[unknown] client=[local] LOG:  connection received: host=[local]
2026-01-07 06:12:44.951 GMT [33086] user=[unknown] db=[unknown] app=[unknown] client=[local] LOG:  connection received: host=[local]
2026-01-07 06:12:55.022 GMT [33094] user=[unknown] db=[unknown] app=[unknown] client=[local] LOG:  connection received: host=[local]
2026-01-07 06:13:05.178 GMT [33101] user=[unknown] db=[unknown] app=[unknown] client=[local] LOG:  connection received: host=[local]
2026-01-07 06:13:15.348 GMT [33108] user=[unknown] db=[unknown] app=[unknown] client=[local] LOG:  connection received: host=[local]
2026-01-07 06:13:25.445 GMT [33116] user=[unknown] db=[unknown] app=[unknown] client=[local] LOG:  connection received: host=[local]
2026-01-07 06:13:35.592 GMT [33124] user=[unknown] db=[unknown] app=[unknown] client=[local] LOG:  connection received: host=[local]
2026-01-07 06:13:45.802 GMT [33132] user=[unknown] db=[unknown] app=[unknown] client=[local] LOG:  connection received: host=[local]
2026-01-07 06:13:55.945 GMT [33140] user=[unknown] db=[unknown] app=[unknown] client=[local] LOG:  connection received: host=[local]
2026-01-07 06:14:06.117 GMT [33147] user=[unknown] db=[unknown] app=[unknown] client=[local] LOG:  connection received: host=[local]
2026-01-07 06:14:16.336 GMT [33154] user=[unknown] db=[unknown] app=[unknown] client=[local] LOG:  connection received: host=[local]
2026-01-07 06:14:26.450 GMT [33162] user=[unknown] db=[unknown] app=[unknown] client=[local] LOG:  connection received: host=[local]
2026-01-07 06:14:36.612 GMT [33169] user=[unknown] db=[unknown] app=[unknown] client=[local] LOG:  connection received: host=[local]
2026-01-07 06:14:46.826 GMT [33177] user=[unknown] db=[unknown] app=[unknown] client=[local] LOG:  connection received: host=[local]
2026-01-07 06:14:56.948 GMT [33185] user=[unknown] db=[unknown] app=[unknown] client=[local] LOG:  connection received: host=[local]
2026-01-07 06:15:07.114 GMT [33192] user=[unknown] db=[unknown] app=[unknown] client=[local] LOG:  connection received: host=[local]
2026-01-07 06:15:17.316 GMT [33199] user=[unknown] db=[unknown] app=[unknown] client=[local] LOG:  connection received: host=[local]
2026-01-07 06:15:27.400 GMT [33207] user=[unknown] db=[unknown] app=[unknown] client=[local] LOG:  connection received: host=[local]
2026-01-07 06:15:37.478 GMT [33214] user=[unknown] db=[unknown] app=[unknown] client=[local] LOG:  connection received: host=[local]
2026-01-07 06:15:47.650 GMT [33222] user=[unknown] db=[unknown] app=[unknown] client=[local] LOG:  connection received: host=[local]
2026-01-07 06:15:57.754 GMT [33230] user=[unknown] db=[unknown] app=[unknown] client=[local] LOG:  connection received: host=[local]
2026-01-07 06:16:07.839 GMT [33237] user=[unknown] db=[unknown] app=[unknown] client=[local] LOG:  connection received: host=[local]
2026-01-07 06:16:18.014 GMT [33244] user=[unknown] db=[unknown] app=[unknown] client=[local] LOG:  connection received: host=[local]
2026-01-07 06:16:28.099 GMT [33252] user=[unknown] db=[unknown] app=[unknown] client=[local] LOG:  connection received: host=[local]
2026-01-07 06:16:38.186 GMT [33259] user=[unknown] db=[unknown] app=[unknown] client=[local] LOG:  connection received: host=[local]
2026-01-07 06:16:48.385 GMT [33267] user=[unknown] db=[unknown] app=[unknown] client=[local] LOG:  connection received: host=[local]
2026-01-07 06:16:58.519 GMT [33275] user=[unknown] db=[unknown] app=[unknown] client=[local] LOG:  connection received: host=[local]
2026-01-07 06:17:08.670 GMT [33282] user=[unknown] db=[unknown] app=[unknown] client=[local] LOG:  connection received: host=[local]
2026-01-07 06:17:18.888 GMT [33290] user=[unknown] db=[unknown] app=[unknown] client=[local] LOG:  connection received: host=[local]
2026-01-07 06:17:29.005 GMT [33298] user=[unknown] db=[unknown] app=[unknown] client=[local] LOG:  connection received: host=[local]
2026-01-07 06:17:39.105 GMT [33306] user=[unknown] db=[unknown] app=[unknown] client=[local] LOG:  connection received: host=[local]
2026-01-07 06:17:49.333 GMT [33313] user=[unknown] db=[unknown] app=[unknown] client=[local] LOG:  connection received: host=[local]
2026-01-07 06:17:59.445 GMT [33321] user=[unknown] db=[unknown] app=[unknown] client=[local] LOG:  connection received: host=[local]
2026-01-07 06:18:09.559 GMT [33329] user=[unknown] db=[unknown] app=[unknown] client=[local] LOG:  connection received: host=[local]
2026-01-07 06:18:19.778 GMT [33337] user=[unknown] db=[unknown] app=[unknown] client=[local] LOG:  connection received: host=[local]
2026-01-07 06:18:29.905 GMT [33344] user=[unknown] db=[unknown] app=[unknown] client=[local] LOG:  connection received: host=[local]
2026-01-07 06:18:39.989 GMT [33352] user=[unknown] db=[unknown] app=[unknown] client=[local] LOG:  connection received: host=[local]
2026-01-07 06:18:50.152 GMT [33359] user=[unknown] db=[unknown] app=[unknown] client=[local] LOG:  connection received: host=[local]
2026-01-07 06:19:00.240 GMT [33367] user=[unknown] db=[unknown] app=[unknown] client=[local] LOG:  connection received: host=[local]
2026-01-07 06:19:10.361 GMT [33375] user=[unknown] db=[unknown] app=[unknown] client=[local] LOG:  connection received: host=[local]
2026-01-07 06:19:20.592 GMT [33384] user=[unknown] db=[unknown] app=[unknown] client=[local] LOG:  connection received: host=[local]
2026-01-07 06:19:30.695 GMT [33391] user=[unknown] db=[unknown] app=[unknown] client=[local] LOG:  connection received: host=[local]
2026-01-07 06:19:40.784 GMT [33399] user=[unknown] db=[unknown] app=[unknown] client=[local] LOG:  connection received: host=[local]
2026-01-07 06:19:50.990 GMT [33406] user=[unknown] db=[unknown] app=[unknown] client=[local] LOG:  connection received: host=[local]
2026-01-07 06:20:01.107 GMT [33414] user=[unknown] db=[unknown] app=[unknown] client=[local] LOG:  connection received: host=[local]
2026-01-07 06:20:11.256 GMT [33421] user=[unknown] db=[unknown] app=[unknown] client=[local] LOG:  connection received: host=[local]
2026-01-07 06:20:21.445 GMT [33429] user=[unknown] db=[unknown] app=[unknown] client=[local] LOG:  connection received: host=[local]
2026-01-07 06:20:31.543 GMT [33436] user=[unknown] db=[unknown] app=[unknown] client=[local] LOG:  connection received: host=[local]
2026-01-07 06:20:41.666 GMT [33445] user=[unknown] db=[unknown] app=[unknown] client=[local] LOG:  connection received: host=[local]
2026-01-07 06:20:51.821 GMT [33452] user=[unknown] db=[unknown] app=[unknown] client=[local] LOG:  connection received: host=[local]
2026-01-07 06:21:01.928 GMT [33460] user=[unknown] db=[unknown] app=[unknown] client=[local] LOG:  connection received: host=[local]
2026-01-07 06:21:12.066 GMT [33467] user=[unknown] db=[unknown] app=[unknown] client=[local] LOG:  connection received: host=[local]
2026-01-07 06:21:22.236 GMT [33475] user=[unknown] db=[unknown] app=[unknown] client=[local] LOG:  connection received: host=[local]
2026-01-07 06:21:32.316 GMT [33482] user=[unknown] db=[unknown] app=[unknown] client=[local] LOG:  connection received: host=[local]
2026-01-07 06:21:42.492 GMT [33490] user=[unknown] db=[unknown] app=[unknown] client=[local] LOG:  connection received: host=[local]
2026-01-07 06:21:52.594 GMT [33498] user=[unknown] db=[unknown] app=[unknown] client=[local] LOG:  connection received: host=[local]
2026-01-07 06:22:02.693 GMT [33505] user=[unknown] db=[unknown] app=[unknown] client=[local] LOG:  connection received: host=[local]
2026-01-07 06:22:12.907 GMT [33512] user=[unknown] db=[unknown] app=[unknown] client=[local] LOG:  connection received: host=[local]
2026-01-07 06:22:23.005 GMT [33520] user=[unknown] db=[unknown] app=[unknown] client=[local] LOG:  connection received: host=[local]
2026-01-07 06:22:33.090 GMT [33527] user=[unknown] db=[unknown] app=[unknown] client=[local] LOG:  connection received: host=[local]
2026-01-07 06:22:43.277 GMT [33535] user=[unknown] db=[unknown] app=[unknown] client=[local] LOG:  connection received: host=[local]
2026-01-07 06:22:53.397 GMT [33543] user=[unknown] db=[unknown] app=[unknown] client=[local] LOG:  connection received: host=[local]
2026-01-07 06:23:03.528 GMT [33550] user=[unknown] db=[unknown] app=[unknown] client=[local] LOG:  connection received: host=[local]
2026-01-07 06:23:13.726 GMT [33557] user=[unknown] db=[unknown] app=[unknown] client=[local] LOG:  connection received: host=[local]
2026-01-07 06:23:23.846 GMT [33565] user=[unknown] db=[unknown] app=[unknown] client=[local] LOG:  connection received: host=[local]
2026-01-07 06:23:33.927 GMT [33572] user=[unknown] db=[unknown] app=[unknown] client=[local] LOG:  connection received: host=[local]
2026-01-07 06:23:44.150 GMT [33580] user=[unknown] db=[unknown] app=[unknown] client=[local] LOG:  connection received: host=[local]
2026-01-07 06:23:54.272 GMT [33588] user=[unknown] db=[unknown] app=[unknown] client=[local] LOG:  connection received: host=[local]
2026-01-07 06:24:04.457 GMT [33595] user=[unknown] db=[unknown] app=[unknown] client=[local] LOG:  connection received: host=[local]
2026-01-07 06:24:14.637 GMT [33602] user=[unknown] db=[unknown] app=[unknown] client=[local] LOG:  connection received: host=[local]
2026-01-07 06:24:24.735 GMT [33610] user=[unknown] db=[unknown] app=[unknown] client=[local] LOG:  connection received: host=[local]
2026-01-07 06:24:34.816 GMT [33617] user=[unknown] db=[unknown] app=[unknown] client=[local] LOG:  connection received: host=[local]
2026-01-07 06:24:45.006 GMT [33625] user=[unknown] db=[unknown] app=[unknown] client=[local] LOG:  connection received: host=[local]
2026-01-07 06:24:55.156 GMT [33633] user=[unknown] db=[unknown] app=[unknown] client=[local] LOG:  connection received: host=[local]
2026-01-07 06:25:05.264 GMT [33640] user=[unknown] db=[unknown] app=[unknown] client=[local] LOG:  connection received: host=[local]
2026-01-07 06:25:15.437 GMT [33647] user=[unknown] db=[unknown] app=[unknown] client=[local] LOG:  connection received: host=[local]
2026-01-07 06:25:25.556 GMT [33655] user=[unknown] db=[unknown] app=[unknown] client=[local] LOG:  connection received: host=[local]
2026-01-07 06:25:35.654 GMT [33663] user=[unknown] db=[unknown] app=[unknown] client=[local] LOG:  connection received: host=[local]
2026-01-07 06:25:45.836 GMT [33671] user=[unknown] db=[unknown] app=[unknown] client=[local] LOG:  connection received: host=[local]
2026-01-07 06:25:55.985 GMT [33679] user=[unknown] db=[unknown] app=[unknown] client=[local] LOG:  connection received: host=[local]
2026-01-07 06:26:06.123 GMT [33686] user=[unknown] db=[unknown] app=[unknown] client=[local] LOG:  connection received: host=[local]
2026-01-07 06:26:16.310 GMT [33693] user=[unknown] db=[unknown] app=[unknown] client=[local] LOG:  connection received: host=[local]
2026-01-07 06:26:26.417 GMT [33701] user=[unknown] db=[unknown] app=[unknown] client=[local] LOG:  connection received: host=[local]
2026-01-07 06:26:36.569 GMT [33708] user=[unknown] db=[unknown] app=[unknown] client=[local] LOG:  connection received: host=[local]
2026-01-07 06:26:46.793 GMT [33716] user=[unknown] db=[unknown] app=[unknown] client=[local] LOG:  connection received: host=[local]
2026-01-07 06:26:56.946 GMT [33724] user=[unknown] db=[unknown] app=[unknown] client=[local] LOG:  connection received: host=[local]
2026-01-07 06:27:07.133 GMT [33732] user=[unknown] db=[unknown] app=[unknown] client=[local] LOG:  connection received: host=[local]
2026-01-07 06:27:17.319 GMT [33739] user=[unknown] db=[unknown] app=[unknown] client=[local] LOG:  connection received: host=[local]
2026-01-07 06:27:27.444 GMT [33747] user=[unknown] db=[unknown] app=[unknown] client=[local] LOG:  connection received: host=[local]
2026-01-07 06:27:37.548 GMT [33754] user=[unknown] db=[unknown] app=[unknown] client=[local] LOG:  connection received: host=[local]
2026-01-07 06:27:47.702 GMT [33762] user=[unknown] db=[unknown] app=[unknown] client=[local] LOG:  connection received: host=[local]
2026-01-07 06:27:57.784 GMT [33771] user=[unknown] db=[unknown] app=[unknown] client=[local] LOG:  connection received: host=[local]
2026-01-07 06:28:07.872 GMT [33778] user=[unknown] db=[unknown] app=[unknown] client=[local] LOG:  connection received: host=[local]
2026-01-07 06:28:18.103 GMT [33785] user=[unknown] db=[unknown] app=[unknown] client=[local] LOG:  connection received: host=[local]
2026-01-07 06:28:28.205 GMT [33793] user=[unknown] db=[unknown] app=[unknown] client=[local] LOG:  connection received: host=[local]
2026-01-07 06:28:38.302 GMT [33800] user=[unknown] db=[unknown] app=[unknown] client=[local] LOG:  connection received: host=[local]
2026-01-07 06:28:48.513 GMT [33808] user=[unknown] db=[unknown] app=[unknown] client=[local] LOG:  connection received: host=[local]
2026-01-07 06:28:58.613 GMT [33816] user=[unknown] db=[unknown] app=[unknown] client=[local] LOG:  connection received: host=[local]
2026-01-07 06:29:08.759 GMT [33823] user=[unknown] db=[unknown] app=[unknown] client=[local] LOG:  connection received: host=[local]
2026-01-07 06:29:18.957 GMT [33831] user=[unknown] db=[unknown] app=[unknown] client=[local] LOG:  connection received: host=[local]
2026-01-07 06:29:29.073 GMT [33839] user=[unknown] db=[unknown] app=[unknown] client=[local] LOG:  connection received: host=[local]
2026-01-07 06:29:39.203 GMT [33847] user=[unknown] db=[unknown] app=[unknown] client=[local] LOG:  connection received: host=[local]
2026-01-07 06:29:49.405 GMT [33854] user=[unknown] db=[unknown] app=[unknown] client=[local] LOG:  connection received: host=[local]
2026-01-07 06:29:59.581 GMT [33862] user=[unknown] db=[unknown] app=[unknown] client=[local] LOG:  connection received: host=[local]
2026-01-07 06:30:09.718 GMT [33869] user=[unknown] db=[unknown] app=[unknown] client=[local] LOG:  connection received: host=[local]
2026-01-07 06:30:19.937 GMT [33876] user=[unknown] db=[unknown] app=[unknown] client=[local] LOG:  connection received: host=[local]
2026-01-07 06:30:30.050 GMT [33884] user=[unknown] db=[unknown] app=[unknown] client=[local] LOG:  connection received: host=[local]
2026-01-07 06:30:40.130 GMT [33892] user=[unknown] db=[unknown] app=[unknown] client=[local] LOG:  connection received: host=[local]
2026-01-07 06:30:50.303 GMT [33899] user=[unknown] db=[unknown] app=[unknown] client=[local] LOG:  connection received: host=[local]
2026-01-07 06:31:00.425 GMT [33907] user=[unknown] db=[unknown] app=[unknown] client=[local] LOG:  connection received: host=[local]
2026-01-07 06:31:10.541 GMT [33914] user=[unknown] db=[unknown] app=[unknown] client=[local] LOG:  connection received: host=[local]
2026-01-07 06:31:20.718 GMT [33922] user=[unknown] db=[unknown] app=[unknown] client=[local] LOG:  connection received: host=[local]
2026-01-07 06:31:30.830 GMT [33929] user=[unknown] db=[unknown] app=[unknown] client=[local] LOG:  connection received: host=[local]
2026-01-07 06:31:40.981 GMT [33937] user=[unknown] db=[unknown] app=[unknown] client=[local] LOG:  connection received: host=[local]
2026-01-07 06:31:51.177 GMT [33944] user=[unknown] db=[unknown] app=[unknown] client=[local] LOG:  connection received: host=[local]
2026-01-07 06:32:01.274 GMT [33953] user=[unknown] db=[unknown] app=[unknown] client=[local] LOG:  connection received: host=[local]
2026-01-07 06:32:11.372 GMT [33960] user=[unknown] db=[unknown] app=[unknown] client=[local] LOG:  connection received: host=[local]
2026-01-07 06:32:21.549 GMT [33968] user=[unknown] db=[unknown] app=[unknown] client=[local] LOG:  connection received: host=[local]
2026-01-07 06:32:31.664 GMT [33976] user=[unknown] db=[unknown] app=[unknown] client=[local] LOG:  connection received: host=[local]
2026-01-07 06:32:41.758 GMT [33984] user=[unknown] db=[unknown] app=[unknown] client=[local] LOG:  connection received: host=[local]
2026-01-07 06:32:51.923 GMT [33992] user=[unknown] db=[unknown] app=[unknown] client=[local] LOG:  connection received: host=[local]
2026-01-07 06:33:02.045 GMT [34000] user=[unknown] db=[unknown] app=[unknown] client=[local] LOG:  connection received: host=[local]
2026-01-07 06:33:12.156 GMT [34007] user=[unknown] db=[unknown] app=[unknown] client=[local] LOG:  connection received: host=[local]
2026-01-07 06:33:22.371 GMT [34015] user=[unknown] db=[unknown] app=[unknown] client=[local] LOG:  connection received: host=[local]
2026-01-07 06:33:32.512 GMT [34022] user=[unknown] db=[unknown] app=[unknown] client=[local] LOG:  connection received: host=[local]
2026-01-07 06:33:42.604 GMT [34030] user=[unknown] db=[unknown] app=[unknown] client=[local] LOG:  connection received: host=[local]
2026-01-07 06:33:52.828 GMT [34037] user=[unknown] db=[unknown] app=[unknown] client=[local] LOG:  connection received: host=[local]
2026-01-07 06:34:02.936 GMT [34045] user=[unknown] db=[unknown] app=[unknown] client=[local] LOG:  connection received: host=[local]
2026-01-07 06:34:13.099 GMT [34052] user=[unknown] db=[unknown] app=[unknown] client=[local] LOG:  connection received: host=[local]
2026-01-07 06:34:23.258 GMT [34060] user=[unknown] db=[unknown] app=[unknown] client=[local] LOG:  connection received: host=[local]
2026-01-07 06:34:33.408 GMT [34067] user=[unknown] db=[unknown] app=[unknown] client=[local] LOG:  connection received: host=[local]
2026-01-07 06:34:43.563 GMT [34075] user=[unknown] db=[unknown] app=[unknown] client=[local] LOG:  connection received: host=[local]
2026-01-07 06:34:53.804 GMT [34083] user=[unknown] db=[unknown] app=[unknown] client=[local] LOG:  connection received: host=[local]
2026-01-07 06:35:03.892 GMT [34090] user=[unknown] db=[unknown] app=[unknown] client=[local] LOG:  connection received: host=[local]
2026-01-07 06:35:14.006 GMT [34097] user=[unknown] db=[unknown] app=[unknown] client=[local] LOG:  connection received: host=[local]
2026-01-07 06:35:24.208 GMT [34106] user=[unknown] db=[unknown] app=[unknown] client=[local] LOG:  connection received: host=[local]
2026-01-07 06:35:34.394 GMT [34113] user=[unknown] db=[unknown] app=[unknown] client=[local] LOG:  connection received: host=[local]
2026-01-07 06:35:44.568 GMT [34121] user=[unknown] db=[unknown] app=[unknown] client=[local] LOG:  connection received: host=[local]
2026-01-07 06:35:54.784 GMT [34129] user=[unknown] db=[unknown] app=[unknown] client=[local] LOG:  connection received: host=[local]
2026-01-07 06:36:04.879 GMT [34136] user=[unknown] db=[unknown] app=[unknown] client=[local] LOG:  connection received: host=[local]
2026-01-07 06:36:15.002 GMT [34143] user=[unknown] db=[unknown] app=[unknown] client=[local] LOG:  connection received: host=[local]
2026-01-07 06:36:25.209 GMT [34151] user=[unknown] db=[unknown] app=[unknown] client=[local] LOG:  connection received: host=[local]
2026-01-07 06:36:35.338 GMT [34158] user=[unknown] db=[unknown] app=[unknown] client=[local] LOG:  connection received: host=[local]
2026-01-07 06:36:45.571 GMT [34166] user=[unknown] db=[unknown] app=[unknown] client=[local] LOG:  connection received: host=[local]
2026-01-07 06:36:55.698 GMT [34174] user=[unknown] db=[unknown] app=[unknown] client=[local] LOG:  connection received: host=[local]
2026-01-07 06:37:05.892 GMT [34181] user=[unknown] db=[unknown] app=[unknown] client=[local] LOG:  connection received: host=[local]
2026-01-07 06:37:16.085 GMT [34188] user=[unknown] db=[unknown] app=[unknown] client=[local] LOG:  connection received: host=[local]
2026-01-07 06:37:26.212 GMT [34196] user=[unknown] db=[unknown] app=[unknown] client=[local] LOG:  connection received: host=[local]
2026-01-07 06:37:36.326 GMT [34203] user=[unknown] db=[unknown] app=[unknown] client=[local] LOG:  connection received: host=[local]
2026-01-07 06:37:46.539 GMT [34211] user=[unknown] db=[unknown] app=[unknown] client=[local] LOG:  connection received: host=[local]
2026-01-07 06:37:56.655 GMT [34219] user=[unknown] db=[unknown] app=[unknown] client=[local] LOG:  connection received: host=[local]
2026-01-07 06:38:06.761 GMT [34226] user=[unknown] db=[unknown] app=[unknown] client=[local] LOG:  connection received: host=[local]
2026-01-07 06:38:16.956 GMT [34233] user=[unknown] db=[unknown] app=[unknown] client=[local] LOG:  connection received: host=[local]
2026-01-07 06:38:27.078 GMT [34241] user=[unknown] db=[unknown] app=[unknown] client=[local] LOG:  connection received: host=[local]
2026-01-07 06:38:37.229 GMT [34248] user=[unknown] db=[unknown] app=[unknown] client=[local] LOG:  connection received: host=[local]
2026-01-07 06:38:47.403 GMT [34257] user=[unknown] db=[unknown] app=[unknown] client=[local] LOG:  connection received: host=[local]
2026-01-07 06:38:57.500 GMT [34265] user=[unknown] db=[unknown] app=[unknown] client=[local] LOG:  connection received: host=[local]
2026-01-07 06:39:07.637 GMT [34272] user=[unknown] db=[unknown] app=[unknown] client=[local] LOG:  connection received: host=[local]
2026-01-07 06:39:17.858 GMT [34279] user=[unknown] db=[unknown] app=[unknown] client=[local] LOG:  connection received: host=[local]
2026-01-07 06:39:28.000 GMT [34287] user=[unknown] db=[unknown] app=[unknown] client=[local] LOG:  connection received: host=[local]
2026-01-07 06:39:38.123 GMT [34294] user=[unknown] db=[unknown] app=[unknown] client=[local] LOG:  connection received: host=[local]
2026-01-07 06:39:48.329 GMT [34302] user=[unknown] db=[unknown] app=[unknown] client=[local] LOG:  connection received: host=[local]
2026-01-07 06:39:58.487 GMT [34310] user=[unknown] db=[unknown] app=[unknown] client=[local] LOG:  connection received: host=[local]
2026-01-07 06:40:08.609 GMT [34317] user=[unknown] db=[unknown] app=[unknown] client=[local] LOG:  connection received: host=[local]
2026-01-07 06:40:18.837 GMT [34324] user=[unknown] db=[unknown] app=[unknown] client=[local] LOG:  connection received: host=[local]
2026-01-07 06:40:28.957 GMT [34332] user=[unknown] db=[unknown] app=[unknown] client=[local] LOG:  connection received: host=[local]
2026-01-07 06:40:39.112 GMT [34340] user=[unknown] db=[unknown] app=[unknown] client=[local] LOG:  connection received: host=[local]
2026-01-07 06:40:49.267 GMT [34347] user=[unknown] db=[unknown] app=[unknown] client=[local] LOG:  connection received: host=[local]
2026-01-07 06:40:59.402 GMT [34354] user=[unknown] db=[unknown] app=[unknown] client=[local] LOG:  connection received: host=[local]
2026-01-07 06:41:09.564 GMT [34361] user=[unknown] db=[unknown] app=[unknown] client=[local] LOG:  connection received: host=[local]
2026-01-07 06:41:19.773 GMT [34368] user=[unknown] db=[unknown] app=[unknown] client=[local] LOG:  connection received: host=[local]
2026-01-07 06:41:29.885 GMT [34376] user=[unknown] db=[unknown] app=[unknown] client=[local] LOG:  connection received: host=[local]
2026-01-07 06:41:40.024 GMT [34384] user=[unknown] db=[unknown] app=[unknown] client=[local] LOG:  connection received: host=[local]
2026-01-07 06:41:50.239 GMT [34391] user=[unknown] db=[unknown] app=[unknown] client=[local] LOG:  connection received: host=[local]
2026-01-07 06:42:00.323 GMT [34399] user=[unknown] db=[unknown] app=[unknown] client=[local] LOG:  connection received: host=[local]
2026-01-07 06:42:10.450 GMT [34407] user=[unknown] db=[unknown] app=[unknown] client=[local] LOG:  connection received: host=[local]
2026-01-07 06:42:20.636 GMT [34414] user=[unknown] db=[unknown] app=[unknown] client=[local] LOG:  connection received: host=[local]
2026-01-07 06:42:30.770 GMT [34422] user=[unknown] db=[unknown] app=[unknown] client=[local] LOG:  connection received: host=[local]
2026-01-07 06:42:40.887 GMT [34430] user=[unknown] db=[unknown] app=[unknown] client=[local] LOG:  connection received: host=[local]
2026-01-07 06:42:51.094 GMT [34437] user=[unknown] db=[unknown] app=[unknown] client=[local] LOG:  connection received: host=[local]
2026-01-07 06:43:01.180 GMT [34445] user=[unknown] db=[unknown] app=[unknown] client=[local] LOG:  connection received: host=[local]
2026-01-07 06:43:11.309 GMT [34452] user=[unknown] db=[unknown] app=[unknown] client=[local] LOG:  connection received: host=[local]
2026-01-07 06:43:21.503 GMT [34459] user=[unknown] db=[unknown] app=[unknown] client=[local] LOG:  connection received: host=[local]
2026-01-07 06:43:31.616 GMT [34467] user=[unknown] db=[unknown] app=[unknown] client=[local] LOG:  connection received: host=[local]
2026-01-07 06:43:41.776 GMT [34475] user=[unknown] db=[unknown] app=[unknown] client=[local] LOG:  connection received: host=[local]
2026-01-07 06:43:51.977 GMT [34482] user=[unknown] db=[unknown] app=[unknown] client=[local] LOG:  connection received: host=[local]
2026-01-07 06:44:02.087 GMT [34490] user=[unknown] db=[unknown] app=[unknown] client=[local] LOG:  connection received: host=[local]
2026-01-07 06:44:12.249 GMT [34497] user=[unknown] db=[unknown] app=[unknown] client=[local] LOG:  connection received: host=[local]
2026-01-07 06:44:22.473 GMT [34505] user=[unknown] db=[unknown] app=[unknown] client=[local] LOG:  connection received: host=[local]
2026-01-07 06:44:32.598 GMT [34512] user=[unknown] db=[unknown] app=[unknown] client=[local] LOG:  connection received: host=[local]
2026-01-07 06:44:42.766 GMT [34520] user=[unknown] db=[unknown] app=[unknown] client=[local] LOG:  connection received: host=[local]
2026-01-07 06:44:52.929 GMT [34527] user=[unknown] db=[unknown] app=[unknown] client=[local] LOG:  connection received: host=[local]
2026-01-07 06:45:03.031 GMT [34535] user=[unknown] db=[unknown] app=[unknown] client=[local] LOG:  connection received: host=[local]
2026-01-07 06:45:13.120 GMT [34542] user=[unknown] db=[unknown] app=[unknown] client=[local] LOG:  connection received: host=[local]
2026-01-07 06:45:23.328 GMT [34550] user=[unknown] db=[unknown] app=[unknown] client=[local] LOG:  connection received: host=[local]
2026-01-07 06:45:33.456 GMT [34557] user=[unknown] db=[unknown] app=[unknown] client=[local] LOG:  connection received: host=[local]
2026-01-07 06:45:43.567 GMT [34565] user=[unknown] db=[unknown] app=[unknown] client=[local] LOG:  connection received: host=[local]
2026-01-07 06:45:53.809 GMT [34572] user=[unknown] db=[unknown] app=[unknown] client=[local] LOG:  connection received: host=[local]
2026-01-07 06:46:03.951 GMT [34580] user=[unknown] db=[unknown] app=[unknown] client=[local] LOG:  connection received: host=[local]
2026-01-07 06:46:14.041 GMT [34587] user=[unknown] db=[unknown] app=[unknown] client=[local] LOG:  connection received: host=[local]
2026-01-07 06:46:24.250 GMT [34595] user=[unknown] db=[unknown] app=[unknown] client=[local] LOG:  connection received: host=[local]
2026-01-07 06:46:34.386 GMT [34602] user=[unknown] db=[unknown] app=[unknown] client=[local] LOG:  connection received: host=[local]
2026-01-07 06:46:44.563 GMT [34610] user=[unknown] db=[unknown] app=[unknown] client=[local] LOG:  connection received: host=[local]
2026-01-07 06:46:54.781 GMT [34618] user=[unknown] db=[unknown] app=[unknown] client=[local] LOG:  connection received: host=[local]
2026-01-07 06:47:04.903 GMT [34625] user=[unknown] db=[unknown] app=[unknown] client=[local] LOG:  connection received: host=[local]
2026-01-07 06:47:15.027 GMT [34632] user=[unknown] db=[unknown] app=[unknown] client=[local] LOG:  connection received: host=[local]
2026-01-07 06:47:25.214 GMT [34640] user=[unknown] db=[unknown] app=[unknown] client=[local] LOG:  connection received: host=[local]
2026-01-07 06:47:35.347 GMT [34647] user=[unknown] db=[unknown] app=[unknown] client=[local] LOG:  connection received: host=[local]
2026-01-07 06:47:45.463 GMT [34655] user=[unknown] db=[unknown] app=[unknown] client=[local] LOG:  connection received: host=[local]
2026-01-07 06:47:55.666 GMT [34663] user=[unknown] db=[unknown] app=[unknown] client=[local] LOG:  connection received: host=[local]
2026-01-07 06:48:05.817 GMT [34670] user=[unknown] db=[unknown] app=[unknown] client=[local] LOG:  connection received: host=[local]
2026-01-07 06:48:15.956 GMT [34677] user=[unknown] db=[unknown] app=[unknown] client=[local] LOG:  connection received: host=[local]
2026-01-07 06:48:26.173 GMT [34685] user=[unknown] db=[unknown] app=[unknown] client=[local] LOG:  connection received: host=[local]
2026-01-07 06:48:36.296 GMT [34692] user=[unknown] db=[unknown] app=[unknown] client=[local] LOG:  connection received: host=[local]
2026-01-07 06:48:46.424 GMT [34700] user=[unknown] db=[unknown] app=[unknown] client=[local] LOG:  connection received: host=[local]
2026-01-07 06:48:56.605 GMT [34708] user=[unknown] db=[unknown] app=[unknown] client=[local] LOG:  connection received: host=[local]
2026-01-07 06:49:06.699 GMT [34715] user=[unknown] db=[unknown] app=[unknown] client=[local] LOG:  connection received: host=[local]
2026-01-07 06:49:16.795 GMT [34722] user=[unknown] db=[unknown] app=[unknown] client=[local] LOG:  connection received: host=[local]
2026-01-07 06:49:27.005 GMT [34730] user=[unknown] db=[unknown] app=[unknown] client=[local] LOG:  connection received: host=[local]
2026-01-07 06:49:37.110 GMT [34737] user=[unknown] db=[unknown] app=[unknown] client=[local] LOG:  connection received: host=[local]
2026-01-07 06:49:47.258 GMT [34745] user=[unknown] db=[unknown] app=[unknown] client=[local] LOG:  connection received: host=[local]
2026-01-07 06:49:57.466 GMT [34753] user=[unknown] db=[unknown] app=[unknown] client=[local] LOG:  connection received: host=[local]
2026-01-07 06:50:07.599 GMT [34760] user=[unknown] db=[unknown] app=[unknown] client=[local] LOG:  connection received: host=[local]
2026-01-07 06:50:17.806 GMT [34767] user=[unknown] db=[unknown] app=[unknown] client=[local] LOG:  connection received: host=[local]
2026-01-07 06:50:27.935 GMT [34775] user=[unknown] db=[unknown] app=[unknown] client=[local] LOG:  connection received: host=[local]
2026-01-07 06:50:38.059 GMT [34782] user=[unknown] db=[unknown] app=[unknown] client=[local] LOG:  connection received: host=[local]
2026-01-07 06:50:48.263 GMT [34790] user=[unknown] db=[unknown] app=[unknown] client=[local] LOG:  connection received: host=[local]
2026-01-07 06:50:58.380 GMT [34798] user=[unknown] db=[unknown] app=[unknown] client=[local] LOG:  connection received: host=[local]
2026-01-07 06:51:08.495 GMT [34805] user=[unknown] db=[unknown] app=[unknown] client=[local] LOG:  connection received: host=[local]
2026-01-07 06:51:18.728 GMT [34812] user=[unknown] db=[unknown] app=[unknown] client=[local] LOG:  connection received: host=[local]
2026-01-07 06:51:28.860 GMT [34820] user=[unknown] db=[unknown] app=[unknown] client=[local] LOG:  connection received: host=[local]
2026-01-07 06:51:39.052 GMT [34828] user=[unknown] db=[unknown] app=[unknown] client=[local] LOG:  connection received: host=[local]
2026-01-07 06:51:49.230 GMT [34835] user=[unknown] db=[unknown] app=[unknown] client=[local] LOG:  connection received: host=[local]
2026-01-07 06:51:59.380 GMT [34843] user=[unknown] db=[unknown] app=[unknown] client=[local] LOG:  connection received: host=[local]
2026-01-07 06:52:09.500 GMT [34850] user=[unknown] db=[unknown] app=[unknown] client=[local] LOG:  connection received: host=[local]
2026-01-07 06:52:19.699 GMT [34857] user=[unknown] db=[unknown] app=[unknown] client=[local] LOG:  connection received: host=[local]
2026-01-07 06:52:29.826 GMT [34865] user=[unknown] db=[unknown] app=[unknown] client=[local] LOG:  connection received: host=[local]
2026-01-07 06:52:39.929 GMT [34873] user=[unknown] db=[unknown] app=[unknown] client=[local] LOG:  connection received: host=[local]
2026-01-07 06:52:50.179 GMT [34880] user=[unknown] db=[unknown] app=[unknown] client=[local] LOG:  connection received: host=[local]
2026-01-07 06:53:00.289 GMT [34888] user=[unknown] db=[unknown] app=[unknown] client=[local] LOG:  connection received: host=[local]
2026-01-07 06:53:10.469 GMT [34895] user=[unknown] db=[unknown] app=[unknown] client=[local] LOG:  connection received: host=[local]
2026-01-07 06:53:20.699 GMT [34902] user=[unknown] db=[unknown] app=[unknown] client=[local] LOG:  connection received: host=[local]
2026-01-07 06:53:30.795 GMT [34910] user=[unknown] db=[unknown] app=[unknown] client=[local] LOG:  connection received: host=[local]
2026-01-07 06:53:40.934 GMT [34918] user=[unknown] db=[unknown] app=[unknown] client=[local] LOG:  connection received: host=[local]
2026-01-07 06:53:51.193 GMT [34925] user=[unknown] db=[unknown] app=[unknown] client=[local] LOG:  connection received: host=[local]
2026-01-07 06:54:01.285 GMT [34933] user=[unknown] db=[unknown] app=[unknown] client=[local] LOG:  connection received: host=[local]
2026-01-07 06:54:11.402 GMT [34940] user=[unknown] db=[unknown] app=[unknown] client=[local] LOG:  connection received: host=[local]
2026-01-07 06:54:21.586 GMT [34948] user=[unknown] db=[unknown] app=[unknown] client=[local] LOG:  connection received: host=[local]
2026-01-07 06:54:31.721 GMT [34956] user=[unknown] db=[unknown] app=[unknown] client=[local] LOG:  connection received: host=[local]
2026-01-07 06:54:41.840 GMT [34964] user=[unknown] db=[unknown] app=[unknown] client=[local] LOG:  connection received: host=[local]
2026-01-07 06:54:52.040 GMT [34971] user=[unknown] db=[unknown] app=[unknown] client=[local] LOG:  connection received: host=[local]
2026-01-07 06:55:02.155 GMT [34979] user=[unknown] db=[unknown] app=[unknown] client=[local] LOG:  connection received: host=[local]
2026-01-07 06:55:12.246 GMT [34986] user=[unknown] db=[unknown] app=[unknown] client=[local] LOG:  connection received: host=[local]
2026-01-07 06:55:22.431 GMT [34993] user=[unknown] db=[unknown] app=[unknown] client=[local] LOG:  connection received: host=[local]
2026-01-07 06:55:32.559 GMT [35001] user=[unknown] db=[unknown] app=[unknown] client=[local] LOG:  connection received: host=[local]
2026-01-07 06:55:42.665 GMT [35009] user=[unknown] db=[unknown] app=[unknown] client=[local] LOG:  connection received: host=[local]
2026-01-07 06:55:52.867 GMT [35016] user=[unknown] db=[unknown] app=[unknown] client=[local] LOG:  connection received: host=[local]
2026-01-07 06:56:02.964 GMT [35024] user=[unknown] db=[unknown] app=[unknown] client=[local] LOG:  connection received: host=[local]
2026-01-07 06:56:13.078 GMT [35031] user=[unknown] db=[unknown] app=[unknown] client=[local] LOG:  connection received: host=[local]
2026-01-07 06:56:23.344 GMT [35038] user=[unknown] db=[unknown] app=[unknown] client=[local] LOG:  connection received: host=[local]
2026-01-07 06:56:33.423 GMT [35046] user=[unknown] db=[unknown] app=[unknown] client=[local] LOG:  connection received: host=[local]
2026-01-07 06:56:43.566 GMT [35054] user=[unknown] db=[unknown] app=[unknown] client=[local] LOG:  connection received: host=[local]
2026-01-07 06:56:53.786 GMT [35061] user=[unknown] db=[unknown] app=[unknown] client=[local] LOG:  connection received: host=[local]
2026-01-07 06:57:03.921 GMT [35069] user=[unknown] db=[unknown] app=[unknown] client=[local] LOG:  connection received: host=[local]
2026-01-07 06:57:14.054 GMT [35076] user=[unknown] db=[unknown] app=[unknown] client=[local] LOG:  connection received: host=[local]
2026-01-07 06:57:24.249 GMT [35084] user=[unknown] db=[unknown] app=[unknown] client=[local] LOG:  connection received: host=[local]
2026-01-07 06:57:34.369 GMT [35091] user=[unknown] db=[unknown] app=[unknown] client=[local] LOG:  connection received: host=[local]
2026-01-07 06:57:44.560 GMT [35099] user=[unknown] db=[unknown] app=[unknown] client=[local] LOG:  connection received: host=[local]
2026-01-07 06:57:54.791 GMT [35106] user=[unknown] db=[unknown] app=[unknown] client=[local] LOG:  connection received: host=[local]
2026-01-07 06:58:04.902 GMT [35115] user=[unknown] db=[unknown] app=[unknown] client=[local] LOG:  connection received: host=[local]
2026-01-07 06:58:15.017 GMT [35122] user=[unknown] db=[unknown] app=[unknown] client=[local] LOG:  connection received: host=[local]
2026-01-07 06:58:25.227 GMT [35130] user=[unknown] db=[unknown] app=[unknown] client=[local] LOG:  connection received: host=[local]
2026-01-07 06:58:35.373 GMT [35137] user=[unknown] db=[unknown] app=[unknown] client=[local] LOG:  connection received: host=[local]
2026-01-07 06:58:45.506 GMT [35145] user=[unknown] db=[unknown] app=[unknown] client=[local] LOG:  connection received: host=[local]
2026-01-07 06:58:55.734 GMT [35152] user=[unknown] db=[unknown] app=[unknown] client=[local] LOG:  connection received: host=[local]
2026-01-07 06:59:05.868 GMT [35160] user=[unknown] db=[unknown] app=[unknown] client=[local] LOG:  connection received: host=[local]
2026-01-07 06:59:16.059 GMT [35167] user=[unknown] db=[unknown] app=[unknown] client=[local] LOG:  connection received: host=[local]
2026-01-07 06:59:26.274 GMT [35175] user=[unknown] db=[unknown] app=[unknown] client=[local] LOG:  connection received: host=[local]
2026-01-07 06:59:36.389 GMT [35182] user=[unknown] db=[unknown] app=[unknown] client=[local] LOG:  connection received: host=[local]
2026-01-07 06:59:46.566 GMT [35190] user=[unknown] db=[unknown] app=[unknown] client=[local] LOG:  connection received: host=[local]
2026-01-07 06:59:56.795 GMT [35198] user=[unknown] db=[unknown] app=[unknown] client=[local] LOG:  connection received: host=[local]
2026-01-07 07:00:06.897 GMT [35205] user=[unknown] db=[unknown] app=[unknown] client=[local] LOG:  connection received: host=[local]
2026-01-07 07:00:17.012 GMT [35212] user=[unknown] db=[unknown] app=[unknown] client=[local] LOG:  connection received: host=[local]
2026-01-07 07:00:27.192 GMT [35220] user=[unknown] db=[unknown] app=[unknown] client=[local] LOG:  connection received: host=[local]
2026-01-07 07:00:37.309 GMT [35227] user=[unknown] db=[unknown] app=[unknown] client=[local] LOG:  connection received: host=[local]
2026-01-07 07:00:47.449 GMT [35235] user=[unknown] db=[unknown] app=[unknown] client=[local] LOG:  connection received: host=[local]
2026-01-07 07:00:57.635 GMT [35243] user=[unknown] db=[unknown] app=[unknown] client=[local] LOG:  connection received: host=[local]
2026-01-07 07:01:07.734 GMT [35251] user=[unknown] db=[unknown] app=[unknown] client=[local] LOG:  connection received: host=[local]
2026-01-07 07:01:17.875 GMT [35258] user=[unknown] db=[unknown] app=[unknown] client=[local] LOG:  connection received: host=[local]
2026-01-07 07:01:28.119 GMT [35266] user=[unknown] db=[unknown] app=[unknown] client=[local] LOG:  connection received: host=[local]
2026-01-07 07:01:38.242 GMT [35273] user=[unknown] db=[unknown] app=[unknown] client=[local] LOG:  connection received: host=[local]
2026-01-07 07:01:48.340 GMT [35281] user=[unknown] db=[unknown] app=[unknown] client=[local] LOG:  connection received: host=[local]
2026-01-07 07:01:58.544 GMT [35290] user=[unknown] db=[unknown] app=[unknown] client=[local] LOG:  connection received: host=[local]
2026-01-07 07:02:08.656 GMT [35297] user=[unknown] db=[unknown] app=[unknown] client=[local] LOG:  connection received: host=[local]
2026-01-07 07:02:18.764 GMT [35304] user=[unknown] db=[unknown] app=[unknown] client=[local] LOG:  connection received: host=[local]
2026-01-07 07:02:28.991 GMT [35312] user=[unknown] db=[unknown] app=[unknown] client=[local] LOG:  connection received: host=[local]
2026-01-07 07:02:39.117 GMT [35320] user=[unknown] db=[unknown] app=[unknown] client=[local] LOG:  connection received: host=[local]
2026-01-07 07:02:49.287 GMT [35327] user=[unknown] db=[unknown] app=[unknown] client=[local] LOG:  connection received: host=[local]
2026-01-07 07:02:59.554 GMT [35335] user=[unknown] db=[unknown] app=[unknown] client=[local] LOG:  connection received: host=[local]
2026-01-07 07:03:09.675 GMT [35342] user=[unknown] db=[unknown] app=[unknown] client=[local] LOG:  connection received: host=[local]
2026-01-07 07:03:19.804 GMT [35349] user=[unknown] db=[unknown] app=[unknown] client=[local] LOG:  connection received: host=[local]
2026-01-07 07:03:30.017 GMT [35357] user=[unknown] db=[unknown] app=[unknown] client=[local] LOG:  connection received: host=[local]
2026-01-07 07:03:40.152 GMT [35365] user=[unknown] db=[unknown] app=[unknown] client=[local] LOG:  connection received: host=[local]
2026-01-07 07:03:50.261 GMT [35372] user=[unknown] db=[unknown] app=[unknown] client=[local] LOG:  connection received: host=[local]
2026-01-07 07:04:00.450 GMT [35380] user=[unknown] db=[unknown] app=[unknown] client=[local] LOG:  connection received: host=[local]
2026-01-07 07:04:10.541 GMT [35387] user=[unknown] db=[unknown] app=[unknown] client=[local] LOG:  connection received: host=[local]
2026-01-07 07:04:20.740 GMT [35394] user=[unknown] db=[unknown] app=[unknown] client=[local] LOG:  connection received: host=[local]
2026-01-07 07:04:30.885 GMT [35402] user=[unknown] db=[unknown] app=[unknown] client=[local] LOG:  connection received: host=[local]
2026-01-07 07:04:41.043 GMT [35410] user=[unknown] db=[unknown] app=[unknown] client=[local] LOG:  connection received: host=[local]
2026-01-07 07:04:51.231 GMT [35417] user=[unknown] db=[unknown] app=[unknown] client=[local] LOG:  connection received: host=[local]
2026-01-07 07:05:01.333 GMT [35425] user=[unknown] db=[unknown] app=[unknown] client=[local] LOG:  connection received: host=[local]
2026-01-07 07:05:11.423 GMT [35432] user=[unknown] db=[unknown] app=[unknown] client=[local] LOG:  connection received: host=[local]
2026-01-07 07:05:21.655 GMT [35440] user=[unknown] db=[unknown] app=[unknown] client=[local] LOG:  connection received: host=[local]
2026-01-07 07:05:31.754 GMT [35448] user=[unknown] db=[unknown] app=[unknown] client=[local] LOG:  connection received: host=[local]
2026-01-07 07:05:41.884 GMT [35456] user=[unknown] db=[unknown] app=[unknown] client=[local] LOG:  connection received: host=[local]
2026-01-07 07:05:52.118 GMT [35463] user=[unknown] db=[unknown] app=[unknown] client=[local] LOG:  connection received: host=[local]
2026-01-07 07:06:02.250 GMT [35471] user=[unknown] db=[unknown] app=[unknown] client=[local] LOG:  connection received: host=[local]
2026-01-07 07:06:12.334 GMT [35478] user=[unknown] db=[unknown] app=[unknown] client=[local] LOG:  connection received: host=[local]
2026-01-07 07:06:22.608 GMT [35485] user=[unknown] db=[unknown] app=[unknown] client=[local] LOG:  connection received: host=[local]
2026-01-07 07:06:32.712 GMT [35493] user=[unknown] db=[unknown] app=[unknown] client=[local] LOG:  connection received: host=[local]
2026-01-07 07:06:42.907 GMT [35501] user=[unknown] db=[unknown] app=[unknown] client=[local] LOG:  connection received: host=[local]
2026-01-07 07:06:53.158 GMT [35508] user=[unknown] db=[unknown] app=[unknown] client=[local] LOG:  connection received: host=[local]
2026-01-07 07:07:03.246 GMT [35516] user=[unknown] db=[unknown] app=[unknown] client=[local] LOG:  connection received: host=[local]
2026-01-07 07:07:13.334 GMT [35523] user=[unknown] db=[unknown] app=[unknown] client=[local] LOG:  connection received: host=[local]
2026-01-07 07:07:23.583 GMT [35530] user=[unknown] db=[unknown] app=[unknown] client=[local] LOG:  connection received: host=[local]
2026-01-07 07:07:33.735 GMT [35538] user=[unknown] db=[unknown] app=[unknown] client=[local] LOG:  connection received: host=[local]
2026-01-07 07:07:43.972 GMT [35546] user=[unknown] db=[unknown] app=[unknown] client=[local] LOG:  connection received: host=[local]
2026-01-07 07:07:54.153 GMT [35553] user=[unknown] db=[unknown] app=[unknown] client=[local] LOG:  connection received: host=[local]
2026-01-07 07:08:04.293 GMT [35561] user=[unknown] db=[unknown] app=[unknown] client=[local] LOG:  connection received: host=[local]
2026-01-07 07:08:14.430 GMT [35569] user=[unknown] db=[unknown] app=[unknown] client=[local] LOG:  connection received: host=[local]
2026-01-07 07:08:24.656 GMT [35576] user=[unknown] db=[unknown] app=[unknown] client=[local] LOG:  connection received: host=[local]
2026-01-07 07:08:34.785 GMT [35584] user=[unknown] db=[unknown] app=[unknown] client=[local] LOG:  connection received: host=[local]
2026-01-07 07:08:44.934 GMT [35592] user=[unknown] db=[unknown] app=[unknown] client=[local] LOG:  connection received: host=[local]
2026-01-07 07:08:55.149 GMT [35599] user=[unknown] db=[unknown] app=[unknown] client=[local] LOG:  connection received: host=[local]
2026-01-07 07:09:05.253 GMT [35608] user=[unknown] db=[unknown] app=[unknown] client=[local] LOG:  connection received: host=[local]
2026-01-07 07:09:15.395 GMT [35615] user=[unknown] db=[unknown] app=[unknown] client=[local] LOG:  connection received: host=[local]
2026-01-07 07:09:25.620 GMT [35623] user=[unknown] db=[unknown] app=[unknown] client=[local] LOG:  connection received: host=[local]
2026-01-07 07:09:35.708 GMT [35630] user=[unknown] db=[unknown] app=[unknown] client=[local] LOG:  connection received: host=[local]
2026-01-07 07:09:45.876 GMT [35638] user=[unknown] db=[unknown] app=[unknown] client=[local] LOG:  connection received: host=[local]
2026-01-07 07:09:56.076 GMT [35645] user=[unknown] db=[unknown] app=[unknown] client=[local] LOG:  connection received: host=[local]
2026-01-07 07:10:06.214 GMT [35653] user=[unknown] db=[unknown] app=[unknown] client=[local] LOG:  connection received: host=[local]
2026-01-07 07:10:16.326 GMT [35660] user=[unknown] db=[unknown] app=[unknown] client=[local] LOG:  connection received: host=[local]
2026-01-07 07:10:26.588 GMT [35668] user=[unknown] db=[unknown] app=[unknown] client=[local] LOG:  connection received: host=[local]
2026-01-07 07:10:36.696 GMT [35675] user=[unknown] db=[unknown] app=[unknown] client=[local] LOG:  connection received: host=[local]
2026-01-07 07:10:46.839 GMT [35683] user=[unknown] db=[unknown] app=[unknown] client=[local] LOG:  connection received: host=[local]
2026-01-07 07:10:57.037 GMT [35690] user=[unknown] db=[unknown] app=[unknown] client=[local] LOG:  connection received: host=[local]
2026-01-07 07:11:07.155 GMT [35698] user=[unknown] db=[unknown] app=[unknown] client=[local] LOG:  connection received: host=[local]
2026-01-07 07:11:17.272 GMT [35705] user=[unknown] db=[unknown] app=[unknown] client=[local] LOG:  connection received: host=[local]
2026-01-07 07:11:27.472 GMT [35713] user=[unknown] db=[unknown] app=[unknown] client=[local] LOG:  connection received: host=[local]
2026-01-07 07:11:37.600 GMT [35720] user=[unknown] db=[unknown] app=[unknown] client=[local] LOG:  connection received: host=[local]
2026-01-07 07:11:47.752 GMT [35728] user=[unknown] db=[unknown] app=[unknown] client=[local] LOG:  connection received: host=[local]
2026-01-07 07:11:57.990 GMT [35736] user=[unknown] db=[unknown] app=[unknown] client=[local] LOG:  connection received: host=[local]
2026-01-07 07:12:08.117 GMT [35743] user=[unknown] db=[unknown] app=[unknown] client=[local] LOG:  connection received: host=[local]
2026-01-07 07:12:18.247 GMT [35750] user=[unknown] db=[unknown] app=[unknown] client=[local] LOG:  connection received: host=[local]
2026-01-07 07:12:28.502 GMT [35758] user=[unknown] db=[unknown] app=[unknown] client=[local] LOG:  connection received: host=[local]
2026-01-07 07:12:38.610 GMT [35765] user=[unknown] db=[unknown] app=[unknown] client=[local] LOG:  connection received: host=[local]
2026-01-07 07:12:48.791 GMT [35773] user=[unknown] db=[unknown] app=[unknown] client=[local] LOG:  connection received: host=[local]
2026-01-07 07:12:59.042 GMT [35781] user=[unknown] db=[unknown] app=[unknown] client=[local] LOG:  connection received: host=[local]
2026-01-07 07:13:09.190 GMT [35788] user=[unknown] db=[unknown] app=[unknown] client=[local] LOG:  connection received: host=[local]
2026-01-07 07:13:19.328 GMT [35796] user=[unknown] db=[unknown] app=[unknown] client=[local] LOG:  connection received: host=[local]
2026-01-07 07:13:29.579 GMT [35804] user=[unknown] db=[unknown] app=[unknown] client=[local] LOG:  connection received: host=[local]
2026-01-07 07:13:39.657 GMT [35812] user=[unknown] db=[unknown] app=[unknown] client=[local] LOG:  connection received: host=[local]
2026-01-07 07:13:49.769 GMT [35819] user=[unknown] db=[unknown] app=[unknown] client=[local] LOG:  connection received: host=[local]
2026-01-07 07:13:59.947 GMT [35827] user=[unknown] db=[unknown] app=[unknown] client=[local] LOG:  connection received: host=[local]
2026-01-07 07:14:10.082 GMT [35834] user=[unknown] db=[unknown] app=[unknown] client=[local] LOG:  connection received: host=[local]
2026-01-07 07:14:20.210 GMT [35842] user=[unknown] db=[unknown] app=[unknown] client=[local] LOG:  connection received: host=[local]
2026-01-07 07:14:30.425 GMT [35850] user=[unknown] db=[unknown] app=[unknown] client=[local] LOG:  connection received: host=[local]
2026-01-07 07:14:40.519 GMT [35858] user=[unknown] db=[unknown] app=[unknown] client=[local] LOG:  connection received: host=[local]
2026-01-07 07:14:50.642 GMT [35865] user=[unknown] db=[unknown] app=[unknown] client=[local] LOG:  connection received: host=[local]
2026-01-07 07:15:00.872 GMT [35873] user=[unknown] db=[unknown] app=[unknown] client=[local] LOG:  connection received: host=[local]
2026-01-07 07:15:11.014 GMT [35880] user=[unknown] db=[unknown] app=[unknown] client=[local] LOG:  connection received: host=[local]
2026-01-07 07:15:21.136 GMT [35887] user=[unknown] db=[unknown] app=[unknown] client=[local] LOG:  connection received: host=[local]
2026-01-07 07:15:31.347 GMT [35895] user=[unknown] db=[unknown] app=[unknown] client=[local] LOG:  connection received: host=[local]
2026-01-07 07:15:41.445 GMT [35903] user=[unknown] db=[unknown] app=[unknown] client=[local] LOG:  connection received: host=[local]
2026-01-07 07:15:51.544 GMT [35910] user=[unknown] db=[unknown] app=[unknown] client=[local] LOG:  connection received: host=[local]
2026-01-07 07:16:01.836 GMT [35919] user=[unknown] db=[unknown] app=[unknown] client=[local] LOG:  connection received: host=[local]
2026-01-07 07:16:12.020 GMT [35926] user=[unknown] db=[unknown] app=[unknown] client=[local] LOG:  connection received: host=[local]
2026-01-07 07:16:22.151 GMT [35933] user=[unknown] db=[unknown] app=[unknown] client=[local] LOG:  connection received: host=[local]
2026-01-07 07:16:32.396 GMT [35941] user=[unknown] db=[unknown] app=[unknown] client=[local] LOG:  connection received: host=[local]
2026-01-07 07:16:42.527 GMT [35949] user=[unknown] db=[unknown] app=[unknown] client=[local] LOG:  connection received: host=[local]
2026-01-07 07:16:52.679 GMT [35957] user=[unknown] db=[unknown] app=[unknown] client=[local] LOG:  connection received: host=[local]
2026-01-07 07:17:02.918 GMT [35965] user=[unknown] db=[unknown] app=[unknown] client=[local] LOG:  connection received: host=[local]
2026-01-07 07:17:13.029 GMT [35972] user=[unknown] db=[unknown] app=[unknown] client=[local] LOG:  connection received: host=[local]
2026-01-07 07:17:23.184 GMT [35979] user=[unknown] db=[unknown] app=[unknown] client=[local] LOG:  connection received: host=[local]
2026-01-07 07:17:33.424 GMT [35987] user=[unknown] db=[unknown] app=[unknown] client=[local] LOG:  connection received: host=[local]
2026-01-07 07:17:43.584 GMT [35995] user=[unknown] db=[unknown] app=[unknown] client=[local] LOG:  connection received: host=[local]
2026-01-07 07:17:53.834 GMT [36002] user=[unknown] db=[unknown] app=[unknown] client=[local] LOG:  connection received: host=[local]
2026-01-07 07:18:03.966 GMT [36010] user=[unknown] db=[unknown] app=[unknown] client=[local] LOG:  connection received: host=[local]
2026-01-07 07:18:14.116 GMT [36017] user=[unknown] db=[unknown] app=[unknown] client=[local] LOG:  connection received: host=[local]
2026-01-07 07:18:24.327 GMT [36024] user=[unknown] db=[unknown] app=[unknown] client=[local] LOG:  connection received: host=[local]
2026-01-07 07:18:34.445 GMT [36032] user=[unknown] db=[unknown] app=[unknown] client=[local] LOG:  connection received: host=[local]
2026-01-07 07:18:44.551 GMT [36040] user=[unknown] db=[unknown] app=[unknown] client=[local] LOG:  connection received: host=[local]
2026-01-07 07:18:54.763 GMT [36048] user=[unknown] db=[unknown] app=[unknown] client=[local] LOG:  connection received: host=[local]
2026-01-07 07:19:04.893 GMT [36056] user=[unknown] db=[unknown] app=[unknown] client=[local] LOG:  connection received: host=[local]
2026-01-07 07:19:15.006 GMT [36063] user=[unknown] db=[unknown] app=[unknown] client=[local] LOG:  connection received: host=[local]
2026-01-07 07:19:25.198 GMT [36071] user=[unknown] db=[unknown] app=[unknown] client=[local] LOG:  connection received: host=[local]
2026-01-07 07:19:35.311 GMT [36079] user=[unknown] db=[unknown] app=[unknown] client=[local] LOG:  connection received: host=[local]
2026-01-07 07:19:45.441 GMT [36087] user=[unknown] db=[unknown] app=[unknown] client=[local] LOG:  connection received: host=[local]
2026-01-07 07:19:55.651 GMT [36094] user=[unknown] db=[unknown] app=[unknown] client=[local] LOG:  connection received: host=[local]
2026-01-07 07:20:05.790 GMT [36102] user=[unknown] db=[unknown] app=[unknown] client=[local] LOG:  connection received: host=[local]
2026-01-07 07:20:15.928 GMT [36109] user=[unknown] db=[unknown] app=[unknown] client=[local] LOG:  connection received: host=[local]
2026-01-07 07:20:26.134 GMT [36116] user=[unknown] db=[unknown] app=[unknown] client=[local] LOG:  connection received: host=[local]
2026-01-07 07:20:36.243 GMT [36124] user=[unknown] db=[unknown] app=[unknown] client=[local] LOG:  connection received: host=[local]
2026-01-07 07:20:46.384 GMT [36132] user=[unknown] db=[unknown] app=[unknown] client=[local] LOG:  connection received: host=[local]
2026-01-07 07:20:56.615 GMT [36139] user=[unknown] db=[unknown] app=[unknown] client=[local] LOG:  connection received: host=[local]
2026-01-07 07:21:06.737 GMT [36148] user=[unknown] db=[unknown] app=[unknown] client=[local] LOG:  connection received: host=[local]
2026-01-07 07:21:16.830 GMT [36155] user=[unknown] db=[unknown] app=[unknown] client=[local] LOG:  connection received: host=[local]
2026-01-07 07:21:27.065 GMT [36163] user=[unknown] db=[unknown] app=[unknown] client=[local] LOG:  connection received: host=[local]
2026-01-07 07:21:37.184 GMT [36170] user=[unknown] db=[unknown] app=[unknown] client=[local] LOG:  connection received: host=[local]
2026-01-07 07:21:47.372 GMT [36178] user=[unknown] db=[unknown] app=[unknown] client=[local] LOG:  connection received: host=[local]
2026-01-07 07:21:57.606 GMT [36185] user=[unknown] db=[unknown] app=[unknown] client=[local] LOG:  connection received: host=[local]
2026-01-07 07:22:07.709 GMT [36194] user=[unknown] db=[unknown] app=[unknown] client=[local] LOG:  connection received: host=[local]
2026-01-07 07:22:17.881 GMT [36201] user=[unknown] db=[unknown] app=[unknown] client=[local] LOG:  connection received: host=[local]
2026-01-07 07:22:28.101 GMT [36209] user=[unknown] db=[unknown] app=[unknown] client=[local] LOG:  connection received: host=[local]
2026-01-07 07:22:38.243 GMT [36216] user=[unknown] db=[unknown] app=[unknown] client=[local] LOG:  connection received: host=[local]
2026-01-07 07:22:48.440 GMT [36224] user=[unknown] db=[unknown] app=[unknown] client=[local] LOG:  connection received: host=[local]
2026-01-07 07:22:58.658 GMT [36232] user=[unknown] db=[unknown] app=[unknown] client=[local] LOG:  connection received: host=[local]
2026-01-07 07:23:08.782 GMT [36239] user=[unknown] db=[unknown] app=[unknown] client=[local] LOG:  connection received: host=[local]
2026-01-07 07:23:18.901 GMT [36246] user=[unknown] db=[unknown] app=[unknown] client=[local] LOG:  connection received: host=[local]
2026-01-07 07:23:29.123 GMT [36254] user=[unknown] db=[unknown] app=[unknown] client=[local] LOG:  connection received: host=[local]
2026-01-07 07:23:39.227 GMT [36262] user=[unknown] db=[unknown] app=[unknown] client=[local] LOG:  connection received: host=[local]
2026-01-07 07:23:49.409 GMT [36269] user=[unknown] db=[unknown] app=[unknown] client=[local] LOG:  connection received: host=[local]
2026-01-07 07:23:59.621 GMT [36277] user=[unknown] db=[unknown] app=[unknown] client=[local] LOG:  connection received: host=[local]
2026-01-07 07:24:09.770 GMT [36284] user=[unknown] db=[unknown] app=[unknown] client=[local] LOG:  connection received: host=[local]
2026-01-07 07:24:19.889 GMT [36291] user=[unknown] db=[unknown] app=[unknown] client=[local] LOG:  connection received: host=[local]
2026-01-07 07:24:30.140 GMT [36299] user=[unknown] db=[unknown] app=[unknown] client=[local] LOG:  connection received: host=[local]
2026-01-07 07:24:40.257 GMT [36307] user=[unknown] db=[unknown] app=[unknown] client=[local] LOG:  connection received: host=[local]
2026-01-07 07:24:50.496 GMT [36314] user=[unknown] db=[unknown] app=[unknown] client=[local] LOG:  connection received: host=[local]
2026-01-07 07:25:00.662 GMT [36322] user=[unknown] db=[unknown] app=[unknown] client=[local] LOG:  connection received: host=[local]
2026-01-07 07:25:10.752 GMT [36330] user=[unknown] db=[unknown] app=[unknown] client=[local] LOG:  connection received: host=[local]
2026-01-07 07:25:20.910 GMT [36337] user=[unknown] db=[unknown] app=[unknown] client=[local] LOG:  connection received: host=[local]
2026-01-07 07:25:31.114 GMT [36345] user=[unknown] db=[unknown] app=[unknown] client=[local] LOG:  connection received: host=[local]
2026-01-07 07:25:41.254 GMT [36353] user=[unknown] db=[unknown] app=[unknown] client=[local] LOG:  connection received: host=[local]
2026-01-07 07:25:51.437 GMT [36360] user=[unknown] db=[unknown] app=[unknown] client=[local] LOG:  connection received: host=[local]
2026-01-07 07:26:01.715 GMT [36368] user=[unknown] db=[unknown] app=[unknown] client=[local] LOG:  connection received: host=[local]
2026-01-07 07:26:11.833 GMT [36375] user=[unknown] db=[unknown] app=[unknown] client=[local] LOG:  connection received: host=[local]
2026-01-07 07:26:21.955 GMT [36382] user=[unknown] db=[unknown] app=[unknown] client=[local] LOG:  connection received: host=[local]
2026-01-07 07:26:32.195 GMT [36391] user=[unknown] db=[unknown] app=[unknown] client=[local] LOG:  connection received: host=[local]
2026-01-07 07:26:42.314 GMT [36399] user=[unknown] db=[unknown] app=[unknown] client=[local] LOG:  connection received: host=[local]
2026-01-07 07:26:52.398 GMT [36407] user=[unknown] db=[unknown] app=[unknown] client=[local] LOG:  connection received: host=[local]
2026-01-07 07:27:02.590 GMT [36415] user=[unknown] db=[unknown] app=[unknown] client=[local] LOG:  connection received: host=[local]
2026-01-07 07:27:12.688 GMT [36423] user=[unknown] db=[unknown] app=[unknown] client=[local] LOG:  connection received: host=[local]
2026-01-07 07:27:22.793 GMT [36430] user=[unknown] db=[unknown] app=[unknown] client=[local] LOG:  connection received: host=[local]
2026-01-07 07:27:33.016 GMT [36438] user=[unknown] db=[unknown] app=[unknown] client=[local] LOG:  connection received: host=[local]
2026-01-07 07:27:43.120 GMT [36446] user=[unknown] db=[unknown] app=[unknown] client=[local] LOG:  connection received: host=[local]
2026-01-07 07:27:53.279 GMT [36453] user=[unknown] db=[unknown] app=[unknown] client=[local] LOG:  connection received: host=[local]
2026-01-07 07:28:03.497 GMT [36461] user=[unknown] db=[unknown] app=[unknown] client=[local] LOG:  connection received: host=[local]
2026-01-07 07:28:13.594 GMT [36468] user=[unknown] db=[unknown] app=[unknown] client=[local] LOG:  connection received: host=[local]
2026-01-07 07:28:23.681 GMT [36475] user=[unknown] db=[unknown] app=[unknown] client=[local] LOG:  connection received: host=[local]
2026-01-07 07:28:33.943 GMT [36483] user=[unknown] db=[unknown] app=[unknown] client=[local] LOG:  connection received: host=[local]
2026-01-07 07:28:44.073 GMT [36491] user=[unknown] db=[unknown] app=[unknown] client=[local] LOG:  connection received: host=[local]
2026-01-07 07:28:54.196 GMT [36499] user=[unknown] db=[unknown] app=[unknown] client=[local] LOG:  connection received: host=[local]
2026-01-07 07:29:04.458 GMT [36507] user=[unknown] db=[unknown] app=[unknown] client=[local] LOG:  connection received: host=[local]
2026-01-07 07:29:14.587 GMT [36514] user=[unknown] db=[unknown] app=[unknown] client=[local] LOG:  connection received: host=[local]
2026-01-07 07:29:24.687 GMT [36521] user=[unknown] db=[unknown] app=[unknown] client=[local] LOG:  connection received: host=[local]
2026-01-07 07:29:34.882 GMT [36529] user=[unknown] db=[unknown] app=[unknown] client=[local] LOG:  connection received: host=[local]
2026-01-07 07:29:45.051 GMT [36537] user=[unknown] db=[unknown] app=[unknown] client=[local] LOG:  connection received: host=[local]
2026-01-07 07:29:55.146 GMT [36544] user=[unknown] db=[unknown] app=[unknown] client=[local] LOG:  connection received: host=[local]
2026-01-07 07:30:05.361 GMT [36553] user=[unknown] db=[unknown] app=[unknown] client=[local] LOG:  connection received: host=[local]
2026-01-07 07:30:15.455 GMT [36560] user=[unknown] db=[unknown] app=[unknown] client=[local] LOG:  connection received: host=[local]
2026-01-07 07:30:25.591 GMT [36567] user=[unknown] db=[unknown] app=[unknown] client=[local] LOG:  connection received: host=[local]
2026-01-07 07:30:35.857 GMT [36575] user=[unknown] db=[unknown] app=[unknown] client=[local] LOG:  connection received: host=[local]
2026-01-07 07:30:46.017 GMT [36584] user=[unknown] db=[unknown] app=[unknown] client=[local] LOG:  connection received: host=[local]
2026-01-07 07:30:56.171 GMT [36591] user=[unknown] db=[unknown] app=[unknown] client=[local] LOG:  connection received: host=[local]
2026-01-07 07:31:06.379 GMT [36599] user=[unknown] db=[unknown] app=[unknown] client=[local] LOG:  connection received: host=[local]
2026-01-07 07:31:16.525 GMT [36606] user=[unknown] db=[unknown] app=[unknown] client=[local] LOG:  connection received: host=[local]
2026-01-07 07:31:26.761 GMT [36613] user=[unknown] db=[unknown] app=[unknown] client=[local] LOG:  connection received: host=[local]
2026-01-07 07:31:36.873 GMT [36622] user=[unknown] db=[unknown] app=[unknown] client=[local] LOG:  connection received: host=[local]
2026-01-07 07:31:47.027 GMT [36630] user=[unknown] db=[unknown] app=[unknown] client=[local] LOG:  connection received: host=[local]
2026-01-07 07:31:57.229 GMT [36637] user=[unknown] db=[unknown] app=[unknown] client=[local] LOG:  connection received: host=[local]
2026-01-07 07:32:07.348 GMT [36645] user=[unknown] db=[unknown] app=[unknown] client=[local] LOG:  connection received: host=[local]
2026-01-07 07:32:17.445 GMT [36652] user=[unknown] db=[unknown] app=[unknown] client=[local] LOG:  connection received: host=[local]
2026-01-07 07:32:27.681 GMT [36659] user=[unknown] db=[unknown] app=[unknown] client=[local] LOG:  connection received: host=[local]
2026-01-07 07:32:37.795 GMT [36667] user=[unknown] db=[unknown] app=[unknown] client=[local] LOG:  connection received: host=[local]
2026-01-07 07:32:47.928 GMT [36675] user=[unknown] db=[unknown] app=[unknown] client=[local] LOG:  connection received: host=[local]
2026-01-07 07:32:58.187 GMT [36682] user=[unknown] db=[unknown] app=[unknown] client=[local] LOG:  connection received: host=[local]
2026-01-07 07:33:08.312 GMT [36690] user=[unknown] db=[unknown] app=[unknown] client=[local] LOG:  connection received: host=[local]
2026-01-07 07:33:18.480 GMT [36697] user=[unknown] db=[unknown] app=[unknown] client=[local] LOG:  connection received: host=[local]
2026-01-07 07:33:28.764 GMT [36705] user=[unknown] db=[unknown] app=[unknown] client=[local] LOG:  connection received: host=[local]
2026-01-07 07:33:38.891 GMT [36712] user=[unknown] db=[unknown] app=[unknown] client=[local] LOG:  connection received: host=[local]
2026-01-07 07:33:49.066 GMT [36720] user=[unknown] db=[unknown] app=[unknown] client=[local] LOG:  connection received: host=[local]
2026-01-07 07:33:59.294 GMT [36727] user=[unknown] db=[unknown] app=[unknown] client=[local] LOG:  connection received: host=[local]
2026-01-07 07:34:09.425 GMT [36736] user=[unknown] db=[unknown] app=[unknown] client=[local] LOG:  connection received: host=[local]
2026-01-07 07:34:19.555 GMT [36743] user=[unknown] db=[unknown] app=[unknown] client=[local] LOG:  connection received: host=[local]
2026-01-07 07:34:29.787 GMT [36751] user=[unknown] db=[unknown] app=[unknown] client=[local] LOG:  connection received: host=[local]
2026-01-07 07:34:39.921 GMT [36759] user=[unknown] db=[unknown] app=[unknown] client=[local] LOG:  connection received: host=[local]
2026-01-07 07:34:50.025 GMT [36766] user=[unknown] db=[unknown] app=[unknown] client=[local] LOG:  connection received: host=[local]
2026-01-07 07:35:00.223 GMT [36774] user=[unknown] db=[unknown] app=[unknown] client=[local] LOG:  connection received: host=[local]
2026-01-07 07:35:10.342 GMT [36782] user=[unknown] db=[unknown] app=[unknown] client=[local] LOG:  connection received: host=[local]
2026-01-07 07:35:20.504 GMT [36789] user=[unknown] db=[unknown] app=[unknown] client=[local] LOG:  connection received: host=[local]
2026-01-07 07:35:30.709 GMT [36798] user=[unknown] db=[unknown] app=[unknown] client=[local] LOG:  connection received: host=[local]
2026-01-07 07:35:40.826 GMT [36806] user=[unknown] db=[unknown] app=[unknown] client=[local] LOG:  connection received: host=[local]
2026-01-07 07:35:50.941 GMT [36813] user=[unknown] db=[unknown] app=[unknown] client=[local] LOG:  connection received: host=[local]
2026-01-07 07:36:01.146 GMT [36821] user=[unknown] db=[unknown] app=[unknown] client=[local] LOG:  connection received: host=[local]
2026-01-07 07:36:11.251 GMT [36828] user=[unknown] db=[unknown] app=[unknown] client=[local] LOG:  connection received: host=[local]
2026-01-07 07:36:21.361 GMT [36835] user=[unknown] db=[unknown] app=[unknown] client=[local] LOG:  connection received: host=[local]
2026-01-07 07:36:31.578 GMT [36843] user=[unknown] db=[unknown] app=[unknown] client=[local] LOG:  connection received: host=[local]
2026-01-07 07:36:41.724 GMT [36852] user=[unknown] db=[unknown] app=[unknown] client=[local] LOG:  connection received: host=[local]
2026-01-07 07:36:51.875 GMT [36859] user=[unknown] db=[unknown] app=[unknown] client=[local] LOG:  connection received: host=[local]
2026-01-07 07:37:02.122 GMT [36867] user=[unknown] db=[unknown] app=[unknown] client=[local] LOG:  connection received: host=[local]
2026-01-07 07:37:12.243 GMT [36874] user=[unknown] db=[unknown] app=[unknown] client=[local] LOG:  connection received: host=[local]
2026-01-07 07:37:22.350 GMT [36882] user=[unknown] db=[unknown] app=[unknown] client=[local] LOG:  connection received: host=[local]
2026-01-07 07:37:32.581 GMT [36890] user=[unknown] db=[unknown] app=[unknown] client=[local] LOG:  connection received: host=[local]
2026-01-07 07:37:42.696 GMT [36898] user=[unknown] db=[unknown] app=[unknown] client=[local] LOG:  connection received: host=[local]
2026-01-07 07:37:52.842 GMT [36905] user=[unknown] db=[unknown] app=[unknown] client=[local] LOG:  connection received: host=[local]
2026-01-07 07:38:03.083 GMT [36913] user=[unknown] db=[unknown] app=[unknown] client=[local] LOG:  connection received: host=[local]
2026-01-07 07:38:13.193 GMT [36920] user=[unknown] db=[unknown] app=[unknown] client=[local] LOG:  connection received: host=[local]
2026-01-07 07:38:23.303 GMT [36927] user=[unknown] db=[unknown] app=[unknown] client=[local] LOG:  connection received: host=[local]
2026-01-07 07:38:33.557 GMT [36935] user=[unknown] db=[unknown] app=[unknown] client=[local] LOG:  connection received: host=[local]
2026-01-07 07:38:43.679 GMT [36943] user=[unknown] db=[unknown] app=[unknown] client=[local] LOG:  connection received: host=[local]
2026-01-07 07:38:53.901 GMT [36950] user=[unknown] db=[unknown] app=[unknown] client=[local] LOG:  connection received: host=[local]
2026-01-07 07:39:04.124 GMT [36958] user=[unknown] db=[unknown] app=[unknown] client=[local] LOG:  connection received: host=[local]
2026-01-07 07:39:14.268 GMT [36965] user=[unknown] db=[unknown] app=[unknown] client=[local] LOG:  connection received: host=[local]
2026-01-07 07:39:24.382 GMT [36972] user=[unknown] db=[unknown] app=[unknown] client=[local] LOG:  connection received: host=[local]
2026-01-07 07:39:34.638 GMT [36980] user=[unknown] db=[unknown] app=[unknown] client=[local] LOG:  connection received: host=[local]
2026-01-07 07:39:44.801 GMT [36988] user=[unknown] db=[unknown] app=[unknown] client=[local] LOG:  connection received: host=[local]
2026-01-07 07:39:55.017 GMT [36995] user=[unknown] db=[unknown] app=[unknown] client=[local] LOG:  connection received: host=[local]
2026-01-07 07:40:05.290 GMT [37003] user=[unknown] db=[unknown] app=[unknown] client=[local] LOG:  connection received: host=[local]
2026-01-07 07:40:15.448 GMT [37010] user=[unknown] db=[unknown] app=[unknown] client=[local] LOG:  connection received: host=[local]
2026-01-07 07:40:25.549 GMT [37017] user=[unknown] db=[unknown] app=[unknown] client=[local] LOG:  connection received: host=[local]
2026-01-07 07:40:35.799 GMT [37025] user=[unknown] db=[unknown] app=[unknown] client=[local] LOG:  connection received: host=[local]
2026-01-07 07:40:45.930 GMT [37033] user=[unknown] db=[unknown] app=[unknown] client=[local] LOG:  connection received: host=[local]
2026-01-07 07:40:56.060 GMT [37040] user=[unknown] db=[unknown] app=[unknown] client=[local] LOG:  connection received: host=[local]
2026-01-07 07:41:06.307 GMT [37048] user=[unknown] db=[unknown] app=[unknown] client=[local] LOG:  connection received: host=[local]
2026-01-07 07:41:16.435 GMT [37055] user=[unknown] db=[unknown] app=[unknown] client=[local] LOG:  connection received: host=[local]
2026-01-07 07:41:26.555 GMT [37062] user=[unknown] db=[unknown] app=[unknown] client=[local] LOG:  connection received: host=[local]
2026-01-07 07:41:36.786 GMT [37070] user=[unknown] db=[unknown] app=[unknown] client=[local] LOG:  connection received: host=[local]
2026-01-07 07:41:46.898 GMT [37078] user=[unknown] db=[unknown] app=[unknown] client=[local] LOG:  connection received: host=[local]
2026-01-07 07:41:57.070 GMT [37085] user=[unknown] db=[unknown] app=[unknown] client=[local] LOG:  connection received: host=[local]
2026-01-07 07:42:07.292 GMT [37093] user=[unknown] db=[unknown] app=[unknown] client=[local] LOG:  connection received: host=[local]
2026-01-07 07:42:17.447 GMT [37100] user=[unknown] db=[unknown] app=[unknown] client=[local] LOG:  connection received: host=[local]
2026-01-07 07:42:27.577 GMT [37107] user=[unknown] db=[unknown] app=[unknown] client=[local] LOG:  connection received: host=[local]
2026-01-07 07:42:37.767 GMT [37115] user=[unknown] db=[unknown] app=[unknown] client=[local] LOG:  connection received: host=[local]
2026-01-07 07:42:47.878 GMT [37123] user=[unknown] db=[unknown] app=[unknown] client=[local] LOG:  connection received: host=[local]
2026-01-07 07:42:57.993 GMT [37130] user=[unknown] db=[unknown] app=[unknown] client=[local] LOG:  connection received: host=[local]
2026-01-07 07:43:08.221 GMT [37138] user=[unknown] db=[unknown] app=[unknown] client=[local] LOG:  connection received: host=[local]
2026-01-07 07:43:18.349 GMT [37145] user=[unknown] db=[unknown] app=[unknown] client=[local] LOG:  connection received: host=[local]
2026-01-07 07:43:28.482 GMT [37152] user=[unknown] db=[unknown] app=[unknown] client=[local] LOG:  connection received: host=[local]
2026-01-07 07:43:38.721 GMT [37160] user=[unknown] db=[unknown] app=[unknown] client=[local] LOG:  connection received: host=[local]
2026-01-07 07:43:48.860 GMT [37168] user=[unknown] db=[unknown] app=[unknown] client=[local] LOG:  connection received: host=[local]
2026-01-07 07:43:58.951 GMT [37175] user=[unknown] db=[unknown] app=[unknown] client=[local] LOG:  connection received: host=[local]
2026-01-07 07:44:09.189 GMT [37183] user=[unknown] db=[unknown] app=[unknown] client=[local] LOG:  connection received: host=[local]
2026-01-07 07:44:19.296 GMT [37190] user=[unknown] db=[unknown] app=[unknown] client=[local] LOG:  connection received: host=[local]
2026-01-07 07:44:29.416 GMT [37197] user=[unknown] db=[unknown] app=[unknown] client=[local] LOG:  connection received: host=[local]
2026-01-07 07:44:39.620 GMT [37206] user=[unknown] db=[unknown] app=[unknown] client=[local] LOG:  connection received: host=[local]
2026-01-07 07:44:49.755 GMT [37213] user=[unknown] db=[unknown] app=[unknown] client=[local] LOG:  connection received: host=[local]
2026-01-07 07:44:59.957 GMT [37220] user=[unknown] db=[unknown] app=[unknown] client=[local] LOG:  connection received: host=[local]
2026-01-07 07:45:10.090 GMT [37228] user=[unknown] db=[unknown] app=[unknown] client=[local] LOG:  connection received: host=[local]
2026-01-07 07:45:20.196 GMT [37236] user=[unknown] db=[unknown] app=[unknown] client=[local] LOG:  connection received: host=[local]
2026-01-07 07:45:30.422 GMT [37244] user=[unknown] db=[unknown] app=[unknown] client=[local] LOG:  connection received: host=[local]
2026-01-07 07:45:40.558 GMT [37252] user=[unknown] db=[unknown] app=[unknown] client=[local] LOG:  connection received: host=[local]
2026-01-07 07:45:50.730 GMT [37259] user=[unknown] db=[unknown] app=[unknown] client=[local] LOG:  connection received: host=[local]
2026-01-07 07:46:00.933 GMT [37266] user=[unknown] db=[unknown] app=[unknown] client=[local] LOG:  connection received: host=[local]
2026-01-07 07:46:11.073 GMT [37274] user=[unknown] db=[unknown] app=[unknown] client=[local] LOG:  connection received: host=[local]
2026-01-07 07:46:21.215 GMT [37281] user=[unknown] db=[unknown] app=[unknown] client=[local] LOG:  connection received: host=[local]
2026-01-07 07:46:31.456 GMT [37289] user=[unknown] db=[unknown] app=[unknown] client=[local] LOG:  connection received: host=[local]
2026-01-07 07:46:41.581 GMT [37297] user=[unknown] db=[unknown] app=[unknown] client=[local] LOG:  connection received: host=[local]
2026-01-07 07:46:51.788 GMT [37304] user=[unknown] db=[unknown] app=[unknown] client=[local] LOG:  connection received: host=[local]
2026-01-07 07:47:01.991 GMT [37312] user=[unknown] db=[unknown] app=[unknown] client=[local] LOG:  connection received: host=[local]
2026-01-07 07:47:12.108 GMT [37319] user=[unknown] db=[unknown] app=[unknown] client=[local] LOG:  connection received: host=[local]
2026-01-07 07:47:22.222 GMT [37326] user=[unknown] db=[unknown] app=[unknown] client=[local] LOG:  connection received: host=[local]
2026-01-07 07:47:32.453 GMT [37334] user=[unknown] db=[unknown] app=[unknown] client=[local] LOG:  connection received: host=[local]
2026-01-07 07:47:42.602 GMT [37342] user=[unknown] db=[unknown] app=[unknown] client=[local] LOG:  connection received: host=[local]
2026-01-07 07:47:52.682 GMT [37349] user=[unknown] db=[unknown] app=[unknown] client=[local] LOG:  connection received: host=[local]
2026-01-07 07:48:02.921 GMT [37357] user=[unknown] db=[unknown] app=[unknown] client=[local] LOG:  connection received: host=[local]
2026-01-07 07:48:13.028 GMT [37364] user=[unknown] db=[unknown] app=[unknown] client=[local] LOG:  connection received: host=[local]
2026-01-07 07:48:23.669 GMT [37371] user=[unknown] db=[unknown] app=[unknown] client=[local] LOG:  connection received: host=[local]
2026-01-07 07:48:33.682 GMT [37379] user=[unknown] db=[unknown] app=[unknown] client=[local] LOG:  connection received: host=[local]
2026-01-07 07:48:43.850 GMT [37387] user=[unknown] db=[unknown] app=[unknown] client=[local] LOG:  connection received: host=[local]
2026-01-07 07:48:54.003 GMT [37394] user=[unknown] db=[unknown] app=[unknown] client=[local] LOG:  connection received: host=[local]
2026-01-07 07:49:04.229 GMT [37402] user=[unknown] db=[unknown] app=[unknown] client=[local] LOG:  connection received: host=[local]
2026-01-07 07:49:14.365 GMT [37409] user=[unknown] db=[unknown] app=[unknown] client=[local] LOG:  connection received: host=[local]
2026-01-07 07:49:24.457 GMT [37416] user=[unknown] db=[unknown] app=[unknown] client=[local] LOG:  connection received: host=[local]
2026-01-07 07:49:34.688 GMT [37424] user=[unknown] db=[unknown] app=[unknown] client=[local] LOG:  connection received: host=[local]
2026-01-07 07:49:44.775 GMT [37432] user=[unknown] db=[unknown] app=[unknown] client=[local] LOG:  connection received: host=[local]
2026-01-07 07:49:54.910 GMT [37439] user=[unknown] db=[unknown] app=[unknown] client=[local] LOG:  connection received: host=[local]
2026-01-07 07:50:05.216 GMT [37447] user=[unknown] db=[unknown] app=[unknown] client=[local] LOG:  connection received: host=[local]
2026-01-07 07:50:15.322 GMT [37455] user=[unknown] db=[unknown] app=[unknown] client=[local] LOG:  connection received: host=[local]
2026-01-07 07:50:25.447 GMT [37462] user=[unknown] db=[unknown] app=[unknown] client=[local] LOG:  connection received: host=[local]
2026-01-07 07:50:35.690 GMT [37470] user=[unknown] db=[unknown] app=[unknown] client=[local] LOG:  connection received: host=[local]
2026-01-07 07:50:45.785 GMT [37478] user=[unknown] db=[unknown] app=[unknown] client=[local] LOG:  connection received: host=[local]
2026-01-07 07:50:55.966 GMT [37485] user=[unknown] db=[unknown] app=[unknown] client=[local] LOG:  connection received: host=[local]
2026-01-07 07:51:06.191 GMT [37493] user=[unknown] db=[unknown] app=[unknown] client=[local] LOG:  connection received: host=[local]
2026-01-07 07:51:16.303 GMT [37500] user=[unknown] db=[unknown] app=[unknown] client=[local] LOG:  connection received: host=[local]
2026-01-07 07:51:26.414 GMT [37507] user=[unknown] db=[unknown] app=[unknown] client=[local] LOG:  connection received: host=[local]
2026-01-07 07:51:36.661 GMT [37515] user=[unknown] db=[unknown] app=[unknown] client=[local] LOG:  connection received: host=[local]
2026-01-07 07:51:46.760 GMT [37523] user=[unknown] db=[unknown] app=[unknown] client=[local] LOG:  connection received: host=[local]
2026-01-07 07:51:56.930 GMT [37530] user=[unknown] db=[unknown] app=[unknown] client=[local] LOG:  connection received: host=[local]
2026-01-07 07:52:07.260 GMT [37538] user=[unknown] db=[unknown] app=[unknown] client=[local] LOG:  connection received: host=[local]
2026-01-07 07:52:17.398 GMT [37545] user=[unknown] db=[unknown] app=[unknown] client=[local] LOG:  connection received: host=[local]
2026-01-07 07:52:27.542 GMT [37552] user=[unknown] db=[unknown] app=[unknown] client=[local] LOG:  connection received: host=[local]
2026-01-07 07:52:37.795 GMT [37560] user=[unknown] db=[unknown] app=[unknown] client=[local] LOG:  connection received: host=[local]
2026-01-07 07:52:47.903 GMT [37568] user=[unknown] db=[unknown] app=[unknown] client=[local] LOG:  connection received: host=[local]
2026-01-07 07:52:58.044 GMT [37575] user=[unknown] db=[unknown] app=[unknown] client=[local] LOG:  connection received: host=[local]
2026-01-07 07:53:08.263 GMT [37583] user=[unknown] db=[unknown] app=[unknown] client=[local] LOG:  connection received: host=[local]
2026-01-07 07:53:18.381 GMT [37590] user=[unknown] db=[unknown] app=[unknown] client=[local] LOG:  connection received: host=[local]
2026-01-07 07:53:28.506 GMT [37597] user=[unknown] db=[unknown] app=[unknown] client=[local] LOG:  connection received: host=[local]
2026-01-07 07:53:38.755 GMT [37605] user=[unknown] db=[unknown] app=[unknown] client=[local] LOG:  connection received: host=[local]
2026-01-07 07:53:48.882 GMT [37613] user=[unknown] db=[unknown] app=[unknown] client=[local] LOG:  connection received: host=[local]
2026-01-07 07:53:59.032 GMT [37620] user=[unknown] db=[unknown] app=[unknown] client=[local] LOG:  connection received: host=[local]
2026-01-07 07:54:09.273 GMT [37628] user=[unknown] db=[unknown] app=[unknown] client=[local] LOG:  connection received: host=[local]
2026-01-07 07:54:19.391 GMT [37635] user=[unknown] db=[unknown] app=[unknown] client=[local] LOG:  connection received: host=[local]
2026-01-07 07:54:29.525 GMT [37642] user=[unknown] db=[unknown] app=[unknown] client=[local] LOG:  connection received: host=[local]
2026-01-07 07:54:39.749 GMT [37650] user=[unknown] db=[unknown] app=[unknown] client=[local] LOG:  connection received: host=[local]
2026-01-07 07:54:49.829 GMT [37658] user=[unknown] db=[unknown] app=[unknown] client=[local] LOG:  connection received: host=[local]
2026-01-07 07:54:59.935 GMT [37665] user=[unknown] db=[unknown] app=[unknown] client=[local] LOG:  connection received: host=[local]
2026-01-07 07:55:10.184 GMT [37673] user=[unknown] db=[unknown] app=[unknown] client=[local] LOG:  connection received: host=[local]
2026-01-07 07:55:20.325 GMT [37680] user=[unknown] db=[unknown] app=[unknown] client=[local] LOG:  connection received: host=[local]
2026-01-07 07:55:30.446 GMT [37688] user=[unknown] db=[unknown] app=[unknown] client=[local] LOG:  connection received: host=[local]
2026-01-07 07:55:40.669 GMT [37697] user=[unknown] db=[unknown] app=[unknown] client=[local] LOG:  connection received: host=[local]
2026-01-07 07:55:50.813 GMT [37705] user=[unknown] db=[unknown] app=[unknown] client=[local] LOG:  connection received: host=[local]
2026-01-07 07:56:00.985 GMT [37712] user=[unknown] db=[unknown] app=[unknown] client=[local] LOG:  connection received: host=[local]
2026-01-07 07:56:11.226 GMT [37720] user=[unknown] db=[unknown] app=[unknown] client=[local] LOG:  connection received: host=[local]
2026-01-07 07:56:21.371 GMT [37727] user=[unknown] db=[unknown] app=[unknown] client=[local] LOG:  connection received: host=[local]
2026-01-07 07:56:31.443 GMT [37735] user=[unknown] db=[unknown] app=[unknown] client=[local] LOG:  connection received: host=[local]
2026-01-07 07:56:41.714 GMT [37743] user=[unknown] db=[unknown] app=[unknown] client=[local] LOG:  connection received: host=[local]
2026-01-07 07:56:51.829 GMT [37750] user=[unknown] db=[unknown] app=[unknown] client=[local] LOG:  connection received: host=[local]
2026-01-07 07:57:01.959 GMT [37757] user=[unknown] db=[unknown] app=[unknown] client=[local] LOG:  connection received: host=[local]
2026-01-07 07:57:12.199 GMT [37765] user=[unknown] db=[unknown] app=[unknown] client=[local] LOG:  connection received: host=[local]
2026-01-07 07:57:22.351 GMT [37772] user=[unknown] db=[unknown] app=[unknown] client=[local] LOG:  connection received: host=[local]
2026-01-07 07:57:32.506 GMT [37780] user=[unknown] db=[unknown] app=[unknown] client=[local] LOG:  connection received: host=[local]
2026-01-07 07:57:42.716 GMT [37789] user=[unknown] db=[unknown] app=[unknown] client=[local] LOG:  connection received: host=[local]
2026-01-07 07:57:52.909 GMT [37796] user=[unknown] db=[unknown] app=[unknown] client=[local] LOG:  connection received: host=[local]
2026-01-07 07:58:03.118 GMT [37803] user=[unknown] db=[unknown] app=[unknown] client=[local] LOG:  connection received: host=[local]
2026-01-07 07:58:13.359 GMT [37811] user=[unknown] db=[unknown] app=[unknown] client=[local] LOG:  connection received: host=[local]
2026-01-07 07:58:23.488 GMT [37818] user=[unknown] db=[unknown] app=[unknown] client=[local] LOG:  connection received: host=[local]
2026-01-07 07:58:33.729 GMT [37826] user=[unknown] db=[unknown] app=[unknown] client=[local] LOG:  connection received: host=[local]
2026-01-07 07:58:43.841 GMT [37834] user=[unknown] db=[unknown] app=[unknown] client=[local] LOG:  connection received: host=[local]
2026-01-07 07:58:53.965 GMT [37841] user=[unknown] db=[unknown] app=[unknown] client=[local] LOG:  connection received: host=[local]
2026-01-07 07:59:04.224 GMT [37849] user=[unknown] db=[unknown] app=[unknown] client=[local] LOG:  connection received: host=[local]
2026-01-07 07:59:14.317 GMT [37856] user=[unknown] db=[unknown] app=[unknown] client=[local] LOG:  connection received: host=[local]
2026-01-07 07:59:24.477 GMT [37863] user=[unknown] db=[unknown] app=[unknown] client=[local] LOG:  connection received: host=[local]
2026-01-07 07:59:34.692 GMT [37871] user=[unknown] db=[unknown] app=[unknown] client=[local] LOG:  connection received: host=[local]
2026-01-07 07:59:44.817 GMT [37879] user=[unknown] db=[unknown] app=[unknown] client=[local] LOG:  connection received: host=[local]
2026-01-07 07:59:55.005 GMT [37886] user=[unknown] db=[unknown] app=[unknown] client=[local] LOG:  connection received: host=[local]
2026-01-07 08:00:05.260 GMT [37894] user=[unknown] db=[unknown] app=[unknown] client=[local] LOG:  connection received: host=[local]
2026-01-07 08:00:15.371 GMT [37901] user=[unknown] db=[unknown] app=[unknown] client=[local] LOG:  connection received: host=[local]
2026-01-07 08:00:25.485 GMT [37908] user=[unknown] db=[unknown] app=[unknown] client=[local] LOG:  connection received: host=[local]
2026-01-07 08:00:35.724 GMT [37916] user=[unknown] db=[unknown] app=[unknown] client=[local] LOG:  connection received: host=[local]
2026-01-07 08:00:45.854 GMT [37924] user=[unknown] db=[unknown] app=[unknown] client=[local] LOG:  connection received: host=[local]
2026-01-07 08:00:56.054 GMT [37931] user=[unknown] db=[unknown] app=[unknown] client=[local] LOG:  connection received: host=[local]
2026-01-07 08:01:06.284 GMT [37939] user=[unknown] db=[unknown] app=[unknown] client=[local] LOG:  connection received: host=[local]
2026-01-07 08:01:16.389 GMT [37946] user=[unknown] db=[unknown] app=[unknown] client=[local] LOG:  connection received: host=[local]
2026-01-07 08:01:26.511 GMT [37953] user=[unknown] db=[unknown] app=[unknown] client=[local] LOG:  connection received: host=[local]
2026-01-07 08:01:36.733 GMT [37961] user=[unknown] db=[unknown] app=[unknown] client=[local] LOG:  connection received: host=[local]
2026-01-07 08:01:46.834 GMT [37970] user=[unknown] db=[unknown] app=[unknown] client=[local] LOG:  connection received: host=[local]
2026-01-07 08:01:56.990 GMT [37977] user=[unknown] db=[unknown] app=[unknown] client=[local] LOG:  connection received: host=[local]
2026-01-07 08:02:07.226 GMT [37985] user=[unknown] db=[unknown] app=[unknown] client=[local] LOG:  connection received: host=[local]
2026-01-07 08:02:17.343 GMT [37992] user=[unknown] db=[unknown] app=[unknown] client=[local] LOG:  connection received: host=[local]
2026-01-07 08:02:27.425 GMT [37999] user=[unknown] db=[unknown] app=[unknown] client=[local] LOG:  connection received: host=[local]
2026-01-07 08:02:37.661 GMT [38007] user=[unknown] db=[unknown] app=[unknown] client=[local] LOG:  connection received: host=[local]
2026-01-07 08:02:47.838 GMT [38015] user=[unknown] db=[unknown] app=[unknown] client=[local] LOG:  connection received: host=[local]
2026-01-07 08:02:58.007 GMT [38022] user=[unknown] db=[unknown] app=[unknown] client=[local] LOG:  connection received: host=[local]
2026-01-07 08:03:08.298 GMT [38030] user=[unknown] db=[unknown] app=[unknown] client=[local] LOG:  connection received: host=[local]
2026-01-07 08:03:18.426 GMT [38037] user=[unknown] db=[unknown] app=[unknown] client=[local] LOG:  connection received: host=[local]
2026-01-07 08:03:28.568 GMT [38044] user=[unknown] db=[unknown] app=[unknown] client=[local] LOG:  connection received: host=[local]
2026-01-07 08:03:38.787 GMT [38052] user=[unknown] db=[unknown] app=[unknown] client=[local] LOG:  connection received: host=[local]
2026-01-07 08:03:48.948 GMT [38061] user=[unknown] db=[unknown] app=[unknown] client=[local] LOG:  connection received: host=[local]
2026-01-07 08:03:59.116 GMT [38068] user=[unknown] db=[unknown] app=[unknown] client=[local] LOG:  connection received: host=[local]
2026-01-07 08:04:09.349 GMT [38077] user=[unknown] db=[unknown] app=[unknown] client=[local] LOG:  connection received: host=[local]
2026-01-07 08:04:19.498 GMT [38084] user=[unknown] db=[unknown] app=[unknown] client=[local] LOG:  connection received: host=[local]
2026-01-07 08:04:29.607 GMT [38091] user=[unknown] db=[unknown] app=[unknown] client=[local] LOG:  connection received: host=[local]
2026-01-07 08:04:39.893 GMT [38099] user=[unknown] db=[unknown] app=[unknown] client=[local] LOG:  connection received: host=[local]
2026-01-07 08:04:50.024 GMT [38107] user=[unknown] db=[unknown] app=[unknown] client=[local] LOG:  connection received: host=[local]
2026-01-07 08:05:00.178 GMT [38114] user=[unknown] db=[unknown] app=[unknown] client=[local] LOG:  connection received: host=[local]
2026-01-07 08:05:10.471 GMT [38122] user=[unknown] db=[unknown] app=[unknown] client=[local] LOG:  connection received: host=[local]
2026-01-07 08:05:20.607 GMT [38129] user=[unknown] db=[unknown] app=[unknown] client=[local] LOG:  connection received: host=[local]
2026-01-07 08:05:30.711 GMT [38136] user=[unknown] db=[unknown] app=[unknown] client=[local] LOG:  connection received: host=[local]
2026-01-07 08:05:40.983 GMT [38144] user=[unknown] db=[unknown] app=[unknown] client=[local] LOG:  connection received: host=[local]
2026-01-07 08:05:51.075 GMT [38152] user=[unknown] db=[unknown] app=[unknown] client=[local] LOG:  connection received: host=[local]
2026-01-07 08:06:01.173 GMT [38159] user=[unknown] db=[unknown] app=[unknown] client=[local] LOG:  connection received: host=[local]
2026-01-07 08:06:11.456 GMT [38167] user=[unknown] db=[unknown] app=[unknown] client=[local] LOG:  connection received: host=[local]
2026-01-07 08:06:21.596 GMT [38174] user=[unknown] db=[unknown] app=[unknown] client=[local] LOG:  connection received: host=[local]
2026-01-07 08:06:31.708 GMT [38181] user=[unknown] db=[unknown] app=[unknown] client=[local] LOG:  connection received: host=[local]
2026-01-07 08:06:41.935 GMT [38189] user=[unknown] db=[unknown] app=[unknown] client=[local] LOG:  connection received: host=[local]
2026-01-07 08:06:52.081 GMT [38197] user=[unknown] db=[unknown] app=[unknown] client=[local] LOG:  connection received: host=[local]
2026-01-07 08:07:02.195 GMT [38204] user=[unknown] db=[unknown] app=[unknown] client=[local] LOG:  connection received: host=[local]
2026-01-07 08:07:12.437 GMT [38212] user=[unknown] db=[unknown] app=[unknown] client=[local] LOG:  connection received: host=[local]
2026-01-07 08:07:22.548 GMT [38219] user=[unknown] db=[unknown] app=[unknown] client=[local] LOG:  connection received: host=[local]
2026-01-07 08:07:32.668 GMT [38227] user=[unknown] db=[unknown] app=[unknown] client=[local] LOG:  connection received: host=[local]
2026-01-07 08:07:42.948 GMT [38236] user=[unknown] db=[unknown] app=[unknown] client=[local] LOG:  connection received: host=[local]
2026-01-07 08:07:53.071 GMT [38243] user=[unknown] db=[unknown] app=[unknown] client=[local] LOG:  connection received: host=[local]
2026-01-07 08:08:03.194 GMT [38250] user=[unknown] db=[unknown] app=[unknown] client=[local] LOG:  connection received: host=[local]
2026-01-07 08:08:13.440 GMT [38258] user=[unknown] db=[unknown] app=[unknown] client=[local] LOG:  connection received: host=[local]
2026-01-07 08:08:23.525 GMT [38265] user=[unknown] db=[unknown] app=[unknown] client=[local] LOG:  connection received: host=[local]
2026-01-07 08:08:33.637 GMT [38273] user=[unknown] db=[unknown] app=[unknown] client=[local] LOG:  connection received: host=[local]
2026-01-07 08:08:43.867 GMT [38281] user=[unknown] db=[unknown] app=[unknown] client=[local] LOG:  connection received: host=[local]
2026-01-07 08:08:53.963 GMT [38288] user=[unknown] db=[unknown] app=[unknown] client=[local] LOG:  connection received: host=[local]
2026-01-07 08:09:04.073 GMT [38296] user=[unknown] db=[unknown] app=[unknown] client=[local] LOG:  connection received: host=[local]
2026-01-07 08:09:14.365 GMT [38303] user=[unknown] db=[unknown] app=[unknown] client=[local] LOG:  connection received: host=[local]
2026-01-07 08:09:24.483 GMT [38310] user=[unknown] db=[unknown] app=[unknown] client=[local] LOG:  connection received: host=[local]
2026-01-07 08:09:34.567 GMT [38318] user=[unknown] db=[unknown] app=[unknown] client=[local] LOG:  connection received: host=[local]
2026-01-07 08:09:44.817 GMT [38326] user=[unknown] db=[unknown] app=[unknown] client=[local] LOG:  connection received: host=[local]
2026-01-07 08:09:54.899 GMT [38333] user=[unknown] db=[unknown] app=[unknown] client=[local] LOG:  connection received: host=[local]
2026-01-07 08:10:05.014 GMT [38341] user=[unknown] db=[unknown] app=[unknown] client=[local] LOG:  connection received: host=[local]
2026-01-07 08:10:15.232 GMT [38349] user=[unknown] db=[unknown] app=[unknown] client=[local] LOG:  connection received: host=[local]
2026-01-07 08:10:25.342 GMT [38356] user=[unknown] db=[unknown] app=[unknown] client=[local] LOG:  connection received: host=[local]
2026-01-07 08:10:35.467 GMT [38364] user=[unknown] db=[unknown] app=[unknown] client=[local] LOG:  connection received: host=[local]
2026-01-07 08:10:45.718 GMT [38372] user=[unknown] db=[unknown] app=[unknown] client=[local] LOG:  connection received: host=[local]
2026-01-07 08:10:55.799 GMT [38379] user=[unknown] db=[unknown] app=[unknown] client=[local] LOG:  connection received: host=[local]
2026-01-07 08:11:05.937 GMT [38387] user=[unknown] db=[unknown] app=[unknown] client=[local] LOG:  connection received: host=[local]
2026-01-07 08:11:16.207 GMT [38394] user=[unknown] db=[unknown] app=[unknown] client=[local] LOG:  connection received: host=[local]
2026-01-07 08:11:26.321 GMT [38401] user=[unknown] db=[unknown] app=[unknown] client=[local] LOG:  connection received: host=[local]
2026-01-07 08:11:36.446 GMT [38409] user=[unknown] db=[unknown] app=[unknown] client=[local] LOG:  connection received: host=[local]
2026-01-07 08:11:46.682 GMT [38417] user=[unknown] db=[unknown] app=[unknown] client=[local] LOG:  connection received: host=[local]
2026-01-07 08:11:56.836 GMT [38424] user=[unknown] db=[unknown] app=[unknown] client=[local] LOG:  connection received: host=[local]
2026-01-07 08:12:07.063 GMT [38432] user=[unknown] db=[unknown] app=[unknown] client=[local] LOG:  connection received: host=[local]
2026-01-07 08:12:17.151 GMT [38439] user=[unknown] db=[unknown] app=[unknown] client=[local] LOG:  connection received: host=[local]
2026-01-07 08:12:27.254 GMT [38446] user=[unknown] db=[unknown] app=[unknown] client=[local] LOG:  connection received: host=[local]
2026-01-07 08:12:37.535 GMT [38454] user=[unknown] db=[unknown] app=[unknown] client=[local] LOG:  connection received: host=[local]
2026-01-07 08:12:47.666 GMT [38462] user=[unknown] db=[unknown] app=[unknown] client=[local] LOG:  connection received: host=[local]
2026-01-07 08:12:57.852 GMT [38470] user=[unknown] db=[unknown] app=[unknown] client=[local] LOG:  connection received: host=[local]
2026-01-07 08:13:08.180 GMT [38478] user=[unknown] db=[unknown] app=[unknown] client=[local] LOG:  connection received: host=[local]
2026-01-07 08:13:18.287 GMT [38485] user=[unknown] db=[unknown] app=[unknown] client=[local] LOG:  connection received: host=[local]
2026-01-07 08:13:28.462 GMT [38492] user=[unknown] db=[unknown] app=[unknown] client=[local] LOG:  connection received: host=[local]
2026-01-07 08:13:38.699 GMT [38500] user=[unknown] db=[unknown] app=[unknown] client=[local] LOG:  connection received: host=[local]
2026-01-07 08:13:48.786 GMT [38508] user=[unknown] db=[unknown] app=[unknown] client=[local] LOG:  connection received: host=[local]
2026-01-07 08:13:58.935 GMT [38515] user=[unknown] db=[unknown] app=[unknown] client=[local] LOG:  connection received: host=[local]
2026-01-07 08:14:09.138 GMT [38524] user=[unknown] db=[unknown] app=[unknown] client=[local] LOG:  connection received: host=[local]
2026-01-07 08:14:19.223 GMT [38531] user=[unknown] db=[unknown] app=[unknown] client=[local] LOG:  connection received: host=[local]
2026-01-07 08:14:29.393 GMT [38538] user=[unknown] db=[unknown] app=[unknown] client=[local] LOG:  connection received: host=[local]
2026-01-07 08:14:39.614 GMT [38546] user=[unknown] db=[unknown] app=[unknown] client=[local] LOG:  connection received: host=[local]
2026-01-07 08:14:49.752 GMT [38554] user=[unknown] db=[unknown] app=[unknown] client=[local] LOG:  connection received: host=[local]
2026-01-07 08:15:00.001 GMT [38561] user=[unknown] db=[unknown] app=[unknown] client=[local] LOG:  connection received: host=[local]
2026-01-07 08:15:10.262 GMT [38569] user=[unknown] db=[unknown] app=[unknown] client=[local] LOG:  connection received: host=[local]
2026-01-07 08:15:20.374 GMT [38576] user=[unknown] db=[unknown] app=[unknown] client=[local] LOG:  connection received: host=[local]
2026-01-07 08:15:30.479 GMT [38583] user=[unknown] db=[unknown] app=[unknown] client=[local] LOG:  connection received: host=[local]
2026-01-07 08:15:40.741 GMT [38591] user=[unknown] db=[unknown] app=[unknown] client=[local] LOG:  connection received: host=[local]
2026-01-07 08:15:50.836 GMT [38599] user=[unknown] db=[unknown] app=[unknown] client=[local] LOG:  connection received: host=[local]
2026-01-07 08:16:01.056 GMT [38606] user=[unknown] db=[unknown] app=[unknown] client=[local] LOG:  connection received: host=[local]
2026-01-07 08:16:11.337 GMT [38614] user=[unknown] db=[unknown] app=[unknown] client=[local] LOG:  connection received: host=[local]
2026-01-07 08:16:21.448 GMT [38621] user=[unknown] db=[unknown] app=[unknown] client=[local] LOG:  connection received: host=[local]
2026-01-07 08:16:31.584 GMT [38628] user=[unknown] db=[unknown] app=[unknown] client=[local] LOG:  connection received: host=[local]
2026-01-07 08:16:41.864 GMT [38636] user=[unknown] db=[unknown] app=[unknown] client=[local] LOG:  connection received: host=[local]
2026-01-07 08:16:51.950 GMT [38644] user=[unknown] db=[unknown] app=[unknown] client=[local] LOG:  connection received: host=[local]
2026-01-07 08:17:02.104 GMT [38651] user=[unknown] db=[unknown] app=[unknown] client=[local] LOG:  connection received: host=[local]
2026-01-07 08:17:12.383 GMT [38660] user=[unknown] db=[unknown] app=[unknown] client=[local] LOG:  connection received: host=[local]
2026-01-07 08:17:22.493 GMT [38667] user=[unknown] db=[unknown] app=[unknown] client=[local] LOG:  connection received: host=[local]
2026-01-07 08:17:32.620 GMT [38674] user=[unknown] db=[unknown] app=[unknown] client=[local] LOG:  connection received: host=[local]
2026-01-07 08:17:42.862 GMT [38682] user=[unknown] db=[unknown] app=[unknown] client=[local] LOG:  connection received: host=[local]
2026-01-07 08:17:53.017 GMT [38690] user=[unknown] db=[unknown] app=[unknown] client=[local] LOG:  connection received: host=[local]
2026-01-07 08:18:03.166 GMT [38697] user=[unknown] db=[unknown] app=[unknown] client=[local] LOG:  connection received: host=[local]
2026-01-07 08:18:13.414 GMT [38705] user=[unknown] db=[unknown] app=[unknown] client=[local] LOG:  connection received: host=[local]
2026-01-07 08:18:23.512 GMT [38712] user=[unknown] db=[unknown] app=[unknown] client=[local] LOG:  connection received: host=[local]
2026-01-07 08:18:33.657 GMT [38719] user=[unknown] db=[unknown] app=[unknown] client=[local] LOG:  connection received: host=[local]
2026-01-07 08:18:43.906 GMT [38728] user=[unknown] db=[unknown] app=[unknown] client=[local] LOG:  connection received: host=[local]
2026-01-07 08:18:54.020 GMT [38735] user=[unknown] db=[unknown] app=[unknown] client=[local] LOG:  connection received: host=[local]
2026-01-07 08:19:04.155 GMT [38743] user=[unknown] db=[unknown] app=[unknown] client=[local] LOG:  connection received: host=[local]
2026-01-07 08:19:14.418 GMT [38750] user=[unknown] db=[unknown] app=[unknown] client=[local] LOG:  connection received: host=[local]
2026-01-07 08:19:24.605 GMT [38757] user=[unknown] db=[unknown] app=[unknown] client=[local] LOG:  connection received: host=[local]
2026-01-07 08:19:34.714 GMT [38765] user=[unknown] db=[unknown] app=[unknown] client=[local] LOG:  connection received: host=[local]
2026-01-07 08:19:44.958 GMT [38773] user=[unknown] db=[unknown] app=[unknown] client=[local] LOG:  connection received: host=[local]
2026-01-07 08:19:55.084 GMT [38780] user=[unknown] db=[unknown] app=[unknown] client=[local] LOG:  connection received: host=[local]
2026-01-07 08:20:05.233 GMT [38788] user=[unknown] db=[unknown] app=[unknown] client=[local] LOG:  connection received: host=[local]
2026-01-07 08:20:15.444 GMT [38796] user=[unknown] db=[unknown] app=[unknown] client=[local] LOG:  connection received: host=[local]
2026-01-07 08:20:25.554 GMT [38803] user=[unknown] db=[unknown] app=[unknown] client=[local] LOG:  connection received: host=[local]
2026-01-07 08:20:35.661 GMT [38811] user=[unknown] db=[unknown] app=[unknown] client=[local] LOG:  connection received: host=[local]
2026-01-07 08:20:45.918 GMT [38819] user=[unknown] db=[unknown] app=[unknown] client=[local] LOG:  connection received: host=[local]
2026-01-07 08:20:56.049 GMT [38826] user=[unknown] db=[unknown] app=[unknown] client=[local] LOG:  connection received: host=[local]
2026-01-07 08:21:06.189 GMT [38834] user=[unknown] db=[unknown] app=[unknown] client=[local] LOG:  connection received: host=[local]
2026-01-07 08:21:16.427 GMT [38841] user=[unknown] db=[unknown] app=[unknown] client=[local] LOG:  connection received: host=[local]
2026-01-07 08:21:26.510 GMT [38848] user=[unknown] db=[unknown] app=[unknown] client=[local] LOG:  connection received: host=[local]
2026-01-07 08:21:36.591 GMT [38856] user=[unknown] db=[unknown] app=[unknown] client=[local] LOG:  connection received: host=[local]
2026-01-07 08:21:46.850 GMT [38864] user=[unknown] db=[unknown] app=[unknown] client=[local] LOG:  connection received: host=[local]
2026-01-07 08:21:56.945 GMT [38871] user=[unknown] db=[unknown] app=[unknown] client=[local] LOG:  connection received: host=[local]
2026-01-07 08:22:07.087 GMT [38879] user=[unknown] db=[unknown] app=[unknown] client=[local] LOG:  connection received: host=[local]
2026-01-07 08:22:17.361 GMT [38886] user=[unknown] db=[unknown] app=[unknown] client=[local] LOG:  connection received: host=[local]
2026-01-07 08:22:27.459 GMT [38893] user=[unknown] db=[unknown] app=[unknown] client=[local] LOG:  connection received: host=[local]
2026-01-07 08:22:37.567 GMT [38901] user=[unknown] db=[unknown] app=[unknown] client=[local] LOG:  connection received: host=[local]
2026-01-07 08:22:47.784 GMT [38909] user=[unknown] db=[unknown] app=[unknown] client=[local] LOG:  connection received: host=[local]
2026-01-07 08:22:57.907 GMT [38917] user=[unknown] db=[unknown] app=[unknown] client=[local] LOG:  connection received: host=[local]
2026-01-07 08:23:08.004 GMT [38925] user=[unknown] db=[unknown] app=[unknown] client=[local] LOG:  connection received: host=[local]
2026-01-07 08:23:18.260 GMT [38931] user=[unknown] db=[unknown] app=[unknown] client=[local] LOG:  connection received: host=[local]
2026-01-07 08:23:28.420 GMT [38938] user=[unknown] db=[unknown] app=[unknown] client=[local] LOG:  connection received: host=[local]
2026-01-07 08:23:38.534 GMT [38946] user=[unknown] db=[unknown] app=[unknown] client=[local] LOG:  connection received: host=[local]
2026-01-07 08:23:48.758 GMT [38954] user=[unknown] db=[unknown] app=[unknown] client=[local] LOG:  connection received: host=[local]
2026-01-07 08:23:58.961 GMT [38961] user=[unknown] db=[unknown] app=[unknown] client=[local] LOG:  connection received: host=[local]
2026-01-07 08:24:09.076 GMT [38969] user=[unknown] db=[unknown] app=[unknown] client=[local] LOG:  connection received: host=[local]
2026-01-07 08:24:19.289 GMT [38976] user=[unknown] db=[unknown] app=[unknown] client=[local] LOG:  connection received: host=[local]
2026-01-07 08:24:29.392 GMT [38983] user=[unknown] db=[unknown] app=[unknown] client=[local] LOG:  connection received: host=[local]
2026-01-07 08:24:39.495 GMT [38991] user=[unknown] db=[unknown] app=[unknown] client=[local] LOG:  connection received: host=[local]
2026-01-07 08:24:49.754 GMT [39000] user=[unknown] db=[unknown] app=[unknown] client=[local] LOG:  connection received: host=[local]
2026-01-07 08:24:59.896 GMT [39007] user=[unknown] db=[unknown] app=[unknown] client=[local] LOG:  connection received: host=[local]
2026-01-07 08:25:10.018 GMT [39015] user=[unknown] db=[unknown] app=[unknown] client=[local] LOG:  connection received: host=[local]
2026-01-07 08:25:20.289 GMT [39022] user=[unknown] db=[unknown] app=[unknown] client=[local] LOG:  connection received: host=[local]
2026-01-07 08:25:30.391 GMT [39029] user=[unknown] db=[unknown] app=[unknown] client=[local] LOG:  connection received: host=[local]
2026-01-07 08:25:40.570 GMT [39038] user=[unknown] db=[unknown] app=[unknown] client=[local] LOG:  connection received: host=[local]
2026-01-07 08:25:50.829 GMT [39046] user=[unknown] db=[unknown] app=[unknown] client=[local] LOG:  connection received: host=[local]
2026-01-07 08:26:01.029 GMT [39053] user=[unknown] db=[unknown] app=[unknown] client=[local] LOG:  connection received: host=[local]
2026-01-07 08:26:11.323 GMT [39061] user=[unknown] db=[unknown] app=[unknown] client=[local] LOG:  connection received: host=[local]
2026-01-07 08:26:21.440 GMT [39069] user=[unknown] db=[unknown] app=[unknown] client=[local] LOG:  connection received: host=[local]
2026-01-07 08:26:31.576 GMT [39076] user=[unknown] db=[unknown] app=[unknown] client=[local] LOG:  connection received: host=[local]
2026-01-07 08:26:41.822 GMT [39084] user=[unknown] db=[unknown] app=[unknown] client=[local] LOG:  connection received: host=[local]
2026-01-07 08:26:51.904 GMT [39093] user=[unknown] db=[unknown] app=[unknown] client=[local] LOG:  connection received: host=[local]
2026-01-07 08:27:02.114 GMT [39100] user=[unknown] db=[unknown] app=[unknown] client=[local] LOG:  connection received: host=[local]
2026-01-07 08:27:12.346 GMT [39108] user=[unknown] db=[unknown] app=[unknown] client=[local] LOG:  connection received: host=[local]
2026-01-07 08:27:22.441 GMT [39115] user=[unknown] db=[unknown] app=[unknown] client=[local] LOG:  connection received: host=[local]
2026-01-07 08:27:32.578 GMT [39122] user=[unknown] db=[unknown] app=[unknown] client=[local] LOG:  connection received: host=[local]
2026-01-07 08:27:42.832 GMT [39130] user=[unknown] db=[unknown] app=[unknown] client=[local] LOG:  connection received: host=[local]
2026-01-07 08:27:52.939 GMT [39138] user=[unknown] db=[unknown] app=[unknown] client=[local] LOG:  connection received: host=[local]
2026-01-07 08:28:03.074 GMT [39145] user=[unknown] db=[unknown] app=[unknown] client=[local] LOG:  connection received: host=[local]
2026-01-07 08:28:13.313 GMT [39153] user=[unknown] db=[unknown] app=[unknown] client=[local] LOG:  connection received: host=[local]
2026-01-07 08:28:23.457 GMT [39160] user=[unknown] db=[unknown] app=[unknown] client=[local] LOG:  connection received: host=[local]
2026-01-07 08:28:33.612 GMT [39167] user=[unknown] db=[unknown] app=[unknown] client=[local] LOG:  connection received: host=[local]
2026-01-07 08:28:43.862 GMT [39175] user=[unknown] db=[unknown] app=[unknown] client=[local] LOG:  connection received: host=[local]
2026-01-07 08:28:53.982 GMT [39183] user=[unknown] db=[unknown] app=[unknown] client=[local] LOG:  connection received: host=[local]
2026-01-07 08:29:04.115 GMT [39191] user=[unknown] db=[unknown] app=[unknown] client=[local] LOG:  connection received: host=[local]
2026-01-07 08:29:14.360 GMT [39198] user=[unknown] db=[unknown] app=[unknown] client=[local] LOG:  connection received: host=[local]
2026-01-07 08:29:24.499 GMT [39205] user=[unknown] db=[unknown] app=[unknown] client=[local] LOG:  connection received: host=[local]
2026-01-07 08:29:34.620 GMT [39212] user=[unknown] db=[unknown] app=[unknown] client=[local] LOG:  connection received: host=[local]
2026-01-07 08:29:44.843 GMT [39220] user=[unknown] db=[unknown] app=[unknown] client=[local] LOG:  connection received: host=[local]
2026-01-07 08:29:54.939 GMT [39228] user=[unknown] db=[unknown] app=[unknown] client=[local] LOG:  connection received: host=[local]
2026-01-07 08:30:05.040 GMT [39236] user=[unknown] db=[unknown] app=[unknown] client=[local] LOG:  connection received: host=[local]
2026-01-07 08:30:15.301 GMT [39243] user=[unknown] db=[unknown] app=[unknown] client=[local] LOG:  connection received: host=[local]
2026-01-07 08:30:25.427 GMT [39250] user=[unknown] db=[unknown] app=[unknown] client=[local] LOG:  connection received: host=[local]
2026-01-07 08:30:35.574 GMT [39257] user=[unknown] db=[unknown] app=[unknown] client=[local] LOG:  connection received: host=[local]
2026-01-07 08:30:45.822 GMT [39266] user=[unknown] db=[unknown] app=[unknown] client=[local] LOG:  connection received: host=[local]
2026-01-07 08:30:55.954 GMT [39273] user=[unknown] db=[unknown] app=[unknown] client=[local] LOG:  connection received: host=[local]
2026-01-07 08:31:06.046 GMT [39281] user=[unknown] db=[unknown] app=[unknown] client=[local] LOG:  connection received: host=[local]
2026-01-07 08:31:16.298 GMT [39288] user=[unknown] db=[unknown] app=[unknown] client=[local] LOG:  connection received: host=[local]
2026-01-07 08:31:26.396 GMT [39295] user=[unknown] db=[unknown] app=[unknown] client=[local] LOG:  connection received: host=[local]
2026-01-07 08:31:36.498 GMT [39303] user=[unknown] db=[unknown] app=[unknown] client=[local] LOG:  connection received: host=[local]
2026-01-07 08:31:46.749 GMT [39311] user=[unknown] db=[unknown] app=[unknown] client=[local] LOG:  connection received: host=[local]
2026-01-07 08:31:56.874 GMT [39318] user=[unknown] db=[unknown] app=[unknown] client=[local] LOG:  connection received: host=[local]
2026-01-07 08:32:07.018 GMT [39326] user=[unknown] db=[unknown] app=[unknown] client=[local] LOG:  connection received: host=[local]
2026-01-07 08:32:17.288 GMT [39333] user=[unknown] db=[unknown] app=[unknown] client=[local] LOG:  connection received: host=[local]
2026-01-07 08:32:27.381 GMT [39340] user=[unknown] db=[unknown] app=[unknown] client=[local] LOG:  connection received: host=[local]
2026-01-07 08:32:37.490 GMT [39348] user=[unknown] db=[unknown] app=[unknown] client=[local] LOG:  connection received: host=[local]
2026-01-07 08:32:47.736 GMT [39357] user=[unknown] db=[unknown] app=[unknown] client=[local] LOG:  connection received: host=[local]
2026-01-07 08:32:57.853 GMT [39364] user=[unknown] db=[unknown] app=[unknown] client=[local] LOG:  connection received: host=[local]
2026-01-07 08:33:07.991 GMT [39372] user=[unknown] db=[unknown] app=[unknown] client=[local] LOG:  connection received: host=[local]
2026-01-07 08:33:18.235 GMT [39379] user=[unknown] db=[unknown] app=[unknown] client=[local] LOG:  connection received: host=[local]
2026-01-07 08:33:28.324 GMT [39386] user=[unknown] db=[unknown] app=[unknown] client=[local] LOG:  connection received: host=[local]
2026-01-07 08:33:38.405 GMT [39394] user=[unknown] db=[unknown] app=[unknown] client=[local] LOG:  connection received: host=[local]
2026-01-07 08:33:48.634 GMT [39402] user=[unknown] db=[unknown] app=[unknown] client=[local] LOG:  connection received: host=[local]
2026-01-07 08:33:58.742 GMT [39409] user=[unknown] db=[unknown] app=[unknown] client=[local] LOG:  connection received: host=[local]
2026-01-07 08:34:08.906 GMT [39417] user=[unknown] db=[unknown] app=[unknown] client=[local] LOG:  connection received: host=[local]
2026-01-07 08:34:19.129 GMT [39424] user=[unknown] db=[unknown] app=[unknown] client=[local] LOG:  connection received: host=[local]
2026-01-07 08:34:29.229 GMT [39431] user=[unknown] db=[unknown] app=[unknown] client=[local] LOG:  connection received: host=[local]
2026-01-07 08:34:39.320 GMT [39439] user=[unknown] db=[unknown] app=[unknown] client=[local] LOG:  connection received: host=[local]
2026-01-07 08:34:49.589 GMT [39447] user=[unknown] db=[unknown] app=[unknown] client=[local] LOG:  connection received: host=[local]
2026-01-07 08:34:59.704 GMT [39454] user=[unknown] db=[unknown] app=[unknown] client=[local] LOG:  connection received: host=[local]
2026-01-07 08:35:09.855 GMT [39462] user=[unknown] db=[unknown] app=[unknown] client=[local] LOG:  connection received: host=[local]
2026-01-07 08:35:20.095 GMT [39469] user=[unknown] db=[unknown] app=[unknown] client=[local] LOG:  connection received: host=[local]
2026-01-07 08:35:30.191 GMT [39476] user=[unknown] db=[unknown] app=[unknown] client=[local] LOG:  connection received: host=[local]
2026-01-07 08:35:40.278 GMT [39484] user=[unknown] db=[unknown] app=[unknown] client=[local] LOG:  connection received: host=[local]
2026-01-07 08:35:50.507 GMT [39492] user=[unknown] db=[unknown] app=[unknown] client=[local] LOG:  connection received: host=[local]
2026-01-07 08:36:00.603 GMT [39499] user=[unknown] db=[unknown] app=[unknown] client=[local] LOG:  connection received: host=[local]
2026-01-07 08:36:10.713 GMT [39507] user=[unknown] db=[unknown] app=[unknown] client=[local] LOG:  connection received: host=[local]
2026-01-07 08:36:20.934 GMT [39514] user=[unknown] db=[unknown] app=[unknown] client=[local] LOG:  connection received: host=[local]
2026-01-07 08:36:31.079 GMT [39522] user=[unknown] db=[unknown] app=[unknown] client=[local] LOG:  connection received: host=[local]
2026-01-07 08:36:41.188 GMT [39530] user=[unknown] db=[unknown] app=[unknown] client=[local] LOG:  connection received: host=[local]
2026-01-07 08:36:51.436 GMT [39539] user=[unknown] db=[unknown] app=[unknown] client=[local] LOG:  connection received: host=[local]
2026-01-07 08:37:01.599 GMT [39546] user=[unknown] db=[unknown] app=[unknown] client=[local] LOG:  connection received: host=[local]
2026-01-07 08:37:11.723 GMT [39554] user=[unknown] db=[unknown] app=[unknown] client=[local] LOG:  connection received: host=[local]
2026-01-07 08:37:21.964 GMT [39561] user=[unknown] db=[unknown] app=[unknown] client=[local] LOG:  connection received: host=[local]
2026-01-07 08:37:32.050 GMT [39569] user=[unknown] db=[unknown] app=[unknown] client=[local] LOG:  connection received: host=[local]
2026-01-07 08:37:42.147 GMT [39577] user=[unknown] db=[unknown] app=[unknown] client=[local] LOG:  connection received: host=[local]
2026-01-07 08:37:52.379 GMT [39585] user=[unknown] db=[unknown] app=[unknown] client=[local] LOG:  connection received: host=[local]
2026-01-07 08:38:02.488 GMT [39592] user=[unknown] db=[unknown] app=[unknown] client=[local] LOG:  connection received: host=[local]
2026-01-07 08:38:12.600 GMT [39600] user=[unknown] db=[unknown] app=[unknown] client=[local] LOG:  connection received: host=[local]
2026-01-07 08:38:22.850 GMT [39607] user=[unknown] db=[unknown] app=[unknown] client=[local] LOG:  connection received: host=[local]
2026-01-07 08:38:32.973 GMT [39614] user=[unknown] db=[unknown] app=[unknown] client=[local] LOG:  connection received: host=[local]
2026-01-07 08:38:43.062 GMT [39622] user=[unknown] db=[unknown] app=[unknown] client=[local] LOG:  connection received: host=[local]
2026-01-07 08:38:53.304 GMT [39630] user=[unknown] db=[unknown] app=[unknown] client=[local] LOG:  connection received: host=[local]
2026-01-07 08:39:03.449 GMT [39637] user=[unknown] db=[unknown] app=[unknown] client=[local] LOG:  connection received: host=[local]
2026-01-07 08:39:13.539 GMT [39645] user=[unknown] db=[unknown] app=[unknown] client=[local] LOG:  connection received: host=[local]
2026-01-07 08:39:23.788 GMT [39652] user=[unknown] db=[unknown] app=[unknown] client=[local] LOG:  connection received: host=[local]
2026-01-07 08:39:33.881 GMT [39660] user=[unknown] db=[unknown] app=[unknown] client=[local] LOG:  connection received: host=[local]
2026-01-07 08:39:43.974 GMT [39668] user=[unknown] db=[unknown] app=[unknown] client=[local] LOG:  connection received: host=[local]
2026-01-07 08:39:54.211 GMT [39676] user=[unknown] db=[unknown] app=[unknown] client=[local] LOG:  connection received: host=[local]
2026-01-07 08:40:04.337 GMT [39684] user=[unknown] db=[unknown] app=[unknown] client=[local] LOG:  connection received: host=[local]
2026-01-07 08:40:14.452 GMT [39691] user=[unknown] db=[unknown] app=[unknown] client=[local] LOG:  connection received: host=[local]
2026-01-07 08:40:24.673 GMT [39698] user=[unknown] db=[unknown] app=[unknown] client=[local] LOG:  connection received: host=[local]
2026-01-07 08:40:34.827 GMT [39705] user=[unknown] db=[unknown] app=[unknown] client=[local] LOG:  connection received: host=[local]
2026-01-07 08:40:45.048 GMT [39713] user=[unknown] db=[unknown] app=[unknown] client=[local] LOG:  connection received: host=[local]
2026-01-07 08:40:55.152 GMT [39721] user=[unknown] db=[unknown] app=[unknown] client=[local] LOG:  connection received: host=[local]
2026-01-07 08:41:05.264 GMT [39730] user=[unknown] db=[unknown] app=[unknown] client=[local] LOG:  connection received: host=[local]
2026-01-07 08:41:15.508 GMT [39737] user=[unknown] db=[unknown] app=[unknown] client=[local] LOG:  connection received: host=[local]
2026-01-07 08:41:25.595 GMT [39745] user=[unknown] db=[unknown] app=[unknown] client=[local] LOG:  connection received: host=[local]
2026-01-07 08:41:35.678 GMT [39752] user=[unknown] db=[unknown] app=[unknown] client=[local] LOG:  connection received: host=[local]
2026-01-07 08:41:45.896 GMT [39760] user=[unknown] db=[unknown] app=[unknown] client=[local] LOG:  connection received: host=[local]
2026-01-07 08:41:56.014 GMT [39768] user=[unknown] db=[unknown] app=[unknown] client=[local] LOG:  connection received: host=[local]
2026-01-07 08:42:06.115 GMT [39776] user=[unknown] db=[unknown] app=[unknown] client=[local] LOG:  connection received: host=[local]
2026-01-07 08:42:16.374 GMT [39783] user=[unknown] db=[unknown] app=[unknown] client=[local] LOG:  connection received: host=[local]
2026-01-07 08:42:26.466 GMT [39790] user=[unknown] db=[unknown] app=[unknown] client=[local] LOG:  connection received: host=[local]
2026-01-07 08:42:36.589 GMT [39798] user=[unknown] db=[unknown] app=[unknown] client=[local] LOG:  connection received: host=[local]
2026-01-07 08:42:46.871 GMT [39806] user=[unknown] db=[unknown] app=[unknown] client=[local] LOG:  connection received: host=[local]
2026-01-07 08:42:56.986 GMT [39814] user=[unknown] db=[unknown] app=[unknown] client=[local] LOG:  connection received: host=[local]
2026-01-07 08:43:07.174 GMT [39823] user=[unknown] db=[unknown] app=[unknown] client=[local] LOG:  connection received: host=[local]
2026-01-07 08:43:17.383 GMT [39830] user=[unknown] db=[unknown] app=[unknown] client=[local] LOG:  connection received: host=[local]
2026-01-07 08:43:27.468 GMT [39837] user=[unknown] db=[unknown] app=[unknown] client=[local] LOG:  connection received: host=[local]
2026-01-07 08:43:37.553 GMT [39844] user=[unknown] db=[unknown] app=[unknown] client=[local] LOG:  connection received: host=[local]
2026-01-07 08:43:47.825 GMT [39853] user=[unknown] db=[unknown] app=[unknown] client=[local] LOG:  connection received: host=[local]
2026-01-07 08:43:57.934 GMT [39860] user=[unknown] db=[unknown] app=[unknown] client=[local] LOG:  connection received: host=[local]
2026-01-07 08:44:08.282 GMT [39868] user=[unknown] db=[unknown] app=[unknown] client=[local] LOG:  connection received: host=[local]
2026-01-07 08:44:18.525 GMT [39875] user=[unknown] db=[unknown] app=[unknown] client=[local] LOG:  connection received: host=[local]
2026-01-07 08:44:28.618 GMT [39882] user=[unknown] db=[unknown] app=[unknown] client=[local] LOG:  connection received: host=[local]
2026-01-07 08:44:38.749 GMT [39890] user=[unknown] db=[unknown] app=[unknown] client=[local] LOG:  connection received: host=[local]
2026-01-07 08:44:48.991 GMT [39898] user=[unknown] db=[unknown] app=[unknown] client=[local] LOG:  connection received: host=[local]
2026-01-07 08:44:59.143 GMT [39905] user=[unknown] db=[unknown] app=[unknown] client=[local] LOG:  connection received: host=[local]
2026-01-07 08:45:09.274 GMT [39913] user=[unknown] db=[unknown] app=[unknown] client=[local] LOG:  connection received: host=[local]
2026-01-07 08:45:19.550 GMT [39920] user=[unknown] db=[unknown] app=[unknown] client=[local] LOG:  connection received: host=[local]
2026-01-07 08:45:29.671 GMT [39927] user=[unknown] db=[unknown] app=[unknown] client=[local] LOG:  connection received: host=[local]
2026-01-07 08:45:39.783 GMT [39935] user=[unknown] db=[unknown] app=[unknown] client=[local] LOG:  connection received: host=[local]
2026-01-07 08:45:50.018 GMT [39943] user=[unknown] db=[unknown] app=[unknown] client=[local] LOG:  connection received: host=[local]
2026-01-07 08:46:00.122 GMT [39950] user=[unknown] db=[unknown] app=[unknown] client=[local] LOG:  connection received: host=[local]
2026-01-07 08:46:10.276 GMT [39959] user=[unknown] db=[unknown] app=[unknown] client=[local] LOG:  connection received: host=[local]
2026-01-07 08:46:20.528 GMT [39966] user=[unknown] db=[unknown] app=[unknown] client=[local] LOG:  connection received: host=[local]
2026-01-07 08:46:30.650 GMT [39973] user=[unknown] db=[unknown] app=[unknown] client=[local] LOG:  connection received: host=[local]
2026-01-07 08:46:40.770 GMT [39981] user=[unknown] db=[unknown] app=[unknown] client=[local] LOG:  connection received: host=[local]
2026-01-07 08:46:51.073 GMT [39989] user=[unknown] db=[unknown] app=[unknown] client=[local] LOG:  connection received: host=[local]
2026-01-07 08:47:01.197 GMT [39997] user=[unknown] db=[unknown] app=[unknown] client=[local] LOG:  connection received: host=[local]
2026-01-07 08:47:11.304 GMT [40005] user=[unknown] db=[unknown] app=[unknown] client=[local] LOG:  connection received: host=[local]
2026-01-07 08:47:21.564 GMT [40012] user=[unknown] db=[unknown] app=[unknown] client=[local] LOG:  connection received: host=[local]
2026-01-07 08:47:31.688 GMT [40020] user=[unknown] db=[unknown] app=[unknown] client=[local] LOG:  connection received: host=[local]
2026-01-07 08:47:41.947 GMT [40028] user=[unknown] db=[unknown] app=[unknown] client=[local] LOG:  connection received: host=[local]
2026-01-07 08:47:52.820 GMT [40036] user=[unknown] db=[unknown] app=[unknown] client=[local] LOG:  connection received: host=[local]
2026-01-07 08:48:03.343 GMT [40043] user=[unknown] db=[unknown] app=[unknown] client=[local] LOG:  connection received: host=[local]
2026-01-07 08:48:13.817 GMT [40051] user=[unknown] db=[unknown] app=[unknown] client=[local] LOG:  connection received: host=[local]
2026-01-07 08:48:24.418 GMT [40058] user=[unknown] db=[unknown] app=[unknown] client=[local] LOG:  connection received: host=[local]
2026-01-07 08:48:34.607 GMT [40065] user=[unknown] db=[unknown] app=[unknown] client=[local] LOG:  connection received: host=[local]
2026-01-07 08:48:44.799 GMT [40073] user=[unknown] db=[unknown] app=[unknown] client=[local] LOG:  connection received: host=[local]
2026-01-07 08:48:55.212 GMT [40081] user=[unknown] db=[unknown] app=[unknown] client=[local] LOG:  connection received: host=[local]
2026-01-07 08:49:05.432 GMT [40089] user=[unknown] db=[unknown] app=[unknown] client=[local] LOG:  connection received: host=[local]
2026-01-07 08:49:16.031 GMT [40096] user=[unknown] db=[unknown] app=[unknown] client=[local] LOG:  connection received: host=[local]
2026-01-07 08:49:26.385 GMT [40103] user=[unknown] db=[unknown] app=[unknown] client=[local] LOG:  connection received: host=[local]
2026-01-07 08:49:36.530 GMT [40110] user=[unknown] db=[unknown] app=[unknown] client=[local] LOG:  connection received: host=[local]
2026-01-07 08:49:46.687 GMT [40118] user=[unknown] db=[unknown] app=[unknown] client=[local] LOG:  connection received: host=[local]
2026-01-07 08:49:57.001 GMT [40126] user=[unknown] db=[unknown] app=[unknown] client=[local] LOG:  connection received: host=[local]
2026-01-07 08:50:07.236 GMT [40134] user=[unknown] db=[unknown] app=[unknown] client=[local] LOG:  connection received: host=[local]
2026-01-07 08:50:17.417 GMT [40142] user=[unknown] db=[unknown] app=[unknown] client=[local] LOG:  connection received: host=[local]
2026-01-07 08:50:27.808 GMT [40149] user=[unknown] db=[unknown] app=[unknown] client=[local] LOG:  connection received: host=[local]
2026-01-07 08:50:37.996 GMT [40156] user=[unknown] db=[unknown] app=[unknown] client=[local] LOG:  connection received: host=[local]
2026-01-07 08:50:48.430 GMT [40165] user=[unknown] db=[unknown] app=[unknown] client=[local] LOG:  connection received: host=[local]
2026-01-07 08:50:58.692 GMT [40173] user=[unknown] db=[unknown] app=[unknown] client=[local] LOG:  connection received: host=[local]
2026-01-07 08:51:08.836 GMT [40182] user=[unknown] db=[unknown] app=[unknown] client=[local] LOG:  connection received: host=[local]
2026-01-07 08:51:19.164 GMT [40190] user=[unknown] db=[unknown] app=[unknown] client=[local] LOG:  connection received: host=[local]
2026-01-07 08:51:29.330 GMT [40197] user=[unknown] db=[unknown] app=[unknown] client=[local] LOG:  connection received: host=[local]
2026-01-07 08:51:39.562 GMT [40205] user=[unknown] db=[unknown] app=[unknown] client=[local] LOG:  connection received: host=[local]
2026-01-07 08:51:49.856 GMT [40213] user=[unknown] db=[unknown] app=[unknown] client=[local] LOG:  connection received: host=[local]
2026-01-07 08:51:59.996 GMT [40220] user=[unknown] db=[unknown] app=[unknown] client=[local] LOG:  connection received: host=[local]
2026-01-07 08:52:10.163 GMT [40228] user=[unknown] db=[unknown] app=[unknown] client=[local] LOG:  connection received: host=[local]
2026-01-07 08:52:20.486 GMT [40235] user=[unknown] db=[unknown] app=[unknown] client=[local] LOG:  connection received: host=[local]
2026-01-07 08:52:30.647 GMT [40243] user=[unknown] db=[unknown] app=[unknown] client=[local] LOG:  connection received: host=[local]
2026-01-07 08:52:40.800 GMT [40251] user=[unknown] db=[unknown] app=[unknown] client=[local] LOG:  connection received: host=[local]
2026-01-07 08:52:51.106 GMT [40260] user=[unknown] db=[unknown] app=[unknown] client=[local] LOG:  connection received: host=[local]
2026-01-07 08:53:01.279 GMT [40267] user=[unknown] db=[unknown] app=[unknown] client=[local] LOG:  connection received: host=[local]
2026-01-07 08:53:11.467 GMT [40276] user=[unknown] db=[unknown] app=[unknown] client=[local] LOG:  connection received: host=[local]
2026-01-07 08:53:21.748 GMT [40283] user=[unknown] db=[unknown] app=[unknown] client=[local] LOG:  connection received: host=[local]
2026-01-07 08:53:31.914 GMT [40290] user=[unknown] db=[unknown] app=[unknown] client=[local] LOG:  connection received: host=[local]
2026-01-07 08:53:42.059 GMT [40298] user=[unknown] db=[unknown] app=[unknown] client=[local] LOG:  connection received: host=[local]
2026-01-07 08:53:52.391 GMT [40306] user=[unknown] db=[unknown] app=[unknown] client=[local] LOG:  connection received: host=[local]
2026-01-07 08:54:02.557 GMT [40313] user=[unknown] db=[unknown] app=[unknown] client=[local] LOG:  connection received: host=[local]
2026-01-07 08:54:12.744 GMT [40321] user=[unknown] db=[unknown] app=[unknown] client=[local] LOG:  connection received: host=[local]
2026-01-07 08:54:23.137 GMT [40328] user=[unknown] db=[unknown] app=[unknown] client=[local] LOG:  connection received: host=[local]
2026-01-07 08:54:33.442 GMT [40336] user=[unknown] db=[unknown] app=[unknown] client=[local] LOG:  connection received: host=[local]
2026-01-07 08:54:43.614 GMT [40344] user=[unknown] db=[unknown] app=[unknown] client=[local] LOG:  connection received: host=[local]
2026-01-07 08:54:53.908 GMT [40352] user=[unknown] db=[unknown] app=[unknown] client=[local] LOG:  connection received: host=[local]
2026-01-07 08:55:04.161 GMT [40359] user=[unknown] db=[unknown] app=[unknown] client=[local] LOG:  connection received: host=[local]
2026-01-07 08:55:14.308 GMT [40367] user=[unknown] db=[unknown] app=[unknown] client=[local] LOG:  connection received: host=[local]
2026-01-07 08:55:24.660 GMT [40374] user=[unknown] db=[unknown] app=[unknown] client=[local] LOG:  connection received: host=[local]
2026-01-07 08:55:34.838 GMT [40381] user=[unknown] db=[unknown] app=[unknown] client=[local] LOG:  connection received: host=[local]
2026-01-07 08:55:44.985 GMT [40389] user=[unknown] db=[unknown] app=[unknown] client=[local] LOG:  connection received: host=[local]
2026-01-07 08:55:55.294 GMT [40397] user=[unknown] db=[unknown] app=[unknown] client=[local] LOG:  connection received: host=[local]
2026-01-07 08:56:05.522 GMT [40405] user=[unknown] db=[unknown] app=[unknown] client=[local] LOG:  connection received: host=[local]
2026-01-07 08:56:15.697 GMT [40412] user=[unknown] db=[unknown] app=[unknown] client=[local] LOG:  connection received: host=[local]
2026-01-07 08:56:26.074 GMT [40419] user=[unknown] db=[unknown] app=[unknown] client=[local] LOG:  connection received: host=[local]
2026-01-07 08:56:36.212 GMT [40426] user=[unknown] db=[unknown] app=[unknown] client=[local] LOG:  connection received: host=[local]
2026-01-07 08:56:46.393 GMT [40434] user=[unknown] db=[unknown] app=[unknown] client=[local] LOG:  connection received: host=[local]
2026-01-07 08:56:56.667 GMT [40442] user=[unknown] db=[unknown] app=[unknown] client=[local] LOG:  connection received: host=[local]
2026-01-07 08:57:06.845 GMT [40451] user=[unknown] db=[unknown] app=[unknown] client=[local] LOG:  connection received: host=[local]
2026-01-07 08:57:16.973 GMT [40458] user=[unknown] db=[unknown] app=[unknown] client=[local] LOG:  connection received: host=[local]
2026-01-07 08:57:27.262 GMT [40465] user=[unknown] db=[unknown] app=[unknown] client=[local] LOG:  connection received: host=[local]
2026-01-07 08:57:37.397 GMT [40472] user=[unknown] db=[unknown] app=[unknown] client=[local] LOG:  connection received: host=[local]
2026-01-07 08:57:47.565 GMT [40480] user=[unknown] db=[unknown] app=[unknown] client=[local] LOG:  connection received: host=[local]
2026-01-07 08:57:57.830 GMT [40488] user=[unknown] db=[unknown] app=[unknown] client=[local] LOG:  connection received: host=[local]
2026-01-07 08:58:07.997 GMT [40496] user=[unknown] db=[unknown] app=[unknown] client=[local] LOG:  connection received: host=[local]
2026-01-07 08:58:18.141 GMT [40504] user=[unknown] db=[unknown] app=[unknown] client=[local] LOG:  connection received: host=[local]
2026-01-07 08:58:28.446 GMT [40511] user=[unknown] db=[unknown] app=[unknown] client=[local] LOG:  connection received: host=[local]
2026-01-07 08:58:38.619 GMT [40518] user=[unknown] db=[unknown] app=[unknown] client=[local] LOG:  connection received: host=[local]
2026-01-07 08:58:48.758 GMT [40527] user=[unknown] db=[unknown] app=[unknown] client=[local] LOG:  connection received: host=[local]
2026-01-07 08:58:59.164 GMT [40535] user=[unknown] db=[unknown] app=[unknown] client=[local] LOG:  connection received: host=[local]
2026-01-07 08:59:09.319 GMT [40543] user=[unknown] db=[unknown] app=[unknown] client=[local] LOG:  connection received: host=[local]
2026-01-07 08:59:19.528 GMT [40550] user=[unknown] db=[unknown] app=[unknown] client=[local] LOG:  connection received: host=[local]
2026-01-07 08:59:29.912 GMT [40557] user=[unknown] db=[unknown] app=[unknown] client=[local] LOG:  connection received: host=[local]
2026-01-07 08:59:40.177 GMT [40564] user=[unknown] db=[unknown] app=[unknown] client=[local] LOG:  connection received: host=[local]
2026-01-07 08:59:50.366 GMT [40573] user=[unknown] db=[unknown] app=[unknown] client=[local] LOG:  connection received: host=[local]
2026-01-07 09:00:00.715 GMT [40580] user=[unknown] db=[unknown] app=[unknown] client=[local] LOG:  connection received: host=[local]
2026-01-07 09:00:10.891 GMT [40588] user=[unknown] db=[unknown] app=[unknown] client=[local] LOG:  connection received: host=[local]
2026-01-07 09:00:21.229 GMT [40595] user=[unknown] db=[unknown] app=[unknown] client=[local] LOG:  connection received: host=[local]
2026-01-07 09:00:31.364 GMT [40603] user=[unknown] db=[unknown] app=[unknown] client=[local] LOG:  connection received: host=[local]
2026-01-07 09:00:41.510 GMT [40611] user=[unknown] db=[unknown] app=[unknown] client=[local] LOG:  connection received: host=[local]
2026-01-07 09:00:51.857 GMT [40619] user=[unknown] db=[unknown] app=[unknown] client=[local] LOG:  connection received: host=[local]
2026-01-07 09:01:02.043 GMT [40626] user=[unknown] db=[unknown] app=[unknown] client=[local] LOG:  connection received: host=[local]
2026-01-07 09:01:12.220 GMT [40634] user=[unknown] db=[unknown] app=[unknown] client=[local] LOG:  connection received: host=[local]
2026-01-07 09:01:22.493 GMT [40642] user=[unknown] db=[unknown] app=[unknown] client=[local] LOG:  connection received: host=[local]
2026-01-07 09:01:32.643 GMT [40649] user=[unknown] db=[unknown] app=[unknown] client=[local] LOG:  connection received: host=[local]
2026-01-07 09:01:42.806 GMT [40657] user=[unknown] db=[unknown] app=[unknown] client=[local] LOG:  connection received: host=[local]
2026-01-07 09:01:53.092 GMT [40665] user=[unknown] db=[unknown] app=[unknown] client=[local] LOG:  connection received: host=[local]
2026-01-07 09:02:03.247 GMT [40672] user=[unknown] db=[unknown] app=[unknown] client=[local] LOG:  connection received: host=[local]
2026-01-07 09:02:13.392 GMT [40680] user=[unknown] db=[unknown] app=[unknown] client=[local] LOG:  connection received: host=[local]
2026-01-07 09:02:23.697 GMT [40687] user=[unknown] db=[unknown] app=[unknown] client=[local] LOG:  connection received: host=[local]
2026-01-07 09:02:33.820 GMT [40694] user=[unknown] db=[unknown] app=[unknown] client=[local] LOG:  connection received: host=[local]
2026-01-07 09:02:43.979 GMT [40702] user=[unknown] db=[unknown] app=[unknown] client=[local] LOG:  connection received: host=[local]
2026-01-07 09:02:54.286 GMT [40711] user=[unknown] db=[unknown] app=[unknown] client=[local] LOG:  connection received: host=[local]
2026-01-07 09:03:04.408 GMT [40718] user=[unknown] db=[unknown] app=[unknown] client=[local] LOG:  connection received: host=[local]
2026-01-07 09:03:14.563 GMT [40726] user=[unknown] db=[unknown] app=[unknown] client=[local] LOG:  connection received: host=[local]
2026-01-07 09:03:24.868 GMT [40733] user=[unknown] db=[unknown] app=[unknown] client=[local] LOG:  connection received: host=[local]
2026-01-07 09:03:34.999 GMT [40740] user=[unknown] db=[unknown] app=[unknown] client=[local] LOG:  connection received: host=[local]
2026-01-07 09:03:45.148 GMT [40748] user=[unknown] db=[unknown] app=[unknown] client=[local] LOG:  connection received: host=[local]
2026-01-07 09:03:55.511 GMT [40756] user=[unknown] db=[unknown] app=[unknown] client=[local] LOG:  connection received: host=[local]
2026-01-07 09:04:05.664 GMT [40763] user=[unknown] db=[unknown] app=[unknown] client=[local] LOG:  connection received: host=[local]
2026-01-07 09:04:15.798 GMT [40771] user=[unknown] db=[unknown] app=[unknown] client=[local] LOG:  connection received: host=[local]
2026-01-07 09:04:26.092 GMT [40778] user=[unknown] db=[unknown] app=[unknown] client=[local] LOG:  connection received: host=[local]
2026-01-07 09:04:36.258 GMT [40785] user=[unknown] db=[unknown] app=[unknown] client=[local] LOG:  connection received: host=[local]
2026-01-07 09:04:46.388 GMT [40793] user=[unknown] db=[unknown] app=[unknown] client=[local] LOG:  connection received: host=[local]
2026-01-07 09:04:56.658 GMT [40801] user=[unknown] db=[unknown] app=[unknown] client=[local] LOG:  connection received: host=[local]
2026-01-07 09:05:06.861 GMT [40809] user=[unknown] db=[unknown] app=[unknown] client=[local] LOG:  connection received: host=[local]
2026-01-07 09:05:16.996 GMT [40816] user=[unknown] db=[unknown] app=[unknown] client=[local] LOG:  connection received: host=[local]
2026-01-07 09:05:27.301 GMT [40823] user=[unknown] db=[unknown] app=[unknown] client=[local] LOG:  connection received: host=[local]
2026-01-07 09:05:37.439 GMT [40830] user=[unknown] db=[unknown] app=[unknown] client=[local] LOG:  connection received: host=[local]
2026-01-07 09:05:47.640 GMT [40838] user=[unknown] db=[unknown] app=[unknown] client=[local] LOG:  connection received: host=[local]
2026-01-07 09:05:57.942 GMT [40846] user=[unknown] db=[unknown] app=[unknown] client=[local] LOG:  connection received: host=[local]
2026-01-07 09:06:08.077 GMT [40854] user=[unknown] db=[unknown] app=[unknown] client=[local] LOG:  connection received: host=[local]
2026-01-07 09:06:18.210 GMT [40861] user=[unknown] db=[unknown] app=[unknown] client=[local] LOG:  connection received: host=[local]
2026-01-07 09:06:28.506 GMT [40868] user=[unknown] db=[unknown] app=[unknown] client=[local] LOG:  connection received: host=[local]
2026-01-07 09:06:38.699 GMT [40875] user=[unknown] db=[unknown] app=[unknown] client=[local] LOG:  connection received: host=[local]
2026-01-07 09:06:48.842 GMT [40885] user=[unknown] db=[unknown] app=[unknown] client=[local] LOG:  connection received: host=[local]
2026-01-07 09:06:59.151 GMT [40893] user=[unknown] db=[unknown] app=[unknown] client=[local] LOG:  connection received: host=[local]
2026-01-07 09:07:09.317 GMT [40901] user=[unknown] db=[unknown] app=[unknown] client=[local] LOG:  connection received: host=[local]
2026-01-07 09:07:19.465 GMT [40908] user=[unknown] db=[unknown] app=[unknown] client=[local] LOG:  connection received: host=[local]
2026-01-07 09:07:30.161 GMT [40915] user=[unknown] db=[unknown] app=[unknown] client=[local] LOG:  connection received: host=[local]
2026-01-07 09:07:40.325 GMT [40922] user=[unknown] db=[unknown] app=[unknown] client=[local] LOG:  connection received: host=[local]
2026-01-07 09:07:50.653 GMT [40931] user=[unknown] db=[unknown] app=[unknown] client=[local] LOG:  connection received: host=[local]
2026-01-07 09:08:00.984 GMT [40938] user=[unknown] db=[unknown] app=[unknown] client=[local] LOG:  connection received: host=[local]
2026-01-07 09:08:11.136 GMT [40946] user=[unknown] db=[unknown] app=[unknown] client=[local] LOG:  connection received: host=[local]
2026-01-07 09:08:21.340 GMT [40953] user=[unknown] db=[unknown] app=[unknown] client=[local] LOG:  connection received: host=[local]
2026-01-07 09:08:31.641 GMT [40960] user=[unknown] db=[unknown] app=[unknown] client=[local] LOG:  connection received: host=[local]
2026-01-07 09:08:41.810 GMT [40967] user=[unknown] db=[unknown] app=[unknown] client=[local] LOG:  connection received: host=[local]
2026-01-07 09:08:51.942 GMT [40976] user=[unknown] db=[unknown] app=[unknown] client=[local] LOG:  connection received: host=[local]
2026-01-07 09:09:02.356 GMT [40983] user=[unknown] db=[unknown] app=[unknown] client=[local] LOG:  connection received: host=[local]
2026-01-07 09:09:12.526 GMT [40992] user=[unknown] db=[unknown] app=[unknown] client=[local] LOG:  connection received: host=[local]
2026-01-07 09:09:22.671 GMT [40999] user=[unknown] db=[unknown] app=[unknown] client=[local] LOG:  connection received: host=[local]
2026-01-07 09:09:32.983 GMT [41006] user=[unknown] db=[unknown] app=[unknown] client=[local] LOG:  connection received: host=[local]
2026-01-07 09:09:43.175 GMT [41014] user=[unknown] db=[unknown] app=[unknown] client=[local] LOG:  connection received: host=[local]
2026-01-07 09:09:53.316 GMT [41023] user=[unknown] db=[unknown] app=[unknown] client=[local] LOG:  connection received: host=[local]
2026-01-07 09:10:03.696 GMT [41030] user=[unknown] db=[unknown] app=[unknown] client=[local] LOG:  connection received: host=[local]
2026-01-07 09:10:13.879 GMT [41038] user=[unknown] db=[unknown] app=[unknown] client=[local] LOG:  connection received: host=[local]
2026-01-07 09:10:24.015 GMT [41045] user=[unknown] db=[unknown] app=[unknown] client=[local] LOG:  connection received: host=[local]
2026-01-07 09:10:34.317 GMT [41053] user=[unknown] db=[unknown] app=[unknown] client=[local] LOG:  connection received: host=[local]
2026-01-07 09:10:44.504 GMT [41061] user=[unknown] db=[unknown] app=[unknown] client=[local] LOG:  connection received: host=[local]
2026-01-07 09:10:54.799 GMT [41069] user=[unknown] db=[unknown] app=[unknown] client=[local] LOG:  connection received: host=[local]
2026-01-07 09:11:04.974 GMT [41076] user=[unknown] db=[unknown] app=[unknown] client=[local] LOG:  connection received: host=[local]
2026-01-07 09:11:15.191 GMT [41085] user=[unknown] db=[unknown] app=[unknown] client=[local] LOG:  connection received: host=[local]
2026-01-07 09:11:25.558 GMT [41093] user=[unknown] db=[unknown] app=[unknown] client=[local] LOG:  connection received: host=[local]
2026-01-07 09:11:35.697 GMT [41100] user=[unknown] db=[unknown] app=[unknown] client=[local] LOG:  connection received: host=[local]
2026-01-07 09:11:45.861 GMT [41108] user=[unknown] db=[unknown] app=[unknown] client=[local] LOG:  connection received: host=[local]
2026-01-07 09:11:56.217 GMT [41116] user=[unknown] db=[unknown] app=[unknown] client=[local] LOG:  connection received: host=[local]
2026-01-07 09:12:06.373 GMT [41123] user=[unknown] db=[unknown] app=[unknown] client=[local] LOG:  connection received: host=[local]
2026-01-07 09:12:16.592 GMT [41131] user=[unknown] db=[unknown] app=[unknown] client=[local] LOG:  connection received: host=[local]
2026-01-07 09:12:26.975 GMT [41138] user=[unknown] db=[unknown] app=[unknown] client=[local] LOG:  connection received: host=[local]
2026-01-07 09:12:37.174 GMT [41146] user=[unknown] db=[unknown] app=[unknown] client=[local] LOG:  connection received: host=[local]
2026-01-07 09:12:47.326 GMT [41155] user=[unknown] db=[unknown] app=[unknown] client=[local] LOG:  connection received: host=[local]
2026-01-07 09:12:57.815 GMT [41163] user=[unknown] db=[unknown] app=[unknown] client=[local] LOG:  connection received: host=[local]
2026-01-07 09:13:07.942 GMT [41171] user=[unknown] db=[unknown] app=[unknown] client=[local] LOG:  connection received: host=[local]
2026-01-07 09:13:18.137 GMT [41178] user=[unknown] db=[unknown] app=[unknown] client=[local] LOG:  connection received: host=[local]
2026-01-07 09:13:28.658 GMT [41185] user=[unknown] db=[unknown] app=[unknown] client=[local] LOG:  connection received: host=[local]
2026-01-07 09:13:38.811 GMT [41192] user=[unknown] db=[unknown] app=[unknown] client=[local] LOG:  connection received: host=[local]
2026-01-07 09:13:49.145 GMT [41201] user=[unknown] db=[unknown] app=[unknown] client=[local] LOG:  connection received: host=[local]
2026-01-07 09:13:59.543 GMT [41208] user=[unknown] db=[unknown] app=[unknown] client=[local] LOG:  connection received: host=[local]
2026-01-07 09:14:09.731 GMT [41216] user=[unknown] db=[unknown] app=[unknown] client=[local] LOG:  connection received: host=[local]
2026-01-07 09:14:20.698 GMT [41223] user=[unknown] db=[unknown] app=[unknown] client=[local] LOG:  connection received: host=[local]
2026-01-07 09:14:30.766 GMT [41230] user=[unknown] db=[unknown] app=[unknown] client=[local] LOG:  connection received: host=[local]
2026-01-07 09:14:40.920 GMT [41237] user=[unknown] db=[unknown] app=[unknown] client=[local] LOG:  connection received: host=[local]
2026-01-07 09:14:51.084 GMT [41246] user=[unknown] db=[unknown] app=[unknown] client=[local] LOG:  connection received: host=[local]
2026-01-07 09:15:01.463 GMT [41253] user=[unknown] db=[unknown] app=[unknown] client=[local] LOG:  connection received: host=[local]
2026-01-07 09:15:11.647 GMT [41261] user=[unknown] db=[unknown] app=[unknown] client=[local] LOG:  connection received: host=[local]
2026-01-07 09:15:21.818 GMT [41268] user=[unknown] db=[unknown] app=[unknown] client=[local] LOG:  connection received: host=[local]
2026-01-07 09:15:32.149 GMT [41275] user=[unknown] db=[unknown] app=[unknown] client=[local] LOG:  connection received: host=[local]
2026-01-07 09:15:42.339 GMT [41282] user=[unknown] db=[unknown] app=[unknown] client=[local] LOG:  connection received: host=[local]
2026-01-07 09:15:52.514 GMT [41291] user=[unknown] db=[unknown] app=[unknown] client=[local] LOG:  connection received: host=[local]
2026-01-07 09:16:02.933 GMT [41298] user=[unknown] db=[unknown] app=[unknown] client=[local] LOG:  connection received: host=[local]
2026-01-07 09:16:13.091 GMT [41307] user=[unknown] db=[unknown] app=[unknown] client=[local] LOG:  connection received: host=[local]
2026-01-07 09:16:23.278 GMT [41314] user=[unknown] db=[unknown] app=[unknown] client=[local] LOG:  connection received: host=[local]
2026-01-07 09:16:33.727 GMT [41321] user=[unknown] db=[unknown] app=[unknown] client=[local] LOG:  connection received: host=[local]
2026-01-07 09:16:44.239 GMT [41328] user=[unknown] db=[unknown] app=[unknown] client=[local] LOG:  connection received: host=[local]
2026-01-07 09:16:54.637 GMT [41337] user=[unknown] db=[unknown] app=[unknown] client=[local] LOG:  connection received: host=[local]
2026-01-07 09:17:05.092 GMT [41344] user=[unknown] db=[unknown] app=[unknown] client=[local] LOG:  connection received: host=[local]
2026-01-07 09:17:15.245 GMT [41352] user=[unknown] db=[unknown] app=[unknown] client=[local] LOG:  connection received: host=[local]
2026-01-07 09:17:25.386 GMT [41359] user=[unknown] db=[unknown] app=[unknown] client=[local] LOG:  connection received: host=[local]
2026-01-07 09:17:35.760 GMT [41367] user=[unknown] db=[unknown] app=[unknown] client=[local] LOG:  connection received: host=[local]
2026-01-07 09:17:45.887 GMT [41375] user=[unknown] db=[unknown] app=[unknown] client=[local] LOG:  connection received: host=[local]
2026-01-07 09:17:56.011 GMT [41383] user=[unknown] db=[unknown] app=[unknown] client=[local] LOG:  connection received: host=[local]
2026-01-07 09:18:06.738 GMT [41390] user=[unknown] db=[unknown] app=[unknown] client=[local] LOG:  connection received: host=[local]
2026-01-07 09:18:16.896 GMT [41398] user=[unknown] db=[unknown] app=[unknown] client=[local] LOG:  connection received: host=[local]
2026-01-07 09:18:27.073 GMT [41406] user=[unknown] db=[unknown] app=[unknown] client=[local] LOG:  connection received: host=[local]
2026-01-07 09:18:37.448 GMT [41414] user=[unknown] db=[unknown] app=[unknown] client=[local] LOG:  connection received: host=[local]
2026-01-07 09:18:47.583 GMT [41422] user=[unknown] db=[unknown] app=[unknown] client=[local] LOG:  connection received: host=[local]
2026-01-07 09:18:57.724 GMT [41431] user=[unknown] db=[unknown] app=[unknown] client=[local] LOG:  connection received: host=[local]
2026-01-07 09:19:08.271 GMT [41438] user=[unknown] db=[unknown] app=[unknown] client=[local] LOG:  connection received: host=[local]
2026-01-07 09:19:18.419 GMT [41446] user=[unknown] db=[unknown] app=[unknown] client=[local] LOG:  connection received: host=[local]
2026-01-07 09:19:28.717 GMT [41454] user=[unknown] db=[unknown] app=[unknown] client=[local] LOG:  connection received: host=[local]
2026-01-07 09:19:38.877 GMT [41461] user=[unknown] db=[unknown] app=[unknown] client=[local] LOG:  connection received: host=[local]
2026-01-07 09:19:49.064 GMT [41471] user=[unknown] db=[unknown] app=[unknown] client=[local] LOG:  connection received: host=[local]
2026-01-07 09:19:59.367 GMT [41478] user=[unknown] db=[unknown] app=[unknown] client=[local] LOG:  connection received: host=[local]
2026-01-07 09:20:09.508 GMT [41486] user=[unknown] db=[unknown] app=[unknown] client=[local] LOG:  connection received: host=[local]
2026-01-07 09:20:20.336 GMT [41493] user=[unknown] db=[unknown] app=[unknown] client=[local] LOG:  connection received: host=[local]
2026-01-07 09:20:30.363 GMT [41500] user=[unknown] db=[unknown] app=[unknown] client=[local] LOG:  connection received: host=[local]
2026-01-07 09:20:40.475 GMT [41507] user=[unknown] db=[unknown] app=[unknown] client=[local] LOG:  connection received: host=[local]
2026-01-07 09:20:50.624 GMT [41516] user=[unknown] db=[unknown] app=[unknown] client=[local] LOG:  connection received: host=[local]
2026-01-07 09:21:00.986 GMT [41523] user=[unknown] db=[unknown] app=[unknown] client=[local] LOG:  connection received: host=[local]
2026-01-07 09:21:11.363 GMT [41531] user=[unknown] db=[unknown] app=[unknown] client=[local] LOG:  connection received: host=[local]
2026-01-07 09:21:21.500 GMT [41538] user=[unknown] db=[unknown] app=[unknown] client=[local] LOG:  connection received: host=[local]
2026-01-07 09:21:31.804 GMT [41545] user=[unknown] db=[unknown] app=[unknown] client=[local] LOG:  connection received: host=[local]
2026-01-07 09:21:41.931 GMT [41552] user=[unknown] db=[unknown] app=[unknown] client=[local] LOG:  connection received: host=[local]
2026-01-07 09:21:52.071 GMT [41561] user=[unknown] db=[unknown] app=[unknown] client=[local] LOG:  connection received: host=[local]
2026-01-07 09:22:02.384 GMT [41568] user=[unknown] db=[unknown] app=[unknown] client=[local] LOG:  connection received: host=[local]
2026-01-07 09:22:12.526 GMT [41576] user=[unknown] db=[unknown] app=[unknown] client=[local] LOG:  connection received: host=[local]
2026-01-07 09:22:22.725 GMT [41584] user=[unknown] db=[unknown] app=[unknown] client=[local] LOG:  connection received: host=[local]
2026-01-07 09:22:33.054 GMT [41591] user=[unknown] db=[unknown] app=[unknown] client=[local] LOG:  connection received: host=[local]
2026-01-07 09:22:43.246 GMT [41598] user=[unknown] db=[unknown] app=[unknown] client=[local] LOG:  connection received: host=[local]
2026-01-07 09:22:53.354 GMT [41608] user=[unknown] db=[unknown] app=[unknown] client=[local] LOG:  connection received: host=[local]
2026-01-07 09:23:03.635 GMT [41615] user=[unknown] db=[unknown] app=[unknown] client=[local] LOG:  connection received: host=[local]
2026-01-07 09:23:13.751 GMT [41624] user=[unknown] db=[unknown] app=[unknown] client=[local] LOG:  connection received: host=[local]
2026-01-07 09:23:23.881 GMT [41631] user=[unknown] db=[unknown] app=[unknown] client=[local] LOG:  connection received: host=[local]
2026-01-07 09:23:34.212 GMT [41638] user=[unknown] db=[unknown] app=[unknown] client=[local] LOG:  connection received: host=[local]
2026-01-07 09:23:44.361 GMT [41645] user=[unknown] db=[unknown] app=[unknown] client=[local] LOG:  connection received: host=[local]
2026-01-07 09:23:54.625 GMT [41654] user=[unknown] db=[unknown] app=[unknown] client=[local] LOG:  connection received: host=[local]
2026-01-07 09:24:04.994 GMT [41661] user=[unknown] db=[unknown] app=[unknown] client=[local] LOG:  connection received: host=[local]
2026-01-07 09:24:15.109 GMT [41669] user=[unknown] db=[unknown] app=[unknown] client=[local] LOG:  connection received: host=[local]
2026-01-07 09:24:25.296 GMT [41676] user=[unknown] db=[unknown] app=[unknown] client=[local] LOG:  connection received: host=[local]
2026-01-07 09:24:35.613 GMT [41683] user=[unknown] db=[unknown] app=[unknown] client=[local] LOG:  connection received: host=[local]
2026-01-07 09:24:45.763 GMT [41691] user=[unknown] db=[unknown] app=[unknown] client=[local] LOG:  connection received: host=[local]
2026-01-07 09:24:55.948 GMT [41700] user=[unknown] db=[unknown] app=[unknown] client=[local] LOG:  connection received: host=[local]
2026-01-07 09:25:06.248 GMT [41707] user=[unknown] db=[unknown] app=[unknown] client=[local] LOG:  connection received: host=[local]
2026-01-07 09:25:16.359 GMT [41715] user=[unknown] db=[unknown] app=[unknown] client=[local] LOG:  connection received: host=[local]
2026-01-07 09:25:26.529 GMT [41722] user=[unknown] db=[unknown] app=[unknown] client=[local] LOG:  connection received: host=[local]
2026-01-07 09:25:36.883 GMT [41729] user=[unknown] db=[unknown] app=[unknown] client=[local] LOG:  connection received: host=[local]
2026-01-07 09:25:47.043 GMT [41737] user=[unknown] db=[unknown] app=[unknown] client=[local] LOG:  connection received: host=[local]
2026-01-07 09:25:57.179 GMT [41745] user=[unknown] db=[unknown] app=[unknown] client=[local] LOG:  connection received: host=[local]
2026-01-07 09:26:07.458 GMT [41752] user=[unknown] db=[unknown] app=[unknown] client=[local] LOG:  connection received: host=[local]
2026-01-07 09:26:17.573 GMT [41760] user=[unknown] db=[unknown] app=[unknown] client=[local] LOG:  connection received: host=[local]
2026-01-07 09:26:27.681 GMT [41767] user=[unknown] db=[unknown] app=[unknown] client=[local] LOG:  connection received: host=[local]
2026-01-07 09:26:37.966 GMT [41774] user=[unknown] db=[unknown] app=[unknown] client=[local] LOG:  connection received: host=[local]
2026-01-07 09:26:48.071 GMT [41782] user=[unknown] db=[unknown] app=[unknown] client=[local] LOG:  connection received: host=[local]
2026-01-07 09:26:58.301 GMT [41790] user=[unknown] db=[unknown] app=[unknown] client=[local] LOG:  connection received: host=[local]
2026-01-07 09:27:08.612 GMT [41797] user=[unknown] db=[unknown] app=[unknown] client=[local] LOG:  connection received: host=[local]
2026-01-07 09:27:18.797 GMT [41805] user=[unknown] db=[unknown] app=[unknown] client=[local] LOG:  connection received: host=[local]
2026-01-07 09:27:28.960 GMT [41812] user=[unknown] db=[unknown] app=[unknown] client=[local] LOG:  connection received: host=[local]
2026-01-07 09:27:39.243 GMT [41820] user=[unknown] db=[unknown] app=[unknown] client=[local] LOG:  connection received: host=[local]
2026-01-07 09:27:49.430 GMT [41830] user=[unknown] db=[unknown] app=[unknown] client=[local] LOG:  connection received: host=[local]
2026-01-07 09:27:59.680 GMT [41837] user=[unknown] db=[unknown] app=[unknown] client=[local] LOG:  connection received: host=[local]
2026-01-07 09:28:10.131 GMT [41844] user=[unknown] db=[unknown] app=[unknown] client=[local] LOG:  connection received: host=[local]
2026-01-07 09:28:20.463 GMT [41852] user=[unknown] db=[unknown] app=[unknown] client=[local] LOG:  connection received: host=[local]
2026-01-07 09:28:30.611 GMT [41859] user=[unknown] db=[unknown] app=[unknown] client=[local] LOG:  connection received: host=[local]
2026-01-07 09:28:41.351 GMT [41866] user=[unknown] db=[unknown] app=[unknown] client=[local] LOG:  connection received: host=[local]
2026-01-07 09:28:51.554 GMT [41876] user=[unknown] db=[unknown] app=[unknown] client=[local] LOG:  connection received: host=[local]
2026-01-07 09:29:01.824 GMT [41883] user=[unknown] db=[unknown] app=[unknown] client=[local] LOG:  connection received: host=[local]
2026-01-07 09:29:12.312 GMT [41891] user=[unknown] db=[unknown] app=[unknown] client=[local] LOG:  connection received: host=[local]
2026-01-07 09:29:22.597 GMT [41898] user=[unknown] db=[unknown] app=[unknown] client=[local] LOG:  connection received: host=[local]
2026-01-07 09:29:32.998 GMT [41905] user=[unknown] db=[unknown] app=[unknown] client=[local] LOG:  connection received: host=[local]
2026-01-07 09:29:43.576 GMT [41912] user=[unknown] db=[unknown] app=[unknown] client=[local] LOG:  connection received: host=[local]
2026-01-07 09:29:53.782 GMT [41921] user=[unknown] db=[unknown] app=[unknown] client=[local] LOG:  connection received: host=[local]
2026-01-07 09:30:04.522 GMT [41929] user=[unknown] db=[unknown] app=[unknown] client=[local] LOG:  connection received: host=[local]
2026-01-07 09:30:14.716 GMT [41937] user=[unknown] db=[unknown] app=[unknown] client=[local] LOG:  connection received: host=[local]
2026-01-07 09:30:24.900 GMT [41944] user=[unknown] db=[unknown] app=[unknown] client=[local] LOG:  connection received: host=[local]
2026-01-07 09:30:35.248 GMT [41951] user=[unknown] db=[unknown] app=[unknown] client=[local] LOG:  connection received: host=[local]
2026-01-07 09:30:45.507 GMT [41958] user=[unknown] db=[unknown] app=[unknown] client=[local] LOG:  connection received: host=[local]
2026-01-07 09:30:55.663 GMT [41967] user=[unknown] db=[unknown] app=[unknown] client=[local] LOG:  connection received: host=[local]
2026-01-07 09:31:06.457 GMT [41975] user=[unknown] db=[unknown] app=[unknown] client=[local] LOG:  connection received: host=[local]
2026-01-07 09:31:16.794 GMT [41983] user=[unknown] db=[unknown] app=[unknown] client=[local] LOG:  connection received: host=[local]
2026-01-07 09:31:26.988 GMT [41990] user=[unknown] db=[unknown] app=[unknown] client=[local] LOG:  connection received: host=[local]
2026-01-07 09:31:37.687 GMT [41997] user=[unknown] db=[unknown] app=[unknown] client=[local] LOG:  connection received: host=[local]
2026-01-07 09:31:47.954 GMT [42004] user=[unknown] db=[unknown] app=[unknown] client=[local] LOG:  connection received: host=[local]
2026-01-07 09:31:58.136 GMT [42012] user=[unknown] db=[unknown] app=[unknown] client=[local] LOG:  connection received: host=[local]
2026-01-07 09:32:08.892 GMT [42019] user=[unknown] db=[unknown] app=[unknown] client=[local] LOG:  connection received: host=[local]
2026-01-07 09:32:19.055 GMT [42027] user=[unknown] db=[unknown] app=[unknown] client=[local] LOG:  connection received: host=[local]
2026-01-07 09:32:29.231 GMT [42036] user=[unknown] db=[unknown] app=[unknown] client=[local] LOG:  connection received: host=[local]
2026-01-07 09:32:39.957 GMT [42043] user=[unknown] db=[unknown] app=[unknown] client=[local] LOG:  connection received: host=[local]
2026-01-07 09:32:50.103 GMT [42051] user=[unknown] db=[unknown] app=[unknown] client=[local] LOG:  connection received: host=[local]
2026-01-07 09:33:00.220 GMT [42058] user=[unknown] db=[unknown] app=[unknown] client=[local] LOG:  connection received: host=[local]
2026-01-07 09:33:10.611 GMT [42066] user=[unknown] db=[unknown] app=[unknown] client=[local] LOG:  connection received: host=[local]
2026-01-07 09:33:20.728 GMT [42073] user=[unknown] db=[unknown] app=[unknown] client=[local] LOG:  connection received: host=[local]
2026-01-07 09:33:30.835 GMT [42081] user=[unknown] db=[unknown] app=[unknown] client=[local] LOG:  connection received: host=[local]
2026-01-07 09:33:41.650 GMT [42088] user=[unknown] db=[unknown] app=[unknown] client=[local] LOG:  connection received: host=[local]
2026-01-07 09:33:51.826 GMT [42097] user=[unknown] db=[unknown] app=[unknown] client=[local] LOG:  connection received: host=[local]
2026-01-07 09:34:02.097 GMT [42105] user=[unknown] db=[unknown] app=[unknown] client=[local] LOG:  connection received: host=[local]
2026-01-07 09:34:12.809 GMT [42113] user=[unknown] db=[unknown] app=[unknown] client=[local] LOG:  connection received: host=[local]
2026-01-07 09:34:23.029 GMT [42121] user=[unknown] db=[unknown] app=[unknown] client=[local] LOG:  connection received: host=[local]
2026-01-07 09:34:33.200 GMT [42129] user=[unknown] db=[unknown] app=[unknown] client=[local] LOG:  connection received: host=[local]
2026-01-07 09:34:44.217 GMT [42136] user=[unknown] db=[unknown] app=[unknown] client=[local] LOG:  connection received: host=[local]
2026-01-07 09:34:54.376 GMT [42144] user=[unknown] db=[unknown] app=[unknown] client=[local] LOG:  connection received: host=[local]
2026-01-07 09:35:04.559 GMT [42151] user=[unknown] db=[unknown] app=[unknown] client=[local] LOG:  connection received: host=[local]
2026-01-07 09:35:10.982 GMT [42159] user=[unknown] db=[unknown] app=[unknown] client=[local] LOG:  connection received: host=[local]
2026-01-07 09:35:15.312 GMT [42168] user=[unknown] db=[unknown] app=[unknown] client=[local] LOG:  connection received: host=[local]
2026-01-07 09:35:17.184 GMT [42169] user=[unknown] db=[unknown] app=[unknown] client=[local] LOG:  connection received: host=[local]
2026-01-07 09:35:17.228 GMT [42169] user=admin db=apidb app=[unknown] client=[local] LOG:  connection authenticated: identity="admin" method=scram-sha-256 (/etc/postgresql/pg_hba.conf:2)
2026-01-07 09:35:17.228 GMT [42169] user=admin db=apidb app=[unknown] client=[local] LOG:  connection authorized: user=admin database=apidb application_name=psql
2026-01-07 09:35:22.505 GMT [42169] user=admin db=apidb app=psql client=[local] ERROR:  syntax error at or near "chats" at character 6
2026-01-07 09:35:22.505 GMT [42169] user=admin db=apidb app=psql client=[local] STATEMENT:  drop chats;
2026-01-07 09:35:25.464 GMT [42176] user=[unknown] db=[unknown] app=[unknown] client=[local] LOG:  connection received: host=[local]
2026-01-07 09:35:35.644 GMT [42184] user=[unknown] db=[unknown] app=[unknown] client=[local] LOG:  connection received: host=[local]
2026-01-07 09:35:46.365 GMT [42191] user=[unknown] db=[unknown] app=[unknown] client=[local] LOG:  connection received: host=[local]
2026-01-07 09:35:52.847 GMT [42169] user=admin db=apidb app=psql client=[local] ERROR:  syntax error at or near "not" at character 91
2026-01-07 09:35:52.847 GMT [42169] user=admin db=apidb app=psql client=[local] STATEMENT:  CREATE TABLE IF NOT EXISTS chats (
	    id          BIGSERIAL PRIMARY KEY,
	    ulid        not null unique,
	    room        varchar(64) not null,
	    username    varchar(100) not null,
	    content     TEXT NOT NULL,
	    created_at  TIMESTAMPTZ NOT NULL DEFAULT NOW(),
	    deleted_at  TIMESTAMPTZ
	);
2026-01-07 09:35:56.493 GMT [42200] user=[unknown] db=[unknown] app=[unknown] client=[local] LOG:  connection received: host=[local]
2026-01-07 09:36:06.701 GMT [42207] user=[unknown] db=[unknown] app=[unknown] client=[local] LOG:  connection received: host=[local]
2026-01-07 09:36:17.122 GMT [42216] user=[unknown] db=[unknown] app=[unknown] client=[local] LOG:  connection received: host=[local]
2026-01-07 09:36:27.541 GMT [42223] user=[unknown] db=[unknown] app=[unknown] client=[local] LOG:  connection received: host=[local]
2026-01-07 09:36:37.735 GMT [42231] user=[unknown] db=[unknown] app=[unknown] client=[local] LOG:  connection received: host=[local]
2026-01-07 09:36:40.743 GMT [42169] user=admin db=apidb app=psql client=[local] ERROR:  type "ulid" does not exist at character 91
2026-01-07 09:36:40.743 GMT [42169] user=admin db=apidb app=psql client=[local] STATEMENT:  CREATE TABLE IF NOT EXISTS chats (
	    id          BIGSERIAL PRIMARY KEY,
	    ulid        ulid not null unique,
	    room        varchar(64) not null,
	    username    varchar(100) not null,
	    content     TEXT NOT NULL,
	    created_at  TIMESTAMPTZ NOT NULL DEFAULT NOW(),
	    deleted_at  TIMESTAMPTZ
	);
2026-01-07 09:36:48.459 GMT [42238] user=[unknown] db=[unknown] app=[unknown] client=[local] LOG:  connection received: host=[local]
2026-01-07 09:36:58.613 GMT [42247] user=[unknown] db=[unknown] app=[unknown] client=[local] LOG:  connection received: host=[local]
2026-01-07 09:37:08.754 GMT [42254] user=[unknown] db=[unknown] app=[unknown] client=[local] LOG:  connection received: host=[local]
2026-01-07 09:37:19.502 GMT [42262] user=[unknown] db=[unknown] app=[unknown] client=[local] LOG:  connection received: host=[local]
2026-01-07 09:37:29.723 GMT [42270] user=[unknown] db=[unknown] app=[unknown] client=[local] LOG:  connection received: host=[local]
2026-01-07 09:37:39.931 GMT [42277] user=[unknown] db=[unknown] app=[unknown] client=[local] LOG:  connection received: host=[local]
2026-01-07 09:37:50.754 GMT [42284] user=[unknown] db=[unknown] app=[unknown] client=[local] LOG:  connection received: host=[local]
2026-01-07 09:38:00.913 GMT [42292] user=[unknown] db=[unknown] app=[unknown] client=[local] LOG:  connection received: host=[local]
2026-01-07 09:38:11.054 GMT [42299] user=[unknown] db=[unknown] app=[unknown] client=[local] LOG:  connection received: host=[local]
2026-01-07 09:38:21.758 GMT [42307] user=[unknown] db=[unknown] app=[unknown] client=[local] LOG:  connection received: host=[local]
2026-01-07 09:38:31.936 GMT [42315] user=[unknown] db=[unknown] app=[unknown] client=[local] LOG:  connection received: host=[local]
2026-01-07 09:38:42.070 GMT [42322] user=[unknown] db=[unknown] app=[unknown] client=[local] LOG:  connection received: host=[local]
2026-01-07 09:38:52.395 GMT [42329] user=[unknown] db=[unknown] app=[unknown] client=[local] LOG:  connection received: host=[local]
2026-01-07 09:38:56.544 GMT [71] user= db= app= client= LOG:  checkpoint starting: time
2026-01-07 09:39:00.861 GMT [71] user= db= app= client= LOG:  checkpoint complete: wrote 43 buffers (0.1%); 0 WAL file(s) added, 0 removed, 0 recycled; write=4.254 s, sync=0.016 s, total=4.315 s; sync files=39, longest=0.005 s, average=0.001 s; distance=180 kB, estimate=180 kB
2026-01-07 09:39:02.535 GMT [42337] user=[unknown] db=[unknown] app=[unknown] client=[local] LOG:  connection received: host=[local]
2026-01-07 09:39:12.874 GMT [42345] user=[unknown] db=[unknown] app=[unknown] client=[local] LOG:  connection received: host=[local]
2026-01-07 09:39:23.406 GMT [42352] user=[unknown] db=[unknown] app=[unknown] client=[local] LOG:  connection received: host=[local]
2026-01-07 09:39:33.615 GMT [42360] user=[unknown] db=[unknown] app=[unknown] client=[local] LOG:  connection received: host=[local]
2026-01-07 09:39:44.350 GMT [42368] user=[unknown] db=[unknown] app=[unknown] client=[local] LOG:  connection received: host=[local]
2026-01-07 09:39:54.509 GMT [42376] user=[unknown] db=[unknown] app=[unknown] client=[local] LOG:  connection received: host=[local]
2026-01-07 09:40:04.633 GMT [42384] user=[unknown] db=[unknown] app=[unknown] client=[local] LOG:  connection received: host=[local]
2026-01-07 09:40:15.458 GMT [42392] user=[unknown] db=[unknown] app=[unknown] client=[local] LOG:  connection received: host=[local]
2026-01-07 09:40:25.613 GMT [42399] user=[unknown] db=[unknown] app=[unknown] client=[local] LOG:  connection received: host=[local]
2026-01-07 09:40:35.826 GMT [42407] user=[unknown] db=[unknown] app=[unknown] client=[local] LOG:  connection received: host=[local]
2026-01-07 09:40:46.610 GMT [42414] user=[unknown] db=[unknown] app=[unknown] client=[local] LOG:  connection received: host=[local]
2026-01-07 09:40:56.757 GMT [42422] user=[unknown] db=[unknown] app=[unknown] client=[local] LOG:  connection received: host=[local]
2026-01-07 09:41:06.885 GMT [42429] user=[unknown] db=[unknown] app=[unknown] client=[local] LOG:  connection received: host=[local]
2026-01-07 09:41:17.686 GMT [42438] user=[unknown] db=[unknown] app=[unknown] client=[local] LOG:  connection received: host=[local]
2026-01-07 09:41:27.857 GMT [42445] user=[unknown] db=[unknown] app=[unknown] client=[local] LOG:  connection received: host=[local]
2026-01-07 09:41:37.983 GMT [42453] user=[unknown] db=[unknown] app=[unknown] client=[local] LOG:  connection received: host=[local]
2026-01-07 09:41:48.850 GMT [42460] user=[unknown] db=[unknown] app=[unknown] client=[local] LOG:  connection received: host=[local]
2026-01-07 09:41:58.992 GMT [42469] user=[unknown] db=[unknown] app=[unknown] client=[local] LOG:  connection received: host=[local]
2026-01-07 09:42:09.109 GMT [42476] user=[unknown] db=[unknown] app=[unknown] client=[local] LOG:  connection received: host=[local]
2026-01-07 09:42:20.058 GMT [42484] user=[unknown] db=[unknown] app=[unknown] client=[local] LOG:  connection received: host=[local]
2026-01-07 09:42:30.168 GMT [42491] user=[unknown] db=[unknown] app=[unknown] client=[local] LOG:  connection received: host=[local]
2026-01-07 09:42:40.303 GMT [42499] user=[unknown] db=[unknown] app=[unknown] client=[local] LOG:  connection received: host=[local]
2026-01-07 09:42:51.135 GMT [42506] user=[unknown] db=[unknown] app=[unknown] client=[local] LOG:  connection received: host=[local]
2026-01-07 09:43:01.244 GMT [42514] user=[unknown] db=[unknown] app=[unknown] client=[local] LOG:  connection received: host=[local]
2026-01-07 09:43:11.456 GMT [42521] user=[unknown] db=[unknown] app=[unknown] client=[local] LOG:  connection received: host=[local]
2026-01-07 09:43:22.360 GMT [42529] user=[unknown] db=[unknown] app=[unknown] client=[local] LOG:  connection received: host=[local]
2026-01-07 09:43:32.516 GMT [42537] user=[unknown] db=[unknown] app=[unknown] client=[local] LOG:  connection received: host=[local]
2026-01-07 09:43:42.728 GMT [42544] user=[unknown] db=[unknown] app=[unknown] client=[local] LOG:  connection received: host=[local]
2026-01-07 09:43:53.501 GMT [42551] user=[unknown] db=[unknown] app=[unknown] client=[local] LOG:  connection received: host=[local]
2026-01-07 09:44:03.615 GMT [42559] user=[unknown] db=[unknown] app=[unknown] client=[local] LOG:  connection received: host=[local]
2026-01-07 09:44:13.769 GMT [42567] user=[unknown] db=[unknown] app=[unknown] client=[local] LOG:  connection received: host=[local]
2026-01-07 09:44:24.553 GMT [42574] user=[unknown] db=[unknown] app=[unknown] client=[local] LOG:  connection received: host=[local]
2026-01-07 09:44:34.731 GMT [42582] user=[unknown] db=[unknown] app=[unknown] client=[local] LOG:  connection received: host=[local]
2026-01-07 09:44:44.842 GMT [42589] user=[unknown] db=[unknown] app=[unknown] client=[local] LOG:  connection received: host=[local]
2026-01-07 09:44:55.751 GMT [42596] user=[unknown] db=[unknown] app=[unknown] client=[local] LOG:  connection received: host=[local]
2026-01-07 09:45:05.962 GMT [42604] user=[unknown] db=[unknown] app=[unknown] client=[local] LOG:  connection received: host=[local]
2026-01-07 09:45:16.271 GMT [42613] user=[unknown] db=[unknown] app=[unknown] client=[local] LOG:  connection received: host=[local]
2026-01-07 09:45:27.018 GMT [42620] user=[unknown] db=[unknown] app=[unknown] client=[local] LOG:  connection received: host=[local]
2026-01-07 09:45:37.147 GMT [42628] user=[unknown] db=[unknown] app=[unknown] client=[local] LOG:  connection received: host=[local]
2026-01-07 09:45:47.273 GMT [42635] user=[unknown] db=[unknown] app=[unknown] client=[local] LOG:  connection received: host=[local]
2026-01-07 09:45:58.067 GMT [42643] user=[unknown] db=[unknown] app=[unknown] client=[local] LOG:  connection received: host=[local]
2026-01-07 09:46:08.238 GMT [42650] user=[unknown] db=[unknown] app=[unknown] client=[local] LOG:  connection received: host=[local]
2026-01-07 09:46:18.372 GMT [42658] user=[unknown] db=[unknown] app=[unknown] client=[local] LOG:  connection received: host=[local]
2026-01-07 09:46:29.260 GMT [42665] user=[unknown] db=[unknown] app=[unknown] client=[local] LOG:  connection received: host=[local]
2026-01-07 09:46:39.448 GMT [42673] user=[unknown] db=[unknown] app=[unknown] client=[local] LOG:  connection received: host=[local]
2026-01-07 09:46:49.577 GMT [42681] user=[unknown] db=[unknown] app=[unknown] client=[local] LOG:  connection received: host=[local]
2026-01-07 09:47:00.418 GMT [42689] user=[unknown] db=[unknown] app=[unknown] client=[local] LOG:  connection received: host=[local]
2026-01-07 09:47:10.563 GMT [42697] user=[unknown] db=[unknown] app=[unknown] client=[local] LOG:  connection received: host=[local]
2026-01-07 09:47:20.686 GMT [42705] user=[unknown] db=[unknown] app=[unknown] client=[local] LOG:  connection received: host=[local]
2026-01-07 09:47:31.436 GMT [42712] user=[unknown] db=[unknown] app=[unknown] client=[local] LOG:  connection received: host=[local]
2026-01-07 09:47:41.610 GMT [42720] user=[unknown] db=[unknown] app=[unknown] client=[local] LOG:  connection received: host=[local]
2026-01-07 09:47:51.736 GMT [42727] user=[unknown] db=[unknown] app=[unknown] client=[local] LOG:  connection received: host=[local]
2026-01-07 09:48:02.603 GMT [42735] user=[unknown] db=[unknown] app=[unknown] client=[local] LOG:  connection received: host=[local]
2026-01-07 09:48:12.778 GMT [42742] user=[unknown] db=[unknown] app=[unknown] client=[local] LOG:  connection received: host=[local]
2026-01-07 09:48:22.949 GMT [42750] user=[unknown] db=[unknown] app=[unknown] client=[local] LOG:  connection received: host=[local]
2026-01-07 09:48:33.863 GMT [42757] user=[unknown] db=[unknown] app=[unknown] client=[local] LOG:  connection received: host=[local]
2026-01-07 09:48:43.992 GMT [42765] user=[unknown] db=[unknown] app=[unknown] client=[local] LOG:  connection received: host=[local]
2026-01-07 09:48:54.216 GMT [42772] user=[unknown] db=[unknown] app=[unknown] client=[local] LOG:  connection received: host=[local]
2026-01-07 09:49:05.098 GMT [42780] user=[unknown] db=[unknown] app=[unknown] client=[local] LOG:  connection received: host=[local]
2026-01-07 09:49:15.262 GMT [42788] user=[unknown] db=[unknown] app=[unknown] client=[local] LOG:  connection received: host=[local]
2026-01-07 09:49:25.406 GMT [42796] user=[unknown] db=[unknown] app=[unknown] client=[local] LOG:  connection received: host=[local]
2026-01-07 09:49:36.279 GMT [42804] user=[unknown] db=[unknown] app=[unknown] client=[local] LOG:  connection received: host=[local]
2026-01-07 09:49:47.083 GMT [42811] user=[unknown] db=[unknown] app=[unknown] client=[local] LOG:  connection received: host=[local]
2026-01-07 09:49:57.908 GMT [42818] user=[unknown] db=[unknown] app=[unknown] client=[local] LOG:  connection received: host=[local]
2026-01-07 09:50:08.049 GMT [42826] user=[unknown] db=[unknown] app=[unknown] client=[local] LOG:  connection received: host=[local]
2026-01-07 09:50:18.221 GMT [42834] user=[unknown] db=[unknown] app=[unknown] client=[local] LOG:  connection received: host=[local]
2026-01-07 09:50:29.135 GMT [42841] user=[unknown] db=[unknown] app=[unknown] client=[local] LOG:  connection received: host=[local]
2026-01-07 09:50:39.436 GMT [42849] user=[unknown] db=[unknown] app=[unknown] client=[local] LOG:  connection received: host=[local]
2026-01-07 09:50:49.625 GMT [42856] user=[unknown] db=[unknown] app=[unknown] client=[local] LOG:  connection received: host=[local]
2026-01-07 09:51:00.513 GMT [42863] user=[unknown] db=[unknown] app=[unknown] client=[local] LOG:  connection received: host=[local]
2026-01-07 09:51:10.682 GMT [42871] user=[unknown] db=[unknown] app=[unknown] client=[local] LOG:  connection received: host=[local]
2026-01-07 09:51:20.841 GMT [42879] user=[unknown] db=[unknown] app=[unknown] client=[local] LOG:  connection received: host=[local]
2026-01-07 09:51:31.825 GMT [42886] user=[unknown] db=[unknown] app=[unknown] client=[local] LOG:  connection received: host=[local]
2026-01-07 09:51:41.953 GMT [42894] user=[unknown] db=[unknown] app=[unknown] client=[local] LOG:  connection received: host=[local]
2026-01-07 09:51:52.099 GMT [42901] user=[unknown] db=[unknown] app=[unknown] client=[local] LOG:  connection received: host=[local]
2026-01-07 09:52:03.022 GMT [42909] user=[unknown] db=[unknown] app=[unknown] client=[local] LOG:  connection received: host=[local]
2026-01-07 09:52:13.215 GMT [42918] user=[unknown] db=[unknown] app=[unknown] client=[local] LOG:  connection received: host=[local]
2026-01-07 09:52:23.390 GMT [42925] user=[unknown] db=[unknown] app=[unknown] client=[local] LOG:  connection received: host=[local]
2026-01-07 09:52:34.287 GMT [42933] user=[unknown] db=[unknown] app=[unknown] client=[local] LOG:  connection received: host=[local]
2026-01-07 09:52:44.552 GMT [42941] user=[unknown] db=[unknown] app=[unknown] client=[local] LOG:  connection received: host=[local]
2026-01-07 09:52:54.729 GMT [42948] user=[unknown] db=[unknown] app=[unknown] client=[local] LOG:  connection received: host=[local]
2026-01-07 09:53:05.786 GMT [42956] user=[unknown] db=[unknown] app=[unknown] client=[local] LOG:  connection received: host=[local]
2026-01-07 09:53:15.961 GMT [42964] user=[unknown] db=[unknown] app=[unknown] client=[local] LOG:  connection received: host=[local]
2026-01-07 09:53:26.192 GMT [42971] user=[unknown] db=[unknown] app=[unknown] client=[local] LOG:  connection received: host=[local]
2026-01-07 09:53:37.040 GMT [42978] user=[unknown] db=[unknown] app=[unknown] client=[local] LOG:  connection received: host=[local]
2026-01-07 09:53:47.187 GMT [42986] user=[unknown] db=[unknown] app=[unknown] client=[local] LOG:  connection received: host=[local]
2026-01-07 09:53:57.349 GMT [42993] user=[unknown] db=[unknown] app=[unknown] client=[local] LOG:  connection received: host=[local]
2026-01-07 09:54:08.198 GMT [43001] user=[unknown] db=[unknown] app=[unknown] client=[local] LOG:  connection received: host=[local]
2026-01-07 09:54:18.437 GMT [43010] user=[unknown] db=[unknown] app=[unknown] client=[local] LOG:  connection received: host=[local]
2026-01-07 09:54:28.588 GMT [43018] user=[unknown] db=[unknown] app=[unknown] client=[local] LOG:  connection received: host=[local]
2026-01-07 09:54:39.478 GMT [43025] user=[unknown] db=[unknown] app=[unknown] client=[local] LOG:  connection received: host=[local]
2026-01-07 09:54:49.641 GMT [43033] user=[unknown] db=[unknown] app=[unknown] client=[local] LOG:  connection received: host=[local]
2026-01-07 09:54:59.919 GMT [43041] user=[unknown] db=[unknown] app=[unknown] client=[local] LOG:  connection received: host=[local]
2026-01-07 09:55:10.816 GMT [43050] user=[unknown] db=[unknown] app=[unknown] client=[local] LOG:  connection received: host=[local]
2026-01-07 09:55:21.046 GMT [43058] user=[unknown] db=[unknown] app=[unknown] client=[local] LOG:  connection received: host=[local]
2026-01-07 09:55:31.172 GMT [43065] user=[unknown] db=[unknown] app=[unknown] client=[local] LOG:  connection received: host=[local]
2026-01-07 09:55:42.006 GMT [43073] user=[unknown] db=[unknown] app=[unknown] client=[local] LOG:  connection received: host=[local]
2026-01-07 09:55:52.188 GMT [43080] user=[unknown] db=[unknown] app=[unknown] client=[local] LOG:  connection received: host=[local]
2026-01-07 09:56:02.307 GMT [43087] user=[unknown] db=[unknown] app=[unknown] client=[local] LOG:  connection received: host=[local]
2026-01-07 09:56:13.149 GMT [43095] user=[unknown] db=[unknown] app=[unknown] client=[local] LOG:  connection received: host=[local]
2026-01-07 09:56:23.255 GMT [43103] user=[unknown] db=[unknown] app=[unknown] client=[local] LOG:  connection received: host=[local]
2026-01-07 09:56:33.424 GMT [43110] user=[unknown] db=[unknown] app=[unknown] client=[local] LOG:  connection received: host=[local]
2026-01-07 09:56:44.277 GMT [43118] user=[unknown] db=[unknown] app=[unknown] client=[local] LOG:  connection received: host=[local]
2026-01-07 09:56:54.453 GMT [43125] user=[unknown] db=[unknown] app=[unknown] client=[local] LOG:  connection received: host=[local]
2026-01-07 09:57:04.587 GMT [43133] user=[unknown] db=[unknown] app=[unknown] client=[local] LOG:  connection received: host=[local]
2026-01-07 09:57:15.492 GMT [43141] user=[unknown] db=[unknown] app=[unknown] client=[local] LOG:  connection received: host=[local]
2026-01-07 09:57:25.645 GMT [43148] user=[unknown] db=[unknown] app=[unknown] client=[local] LOG:  connection received: host=[local]
2026-01-07 09:57:35.745 GMT [43155] user=[unknown] db=[unknown] app=[unknown] client=[local] LOG:  connection received: host=[local]
2026-01-07 09:57:46.564 GMT [43163] user=[unknown] db=[unknown] app=[unknown] client=[local] LOG:  connection received: host=[local]
2026-01-07 09:57:56.773 GMT [43170] user=[unknown] db=[unknown] app=[unknown] client=[local] LOG:  connection received: host=[local]
2026-01-07 09:58:06.890 GMT [43178] user=[unknown] db=[unknown] app=[unknown] client=[local] LOG:  connection received: host=[local]
2026-01-07 09:58:17.712 GMT [43186] user=[unknown] db=[unknown] app=[unknown] client=[local] LOG:  connection received: host=[local]
2026-01-07 09:58:27.834 GMT [43194] user=[unknown] db=[unknown] app=[unknown] client=[local] LOG:  connection received: host=[local]
2026-01-07 09:58:38.015 GMT [43202] user=[unknown] db=[unknown] app=[unknown] client=[local] LOG:  connection received: host=[local]
2026-01-07 09:58:48.862 GMT [43210] user=[unknown] db=[unknown] app=[unknown] client=[local] LOG:  connection received: host=[local]
2026-01-07 09:58:59.021 GMT [43218] user=[unknown] db=[unknown] app=[unknown] client=[local] LOG:  connection received: host=[local]
2026-01-07 09:59:09.162 GMT [43226] user=[unknown] db=[unknown] app=[unknown] client=[local] LOG:  connection received: host=[local]
2026-01-07 09:59:20.032 GMT [43234] user=[unknown] db=[unknown] app=[unknown] client=[local] LOG:  connection received: host=[local]
2026-01-07 09:59:30.295 GMT [43241] user=[unknown] db=[unknown] app=[unknown] client=[local] LOG:  connection received: host=[local]
2026-01-07 09:59:41.123 GMT [43248] user=[unknown] db=[unknown] app=[unknown] client=[local] LOG:  connection received: host=[local]
2026-01-07 09:59:51.404 GMT [43256] user=[unknown] db=[unknown] app=[unknown] client=[local] LOG:  connection received: host=[local]
2026-01-07 10:00:01.564 GMT [43263] user=[unknown] db=[unknown] app=[unknown] client=[local] LOG:  connection received: host=[local]
2026-01-07 10:00:12.492 GMT [43271] user=[unknown] db=[unknown] app=[unknown] client=[local] LOG:  connection received: host=[local]
2026-01-07 10:00:22.675 GMT [43279] user=[unknown] db=[unknown] app=[unknown] client=[local] LOG:  connection received: host=[local]
2026-01-07 10:00:32.965 GMT [43286] user=[unknown] db=[unknown] app=[unknown] client=[local] LOG:  connection received: host=[local]
2026-01-07 10:00:43.816 GMT [43293] user=[unknown] db=[unknown] app=[unknown] client=[local] LOG:  connection received: host=[local]
2026-01-07 10:00:53.945 GMT [43301] user=[unknown] db=[unknown] app=[unknown] client=[local] LOG:  connection received: host=[local]
2026-01-07 10:01:04.115 GMT [43310] user=[unknown] db=[unknown] app=[unknown] client=[local] LOG:  connection received: host=[local]
2026-01-07 10:01:14.969 GMT [43317] user=[unknown] db=[unknown] app=[unknown] client=[local] LOG:  connection received: host=[local]
2026-01-07 10:01:25.137 GMT [43325] user=[unknown] db=[unknown] app=[unknown] client=[local] LOG:  connection received: host=[local]
2026-01-07 10:01:35.310 GMT [43333] user=[unknown] db=[unknown] app=[unknown] client=[local] LOG:  connection received: host=[local]
2026-01-07 10:01:46.331 GMT [43341] user=[unknown] db=[unknown] app=[unknown] client=[local] LOG:  connection received: host=[local]
2026-01-07 10:01:56.487 GMT [43348] user=[unknown] db=[unknown] app=[unknown] client=[local] LOG:  connection received: host=[local]
2026-01-07 10:02:06.618 GMT [43356] user=[unknown] db=[unknown] app=[unknown] client=[local] LOG:  connection received: host=[local]
2026-01-07 10:02:17.492 GMT [43363] user=[unknown] db=[unknown] app=[unknown] client=[local] LOG:  connection received: host=[local]
2026-01-07 10:02:27.782 GMT [43371] user=[unknown] db=[unknown] app=[unknown] client=[local] LOG:  connection received: host=[local]
2026-01-07 10:02:37.906 GMT [43378] user=[unknown] db=[unknown] app=[unknown] client=[local] LOG:  connection received: host=[local]
2026-01-07 10:02:48.849 GMT [43386] user=[unknown] db=[unknown] app=[unknown] client=[local] LOG:  connection received: host=[local]
2026-01-07 10:02:59.034 GMT [43393] user=[unknown] db=[unknown] app=[unknown] client=[local] LOG:  connection received: host=[local]
2026-01-07 10:03:09.164 GMT [43401] user=[unknown] db=[unknown] app=[unknown] client=[local] LOG:  connection received: host=[local]
2026-01-07 10:03:20.026 GMT [43409] user=[unknown] db=[unknown] app=[unknown] client=[local] LOG:  connection received: host=[local]
2026-01-07 10:03:30.164 GMT [43416] user=[unknown] db=[unknown] app=[unknown] client=[local] LOG:  connection received: host=[local]
2026-01-07 10:03:40.356 GMT [43423] user=[unknown] db=[unknown] app=[unknown] client=[local] LOG:  connection received: host=[local]
2026-01-07 10:03:51.215 GMT [43431] user=[unknown] db=[unknown] app=[unknown] client=[local] LOG:  connection received: host=[local]
2026-01-07 10:04:01.337 GMT [43438] user=[unknown] db=[unknown] app=[unknown] client=[local] LOG:  connection received: host=[local]
2026-01-07 10:04:11.440 GMT [43447] user=[unknown] db=[unknown] app=[unknown] client=[local] LOG:  connection received: host=[local]
2026-01-07 10:04:22.276 GMT [43455] user=[unknown] db=[unknown] app=[unknown] client=[local] LOG:  connection received: host=[local]
2026-01-07 10:04:32.461 GMT [43462] user=[unknown] db=[unknown] app=[unknown] client=[local] LOG:  connection received: host=[local]
2026-01-07 10:04:42.592 GMT [43469] user=[unknown] db=[unknown] app=[unknown] client=[local] LOG:  connection received: host=[local]
2026-01-07 10:04:53.465 GMT [43477] user=[unknown] db=[unknown] app=[unknown] client=[local] LOG:  connection received: host=[local]
2026-01-07 10:05:03.644 GMT [43484] user=[unknown] db=[unknown] app=[unknown] client=[local] LOG:  connection received: host=[local]
2026-01-07 10:05:13.759 GMT [43492] user=[unknown] db=[unknown] app=[unknown] client=[local] LOG:  connection received: host=[local]
2026-01-07 10:05:24.629 GMT [43500] user=[unknown] db=[unknown] app=[unknown] client=[local] LOG:  connection received: host=[local]
2026-01-07 10:05:34.754 GMT [43507] user=[unknown] db=[unknown] app=[unknown] client=[local] LOG:  connection received: host=[local]
2026-01-07 10:05:44.907 GMT [43514] user=[unknown] db=[unknown] app=[unknown] client=[local] LOG:  connection received: host=[local]
2026-01-07 10:05:55.735 GMT [43522] user=[unknown] db=[unknown] app=[unknown] client=[local] LOG:  connection received: host=[local]
2026-01-07 10:06:05.868 GMT [43529] user=[unknown] db=[unknown] app=[unknown] client=[local] LOG:  connection received: host=[local]
2026-01-07 10:06:16.016 GMT [43537] user=[unknown] db=[unknown] app=[unknown] client=[local] LOG:  connection received: host=[local]
2026-01-07 10:06:26.816 GMT [43545] user=[unknown] db=[unknown] app=[unknown] client=[local] LOG:  connection received: host=[local]
2026-01-07 10:06:36.924 GMT [43552] user=[unknown] db=[unknown] app=[unknown] client=[local] LOG:  connection received: host=[local]
2026-01-07 10:06:47.043 GMT [43560] user=[unknown] db=[unknown] app=[unknown] client=[local] LOG:  connection received: host=[local]
2026-01-07 10:06:57.896 GMT [43567] user=[unknown] db=[unknown] app=[unknown] client=[local] LOG:  connection received: host=[local]
2026-01-07 10:07:08.014 GMT [43575] user=[unknown] db=[unknown] app=[unknown] client=[local] LOG:  connection received: host=[local]
2026-01-07 10:07:18.122 GMT [43582] user=[unknown] db=[unknown] app=[unknown] client=[local] LOG:  connection received: host=[local]
2026-01-07 10:07:28.980 GMT [43590] user=[unknown] db=[unknown] app=[unknown] client=[local] LOG:  connection received: host=[local]
2026-01-07 10:07:39.119 GMT [43597] user=[unknown] db=[unknown] app=[unknown] client=[local] LOG:  connection received: host=[local]
2026-01-07 10:07:49.236 GMT [43605] user=[unknown] db=[unknown] app=[unknown] client=[local] LOG:  connection received: host=[local]
2026-01-07 10:08:00.117 GMT [43612] user=[unknown] db=[unknown] app=[unknown] client=[local] LOG:  connection received: host=[local]
2026-01-07 10:08:10.218 GMT [43620] user=[unknown] db=[unknown] app=[unknown] client=[local] LOG:  connection received: host=[local]
2026-01-07 10:08:20.344 GMT [43627] user=[unknown] db=[unknown] app=[unknown] client=[local] LOG:  connection received: host=[local]
2026-01-07 10:08:31.156 GMT [43635] user=[unknown] db=[unknown] app=[unknown] client=[local] LOG:  connection received: host=[local]
2026-01-07 10:08:41.326 GMT [43642] user=[unknown] db=[unknown] app=[unknown] client=[local] LOG:  connection received: host=[local]
2026-01-07 10:08:51.441 GMT [43650] user=[unknown] db=[unknown] app=[unknown] client=[local] LOG:  connection received: host=[local]
2026-01-07 10:09:02.362 GMT [43657] user=[unknown] db=[unknown] app=[unknown] client=[local] LOG:  connection received: host=[local]
2026-01-07 10:09:12.530 GMT [43665] user=[unknown] db=[unknown] app=[unknown] client=[local] LOG:  connection received: host=[local]
2026-01-07 10:09:22.627 GMT [43672] user=[unknown] db=[unknown] app=[unknown] client=[local] LOG:  connection received: host=[local]
2026-01-07 10:09:33.505 GMT [43680] user=[unknown] db=[unknown] app=[unknown] client=[local] LOG:  connection received: host=[local]
2026-01-07 10:09:43.913 GMT [43687] user=[unknown] db=[unknown] app=[unknown] client=[local] LOG:  connection received: host=[local]
2026-01-07 10:09:54.259 GMT [43696] user=[unknown] db=[unknown] app=[unknown] client=[local] LOG:  connection received: host=[local]
2026-01-07 10:10:05.148 GMT [43703] user=[unknown] db=[unknown] app=[unknown] client=[local] LOG:  connection received: host=[local]
2026-01-07 10:10:15.307 GMT [43711] user=[unknown] db=[unknown] app=[unknown] client=[local] LOG:  connection received: host=[local]
2026-01-07 10:10:25.450 GMT [43719] user=[unknown] db=[unknown] app=[unknown] client=[local] LOG:  connection received: host=[local]
2026-01-07 10:10:36.333 GMT [43726] user=[unknown] db=[unknown] app=[unknown] client=[local] LOG:  connection received: host=[local]
2026-01-07 10:10:46.500 GMT [43733] user=[unknown] db=[unknown] app=[unknown] client=[local] LOG:  connection received: host=[local]
2026-01-07 10:10:56.929 GMT [43741] user=[unknown] db=[unknown] app=[unknown] client=[local] LOG:  connection received: host=[local]
2026-01-07 10:11:07.492 GMT [43748] user=[unknown] db=[unknown] app=[unknown] client=[local] LOG:  connection received: host=[local]
2026-01-07 10:11:17.605 GMT [43756] user=[unknown] db=[unknown] app=[unknown] client=[local] LOG:  connection received: host=[local]
2026-01-07 10:11:28.469 GMT [43764] user=[unknown] db=[unknown] app=[unknown] client=[local] LOG:  connection received: host=[local]
2026-01-07 10:11:38.568 GMT [43771] user=[unknown] db=[unknown] app=[unknown] client=[local] LOG:  connection received: host=[local]
2026-01-07 10:11:48.740 GMT [43779] user=[unknown] db=[unknown] app=[unknown] client=[local] LOG:  connection received: host=[local]
2026-01-07 10:11:59.624 GMT [43788] user=[unknown] db=[unknown] app=[unknown] client=[local] LOG:  connection received: host=[local]
2026-01-07 10:12:09.731 GMT [43795] user=[unknown] db=[unknown] app=[unknown] client=[local] LOG:  connection received: host=[local]
2026-01-07 10:12:19.823 GMT [43803] user=[unknown] db=[unknown] app=[unknown] client=[local] LOG:  connection received: host=[local]
2026-01-07 10:12:30.665 GMT [43811] user=[unknown] db=[unknown] app=[unknown] client=[local] LOG:  connection received: host=[local]
2026-01-07 10:12:40.759 GMT [43818] user=[unknown] db=[unknown] app=[unknown] client=[local] LOG:  connection received: host=[local]
2026-01-07 10:12:50.844 GMT [43826] user=[unknown] db=[unknown] app=[unknown] client=[local] LOG:  connection received: host=[local]
2026-01-07 10:13:01.747 GMT [43833] user=[unknown] db=[unknown] app=[unknown] client=[local] LOG:  connection received: host=[local]
2026-01-07 10:13:11.835 GMT [43841] user=[unknown] db=[unknown] app=[unknown] client=[local] LOG:  connection received: host=[local]
2026-01-07 10:13:21.914 GMT [43848] user=[unknown] db=[unknown] app=[unknown] client=[local] LOG:  connection received: host=[local]
2026-01-07 10:13:32.754 GMT [43856] user=[unknown] db=[unknown] app=[unknown] client=[local] LOG:  connection received: host=[local]
2026-01-07 10:13:42.846 GMT [43863] user=[unknown] db=[unknown] app=[unknown] client=[local] LOG:  connection received: host=[local]
2026-01-07 10:13:52.941 GMT [43871] user=[unknown] db=[unknown] app=[unknown] client=[local] LOG:  connection received: host=[local]
2026-01-07 10:14:03.821 GMT [43878] user=[unknown] db=[unknown] app=[unknown] client=[local] LOG:  connection received: host=[local]
2026-01-07 10:14:13.930 GMT [43886] user=[unknown] db=[unknown] app=[unknown] client=[local] LOG:  connection received: host=[local]
2026-01-07 10:14:24.031 GMT [43894] user=[unknown] db=[unknown] app=[unknown] client=[local] LOG:  connection received: host=[local]
2026-01-07 10:14:34.925 GMT [43901] user=[unknown] db=[unknown] app=[unknown] client=[local] LOG:  connection received: host=[local]
2026-01-07 10:14:45.030 GMT [43909] user=[unknown] db=[unknown] app=[unknown] client=[local] LOG:  connection received: host=[local]
2026-01-07 10:14:55.224 GMT [43918] user=[unknown] db=[unknown] app=[unknown] client=[local] LOG:  connection received: host=[local]
2026-01-07 10:15:06.129 GMT [43926] user=[unknown] db=[unknown] app=[unknown] client=[local] LOG:  connection received: host=[local]
2026-01-07 10:15:16.320 GMT [43934] user=[unknown] db=[unknown] app=[unknown] client=[local] LOG:  connection received: host=[local]
2026-01-07 10:15:26.417 GMT [43943] user=[unknown] db=[unknown] app=[unknown] client=[local] LOG:  connection received: host=[local]
2026-01-07 10:15:37.249 GMT [43950] user=[unknown] db=[unknown] app=[unknown] client=[local] LOG:  connection received: host=[local]
2026-01-07 10:15:47.389 GMT [43957] user=[unknown] db=[unknown] app=[unknown] client=[local] LOG:  connection received: host=[local]
2026-01-07 10:15:57.540 GMT [43965] user=[unknown] db=[unknown] app=[unknown] client=[local] LOG:  connection received: host=[local]
2026-01-07 10:16:08.431 GMT [43972] user=[unknown] db=[unknown] app=[unknown] client=[local] LOG:  connection received: host=[local]
2026-01-07 10:16:18.548 GMT [43980] user=[unknown] db=[unknown] app=[unknown] client=[local] LOG:  connection received: host=[local]
2026-01-07 10:16:28.704 GMT [43988] user=[unknown] db=[unknown] app=[unknown] client=[local] LOG:  connection received: host=[local]
2026-01-07 10:16:39.557 GMT [43995] user=[unknown] db=[unknown] app=[unknown] client=[local] LOG:  connection received: host=[local]
2026-01-07 10:16:49.686 GMT [44002] user=[unknown] db=[unknown] app=[unknown] client=[local] LOG:  connection received: host=[local]
2026-01-07 10:16:59.789 GMT [44010] user=[unknown] db=[unknown] app=[unknown] client=[local] LOG:  connection received: host=[local]
2026-01-07 10:17:10.733 GMT [44017] user=[unknown] db=[unknown] app=[unknown] client=[local] LOG:  connection received: host=[local]
2026-01-07 10:17:20.854 GMT [44025] user=[unknown] db=[unknown] app=[unknown] client=[local] LOG:  connection received: host=[local]
2026-01-07 10:17:30.984 GMT [44033] user=[unknown] db=[unknown] app=[unknown] client=[local] LOG:  connection received: host=[local]
2026-01-07 10:17:41.840 GMT [44040] user=[unknown] db=[unknown] app=[unknown] client=[local] LOG:  connection received: host=[local]
2026-01-07 10:17:51.969 GMT [44047] user=[unknown] db=[unknown] app=[unknown] client=[local] LOG:  connection received: host=[local]
2026-01-07 10:18:02.108 GMT [44055] user=[unknown] db=[unknown] app=[unknown] client=[local] LOG:  connection received: host=[local]
2026-01-07 10:18:13.008 GMT [44063] user=[unknown] db=[unknown] app=[unknown] client=[local] LOG:  connection received: host=[local]
2026-01-07 10:18:23.134 GMT [44072] user=[unknown] db=[unknown] app=[unknown] client=[local] LOG:  connection received: host=[local]
2026-01-07 10:18:33.261 GMT [44079] user=[unknown] db=[unknown] app=[unknown] client=[local] LOG:  connection received: host=[local]
2026-01-07 10:18:44.143 GMT [44086] user=[unknown] db=[unknown] app=[unknown] client=[local] LOG:  connection received: host=[local]
2026-01-07 10:18:54.231 GMT [44093] user=[unknown] db=[unknown] app=[unknown] client=[local] LOG:  connection received: host=[local]
2026-01-07 10:19:04.325 GMT [44101] user=[unknown] db=[unknown] app=[unknown] client=[local] LOG:  connection received: host=[local]
2026-01-07 10:19:15.217 GMT [44108] user=[unknown] db=[unknown] app=[unknown] client=[local] LOG:  connection received: host=[local]
2026-01-07 10:19:25.322 GMT [44117] user=[unknown] db=[unknown] app=[unknown] client=[local] LOG:  connection received: host=[local]
2026-01-07 10:19:35.423 GMT [44124] user=[unknown] db=[unknown] app=[unknown] client=[local] LOG:  connection received: host=[local]
2026-01-07 10:19:46.310 GMT [44131] user=[unknown] db=[unknown] app=[unknown] client=[local] LOG:  connection received: host=[local]
2026-01-07 10:19:56.406 GMT [44139] user=[unknown] db=[unknown] app=[unknown] client=[local] LOG:  connection received: host=[local]
2026-01-07 10:20:06.489 GMT [44146] user=[unknown] db=[unknown] app=[unknown] client=[local] LOG:  connection received: host=[local]
2026-01-07 10:20:17.319 GMT [44154] user=[unknown] db=[unknown] app=[unknown] client=[local] LOG:  connection received: host=[local]
2026-01-07 10:20:27.420 GMT [44162] user=[unknown] db=[unknown] app=[unknown] client=[local] LOG:  connection received: host=[local]
2026-01-07 10:20:37.635 GMT [44169] user=[unknown] db=[unknown] app=[unknown] client=[local] LOG:  connection received: host=[local]
2026-01-07 10:20:48.635 GMT [44176] user=[unknown] db=[unknown] app=[unknown] client=[local] LOG:  connection received: host=[local]
2026-01-07 10:20:58.836 GMT [44184] user=[unknown] db=[unknown] app=[unknown] client=[local] LOG:  connection received: host=[local]
2026-01-07 10:21:08.981 GMT [44191] user=[unknown] db=[unknown] app=[unknown] client=[local] LOG:  connection received: host=[local]
2026-01-07 10:21:20.079 GMT [44200] user=[unknown] db=[unknown] app=[unknown] client=[local] LOG:  connection received: host=[local]
2026-01-07 10:21:30.304 GMT [44208] user=[unknown] db=[unknown] app=[unknown] client=[local] LOG:  connection received: host=[local]
2026-01-07 10:21:40.464 GMT [44215] user=[unknown] db=[unknown] app=[unknown] client=[local] LOG:  connection received: host=[local]
2026-01-07 10:21:51.397 GMT [44222] user=[unknown] db=[unknown] app=[unknown] client=[local] LOG:  connection received: host=[local]
2026-01-07 10:22:01.623 GMT [44230] user=[unknown] db=[unknown] app=[unknown] client=[local] LOG:  connection received: host=[local]
2026-01-07 10:22:11.774 GMT [44237] user=[unknown] db=[unknown] app=[unknown] client=[local] LOG:  connection received: host=[local]
2026-01-07 10:22:22.683 GMT [44245] user=[unknown] db=[unknown] app=[unknown] client=[local] LOG:  connection received: host=[local]
2026-01-07 10:22:32.861 GMT [44253] user=[unknown] db=[unknown] app=[unknown] client=[local] LOG:  connection received: host=[local]
2026-01-07 10:22:43.021 GMT [44260] user=[unknown] db=[unknown] app=[unknown] client=[local] LOG:  connection received: host=[local]
2026-01-07 10:22:53.972 GMT [44267] user=[unknown] db=[unknown] app=[unknown] client=[local] LOG:  connection received: host=[local]
2026-01-07 10:23:04.174 GMT [44276] user=[unknown] db=[unknown] app=[unknown] client=[local] LOG:  connection received: host=[local]
2026-01-07 10:23:14.329 GMT [44283] user=[unknown] db=[unknown] app=[unknown] client=[local] LOG:  connection received: host=[local]
2026-01-07 10:23:25.322 GMT [44292] user=[unknown] db=[unknown] app=[unknown] client=[local] LOG:  connection received: host=[local]
2026-01-07 10:23:35.450 GMT [44299] user=[unknown] db=[unknown] app=[unknown] client=[local] LOG:  connection received: host=[local]
2026-01-07 10:23:45.598 GMT [44306] user=[unknown] db=[unknown] app=[unknown] client=[local] LOG:  connection received: host=[local]
2026-01-07 10:23:56.569 GMT [44313] user=[unknown] db=[unknown] app=[unknown] client=[local] LOG:  connection received: host=[local]
2026-01-07 10:24:06.832 GMT [44321] user=[unknown] db=[unknown] app=[unknown] client=[local] LOG:  connection received: host=[local]
2026-01-07 10:24:17.750 GMT [44328] user=[unknown] db=[unknown] app=[unknown] client=[local] LOG:  connection received: host=[local]
2026-01-07 10:24:27.987 GMT [44337] user=[unknown] db=[unknown] app=[unknown] client=[local] LOG:  connection received: host=[local]
2026-01-07 10:24:38.195 GMT [44344] user=[unknown] db=[unknown] app=[unknown] client=[local] LOG:  connection received: host=[local]
2026-01-07 10:24:49.118 GMT [44351] user=[unknown] db=[unknown] app=[unknown] client=[local] LOG:  connection received: host=[local]
2026-01-07 10:24:59.299 GMT [44359] user=[unknown] db=[unknown] app=[unknown] client=[local] LOG:  connection received: host=[local]
2026-01-07 10:25:09.506 GMT [44366] user=[unknown] db=[unknown] app=[unknown] client=[local] LOG:  connection received: host=[local]
2026-01-07 10:25:20.421 GMT [44373] user=[unknown] db=[unknown] app=[unknown] client=[local] LOG:  connection received: host=[local]
2026-01-07 10:25:30.553 GMT [44382] user=[unknown] db=[unknown] app=[unknown] client=[local] LOG:  connection received: host=[local]
2026-01-07 10:25:40.698 GMT [44389] user=[unknown] db=[unknown] app=[unknown] client=[local] LOG:  connection received: host=[local]
2026-01-07 10:25:51.605 GMT [44396] user=[unknown] db=[unknown] app=[unknown] client=[local] LOG:  connection received: host=[local]
2026-01-07 10:26:01.720 GMT [44404] user=[unknown] db=[unknown] app=[unknown] client=[local] LOG:  connection received: host=[local]
2026-01-07 10:26:12.033 GMT [44411] user=[unknown] db=[unknown] app=[unknown] client=[local] LOG:  connection received: host=[local]
2026-01-07 10:26:22.908 GMT [44420] user=[unknown] db=[unknown] app=[unknown] client=[local] LOG:  connection received: host=[local]
2026-01-07 10:26:33.130 GMT [44428] user=[unknown] db=[unknown] app=[unknown] client=[local] LOG:  connection received: host=[local]
2026-01-07 10:26:43.272 GMT [44435] user=[unknown] db=[unknown] app=[unknown] client=[local] LOG:  connection received: host=[local]
2026-01-07 10:26:54.188 GMT [44442] user=[unknown] db=[unknown] app=[unknown] client=[local] LOG:  connection received: host=[local]
2026-01-07 10:27:04.314 GMT [44450] user=[unknown] db=[unknown] app=[unknown] client=[local] LOG:  connection received: host=[local]
2026-01-07 10:27:14.442 GMT [44457] user=[unknown] db=[unknown] app=[unknown] client=[local] LOG:  connection received: host=[local]
2026-01-07 10:27:25.361 GMT [44466] user=[unknown] db=[unknown] app=[unknown] client=[local] LOG:  connection received: host=[local]
2026-01-07 10:27:35.495 GMT [44474] user=[unknown] db=[unknown] app=[unknown] client=[local] LOG:  connection received: host=[local]
2026-01-07 10:27:45.646 GMT [44481] user=[unknown] db=[unknown] app=[unknown] client=[local] LOG:  connection received: host=[local]
2026-01-07 10:27:56.661 GMT [44488] user=[unknown] db=[unknown] app=[unknown] client=[local] LOG:  connection received: host=[local]
2026-01-07 10:28:06.838 GMT [44496] user=[unknown] db=[unknown] app=[unknown] client=[local] LOG:  connection received: host=[local]
2026-01-07 10:28:17.021 GMT [44503] user=[unknown] db=[unknown] app=[unknown] client=[local] LOG:  connection received: host=[local]
2026-01-07 10:28:27.954 GMT [44512] user=[unknown] db=[unknown] app=[unknown] client=[local] LOG:  connection received: host=[local]
2026-01-07 10:28:38.095 GMT [44520] user=[unknown] db=[unknown] app=[unknown] client=[local] LOG:  connection received: host=[local]
2026-01-07 10:28:48.221 GMT [44528] user=[unknown] db=[unknown] app=[unknown] client=[local] LOG:  connection received: host=[local]
2026-01-07 10:28:59.182 GMT [44535] user=[unknown] db=[unknown] app=[unknown] client=[local] LOG:  connection received: host=[local]
2026-01-07 10:29:09.405 GMT [44543] user=[unknown] db=[unknown] app=[unknown] client=[local] LOG:  connection received: host=[local]
2026-01-07 10:29:19.524 GMT [44550] user=[unknown] db=[unknown] app=[unknown] client=[local] LOG:  connection received: host=[local]
2026-01-07 10:29:30.454 GMT [44559] user=[unknown] db=[unknown] app=[unknown] client=[local] LOG:  connection received: host=[local]
2026-01-07 10:29:40.564 GMT [44566] user=[unknown] db=[unknown] app=[unknown] client=[local] LOG:  connection received: host=[local]
2026-01-07 10:29:50.664 GMT [44573] user=[unknown] db=[unknown] app=[unknown] client=[local] LOG:  connection received: host=[local]
2026-01-07 10:30:01.108 GMT [44580] user=[unknown] db=[unknown] app=[unknown] client=[local] LOG:  connection received: host=[local]
2026-01-07 10:30:12.070 GMT [44588] user=[unknown] db=[unknown] app=[unknown] client=[local] LOG:  connection received: host=[local]
2026-01-07 10:30:22.172 GMT [44595] user=[unknown] db=[unknown] app=[unknown] client=[local] LOG:  connection received: host=[local]
2026-01-07 10:30:32.767 GMT [44604] user=[unknown] db=[unknown] app=[unknown] client=[local] LOG:  connection received: host=[local]
2026-01-07 10:30:42.874 GMT [44611] user=[unknown] db=[unknown] app=[unknown] client=[local] LOG:  connection received: host=[local]
2026-01-07 10:30:52.991 GMT [44618] user=[unknown] db=[unknown] app=[unknown] client=[local] LOG:  connection received: host=[local]
2026-01-07 10:31:03.959 GMT [44625] user=[unknown] db=[unknown] app=[unknown] client=[local] LOG:  connection received: host=[local]
2026-01-07 10:31:14.112 GMT [44633] user=[unknown] db=[unknown] app=[unknown] client=[local] LOG:  connection received: host=[local]
2026-01-07 10:31:24.250 GMT [44642] user=[unknown] db=[unknown] app=[unknown] client=[local] LOG:  connection received: host=[local]
2026-01-07 10:31:35.170 GMT [44649] user=[unknown] db=[unknown] app=[unknown] client=[local] LOG:  connection received: host=[local]
2026-01-07 10:31:45.303 GMT [44656] user=[unknown] db=[unknown] app=[unknown] client=[local] LOG:  connection received: host=[local]
2026-01-07 10:31:55.400 GMT [44663] user=[unknown] db=[unknown] app=[unknown] client=[local] LOG:  connection received: host=[local]
2026-01-07 10:32:06.294 GMT [44670] user=[unknown] db=[unknown] app=[unknown] client=[local] LOG:  connection received: host=[local]
2026-01-07 10:32:16.405 GMT [44678] user=[unknown] db=[unknown] app=[unknown] client=[local] LOG:  connection received: host=[local]
2026-01-07 10:32:26.519 GMT [44687] user=[unknown] db=[unknown] app=[unknown] client=[local] LOG:  connection received: host=[local]
2026-01-07 10:32:37.501 GMT [44694] user=[unknown] db=[unknown] app=[unknown] client=[local] LOG:  connection received: host=[local]
2026-01-07 10:32:47.614 GMT [44701] user=[unknown] db=[unknown] app=[unknown] client=[local] LOG:  connection received: host=[local]
2026-01-07 10:32:57.719 GMT [44708] user=[unknown] db=[unknown] app=[unknown] client=[local] LOG:  connection received: host=[local]
2026-01-07 10:33:08.648 GMT [44716] user=[unknown] db=[unknown] app=[unknown] client=[local] LOG:  connection received: host=[local]
2026-01-07 10:33:18.769 GMT [44723] user=[unknown] db=[unknown] app=[unknown] client=[local] LOG:  connection received: host=[local]
2026-01-07 10:33:28.879 GMT [44732] user=[unknown] db=[unknown] app=[unknown] client=[local] LOG:  connection received: host=[local]
2026-01-07 10:33:39.786 GMT [44739] user=[unknown] db=[unknown] app=[unknown] client=[local] LOG:  connection received: host=[local]
2026-01-07 10:33:49.874 GMT [44747] user=[unknown] db=[unknown] app=[unknown] client=[local] LOG:  connection received: host=[local]
2026-01-07 10:33:59.969 GMT [44754] user=[unknown] db=[unknown] app=[unknown] client=[local] LOG:  connection received: host=[local]
2026-01-07 10:34:10.903 GMT [44762] user=[unknown] db=[unknown] app=[unknown] client=[local] LOG:  connection received: host=[local]
2026-01-07 10:34:21.041 GMT [44769] user=[unknown] db=[unknown] app=[unknown] client=[local] LOG:  connection received: host=[local]
2026-01-07 10:34:31.141 GMT [44778] user=[unknown] db=[unknown] app=[unknown] client=[local] LOG:  connection received: host=[local]
2026-01-07 10:34:42.043 GMT [44786] user=[unknown] db=[unknown] app=[unknown] client=[local] LOG:  connection received: host=[local]
2026-01-07 10:34:52.211 GMT [44793] user=[unknown] db=[unknown] app=[unknown] client=[local] LOG:  connection received: host=[local]
2026-01-07 10:35:02.318 GMT [44800] user=[unknown] db=[unknown] app=[unknown] client=[local] LOG:  connection received: host=[local]
2026-01-07 10:35:13.221 GMT [44808] user=[unknown] db=[unknown] app=[unknown] client=[local] LOG:  connection received: host=[local]
2026-01-07 10:35:23.409 GMT [44815] user=[unknown] db=[unknown] app=[unknown] client=[local] LOG:  connection received: host=[local]
2026-01-07 10:35:33.516 GMT [44824] user=[unknown] db=[unknown] app=[unknown] client=[local] LOG:  connection received: host=[local]
2026-01-07 10:35:44.409 GMT [44831] user=[unknown] db=[unknown] app=[unknown] client=[local] LOG:  connection received: host=[local]
2026-01-07 10:35:54.560 GMT [44839] user=[unknown] db=[unknown] app=[unknown] client=[local] LOG:  connection received: host=[local]
2026-01-07 10:36:04.647 GMT [44846] user=[unknown] db=[unknown] app=[unknown] client=[local] LOG:  connection received: host=[local]
2026-01-07 10:36:15.564 GMT [44854] user=[unknown] db=[unknown] app=[unknown] client=[local] LOG:  connection received: host=[local]
2026-01-07 10:36:25.681 GMT [44863] user=[unknown] db=[unknown] app=[unknown] client=[local] LOG:  connection received: host=[local]
2026-01-07 10:36:35.782 GMT [44870] user=[unknown] db=[unknown] app=[unknown] client=[local] LOG:  connection received: host=[local]
2026-01-07 10:36:46.717 GMT [44877] user=[unknown] db=[unknown] app=[unknown] client=[local] LOG:  connection received: host=[local]
2026-01-07 10:36:56.821 GMT [44884] user=[unknown] db=[unknown] app=[unknown] client=[local] LOG:  connection received: host=[local]
2026-01-07 10:37:07.726 GMT [44891] user=[unknown] db=[unknown] app=[unknown] client=[local] LOG:  connection received: host=[local]
2026-01-07 10:37:17.836 GMT [44899] user=[unknown] db=[unknown] app=[unknown] client=[local] LOG:  connection received: host=[local]
2026-01-07 10:37:27.971 GMT [44908] user=[unknown] db=[unknown] app=[unknown] client=[local] LOG:  connection received: host=[local]
2026-01-07 10:37:38.914 GMT [44915] user=[unknown] db=[unknown] app=[unknown] client=[local] LOG:  connection received: host=[local]
2026-01-07 10:37:49.042 GMT [44922] user=[unknown] db=[unknown] app=[unknown] client=[local] LOG:  connection received: host=[local]
2026-01-07 10:37:59.171 GMT [44929] user=[unknown] db=[unknown] app=[unknown] client=[local] LOG:  connection received: host=[local]
2026-01-07 10:38:10.212 GMT [44937] user=[unknown] db=[unknown] app=[unknown] client=[local] LOG:  connection received: host=[local]
2026-01-07 10:38:20.338 GMT [44945] user=[unknown] db=[unknown] app=[unknown] client=[local] LOG:  connection received: host=[local]
2026-01-07 10:38:30.444 GMT [44954] user=[unknown] db=[unknown] app=[unknown] client=[local] LOG:  connection received: host=[local]
2026-01-07 10:38:41.353 GMT [44961] user=[unknown] db=[unknown] app=[unknown] client=[local] LOG:  connection received: host=[local]
2026-01-07 10:38:51.442 GMT [44968] user=[unknown] db=[unknown] app=[unknown] client=[local] LOG:  connection received: host=[local]
2026-01-07 10:39:01.564 GMT [44975] user=[unknown] db=[unknown] app=[unknown] client=[local] LOG:  connection received: host=[local]
2026-01-07 10:39:12.517 GMT [44982] user=[unknown] db=[unknown] app=[unknown] client=[local] LOG:  connection received: host=[local]
2026-01-07 10:39:22.646 GMT [44990] user=[unknown] db=[unknown] app=[unknown] client=[local] LOG:  connection received: host=[local]
2026-01-07 10:39:32.762 GMT [44999] user=[unknown] db=[unknown] app=[unknown] client=[local] LOG:  connection received: host=[local]
2026-01-07 10:39:43.777 GMT [45006] user=[unknown] db=[unknown] app=[unknown] client=[local] LOG:  connection received: host=[local]
2026-01-07 10:39:53.899 GMT [45013] user=[unknown] db=[unknown] app=[unknown] client=[local] LOG:  connection received: host=[local]
2026-01-07 10:40:04.135 GMT [45020] user=[unknown] db=[unknown] app=[unknown] client=[local] LOG:  connection received: host=[local]
2026-01-07 10:40:15.046 GMT [45027] user=[unknown] db=[unknown] app=[unknown] client=[local] LOG:  connection received: host=[local]
2026-01-07 10:40:25.168 GMT [45037] user=[unknown] db=[unknown] app=[unknown] client=[local] LOG:  connection received: host=[local]
2026-01-07 10:40:35.311 GMT [45044] user=[unknown] db=[unknown] app=[unknown] client=[local] LOG:  connection received: host=[local]
2026-01-07 10:40:46.217 GMT [45051] user=[unknown] db=[unknown] app=[unknown] client=[local] LOG:  connection received: host=[local]
2026-01-07 10:40:56.332 GMT [45058] user=[unknown] db=[unknown] app=[unknown] client=[local] LOG:  connection received: host=[local]
2026-01-07 10:41:06.472 GMT [45065] user=[unknown] db=[unknown] app=[unknown] client=[local] LOG:  connection received: host=[local]
2026-01-07 10:41:17.404 GMT [45072] user=[unknown] db=[unknown] app=[unknown] client=[local] LOG:  connection received: host=[local]
2026-01-07 10:41:27.501 GMT [45082] user=[unknown] db=[unknown] app=[unknown] client=[local] LOG:  connection received: host=[local]
2026-01-07 10:41:37.719 GMT [45089] user=[unknown] db=[unknown] app=[unknown] client=[local] LOG:  connection received: host=[local]
2026-01-07 10:41:48.662 GMT [45096] user=[unknown] db=[unknown] app=[unknown] client=[local] LOG:  connection received: host=[local]
2026-01-07 10:41:58.762 GMT [45104] user=[unknown] db=[unknown] app=[unknown] client=[local] LOG:  connection received: host=[local]
2026-01-07 10:42:08.920 GMT [45111] user=[unknown] db=[unknown] app=[unknown] client=[local] LOG:  connection received: host=[local]
2026-01-07 10:42:19.838 GMT [45118] user=[unknown] db=[unknown] app=[unknown] client=[local] LOG:  connection received: host=[local]
2026-01-07 10:42:29.941 GMT [45128] user=[unknown] db=[unknown] app=[unknown] client=[local] LOG:  connection received: host=[local]
2026-01-07 10:42:40.154 GMT [45135] user=[unknown] db=[unknown] app=[unknown] client=[local] LOG:  connection received: host=[local]
2026-01-07 10:42:51.069 GMT [45142] user=[unknown] db=[unknown] app=[unknown] client=[local] LOG:  connection received: host=[local]
2026-01-07 10:43:01.167 GMT [45149] user=[unknown] db=[unknown] app=[unknown] client=[local] LOG:  connection received: host=[local]
2026-01-07 10:43:11.274 GMT [45156] user=[unknown] db=[unknown] app=[unknown] client=[local] LOG:  connection received: host=[local]
2026-01-07 10:43:22.224 GMT [45163] user=[unknown] db=[unknown] app=[unknown] client=[local] LOG:  connection received: host=[local]
2026-01-07 10:43:32.325 GMT [45171] user=[unknown] db=[unknown] app=[unknown] client=[local] LOG:  connection received: host=[local]
2026-01-07 10:43:42.440 GMT [45178] user=[unknown] db=[unknown] app=[unknown] client=[local] LOG:  connection received: host=[local]
2026-01-07 10:43:53.381 GMT [45186] user=[unknown] db=[unknown] app=[unknown] client=[local] LOG:  connection received: host=[local]
2026-01-07 10:44:03.479 GMT [45193] user=[unknown] db=[unknown] app=[unknown] client=[local] LOG:  connection received: host=[local]
2026-01-07 10:44:13.592 GMT [45202] user=[unknown] db=[unknown] app=[unknown] client=[local] LOG:  connection received: host=[local]
2026-01-07 10:44:24.510 GMT [45209] user=[unknown] db=[unknown] app=[unknown] client=[local] LOG:  connection received: host=[local]
2026-01-07 10:44:34.652 GMT [45218] user=[unknown] db=[unknown] app=[unknown] client=[local] LOG:  connection received: host=[local]
2026-01-07 10:44:44.800 GMT [45226] user=[unknown] db=[unknown] app=[unknown] client=[local] LOG:  connection received: host=[local]
2026-01-07 10:44:55.780 GMT [45233] user=[unknown] db=[unknown] app=[unknown] client=[local] LOG:  connection received: host=[local]
2026-01-07 10:45:05.902 GMT [45240] user=[unknown] db=[unknown] app=[unknown] client=[local] LOG:  connection received: host=[local]
2026-01-07 10:45:16.013 GMT [45249] user=[unknown] db=[unknown] app=[unknown] client=[local] LOG:  connection received: host=[local]
2026-01-07 10:45:26.982 GMT [45257] user=[unknown] db=[unknown] app=[unknown] client=[local] LOG:  connection received: host=[local]
2026-01-07 10:45:37.070 GMT [45264] user=[unknown] db=[unknown] app=[unknown] client=[local] LOG:  connection received: host=[local]
2026-01-07 10:45:47.183 GMT [45272] user=[unknown] db=[unknown] app=[unknown] client=[local] LOG:  connection received: host=[local]
2026-01-07 10:45:58.112 GMT [45279] user=[unknown] db=[unknown] app=[unknown] client=[local] LOG:  connection received: host=[local]
2026-01-07 10:46:08.258 GMT [45287] user=[unknown] db=[unknown] app=[unknown] client=[local] LOG:  connection received: host=[local]
2026-01-07 10:46:18.357 GMT [45294] user=[unknown] db=[unknown] app=[unknown] client=[local] LOG:  connection received: host=[local]
2026-01-07 10:46:29.264 GMT [45303] user=[unknown] db=[unknown] app=[unknown] client=[local] LOG:  connection received: host=[local]
2026-01-07 10:46:39.398 GMT [45310] user=[unknown] db=[unknown] app=[unknown] client=[local] LOG:  connection received: host=[local]
2026-01-07 10:46:49.535 GMT [45318] user=[unknown] db=[unknown] app=[unknown] client=[local] LOG:  connection received: host=[local]
2026-01-07 10:47:00.480 GMT [45325] user=[unknown] db=[unknown] app=[unknown] client=[local] LOG:  connection received: host=[local]
2026-01-07 10:47:10.590 GMT [45333] user=[unknown] db=[unknown] app=[unknown] client=[local] LOG:  connection received: host=[local]
2026-01-07 10:47:20.810 GMT [45340] user=[unknown] db=[unknown] app=[unknown] client=[local] LOG:  connection received: host=[local]
2026-01-07 10:47:31.793 GMT [45348] user=[unknown] db=[unknown] app=[unknown] client=[local] LOG:  connection received: host=[local]
2026-01-07 10:47:41.885 GMT [45355] user=[unknown] db=[unknown] app=[unknown] client=[local] LOG:  connection received: host=[local]
2026-01-07 10:47:52.090 GMT [45363] user=[unknown] db=[unknown] app=[unknown] client=[local] LOG:  connection received: host=[local]
2026-01-07 10:48:02.977 GMT [45370] user=[unknown] db=[unknown] app=[unknown] client=[local] LOG:  connection received: host=[local]
2026-01-07 10:48:13.096 GMT [45378] user=[unknown] db=[unknown] app=[unknown] client=[local] LOG:  connection received: host=[local]
2026-01-07 10:48:23.222 GMT [45385] user=[unknown] db=[unknown] app=[unknown] client=[local] LOG:  connection received: host=[local]
2026-01-07 10:48:34.158 GMT [45394] user=[unknown] db=[unknown] app=[unknown] client=[local] LOG:  connection received: host=[local]
2026-01-07 10:48:44.248 GMT [45401] user=[unknown] db=[unknown] app=[unknown] client=[local] LOG:  connection received: host=[local]
2026-01-07 10:48:54.336 GMT [45409] user=[unknown] db=[unknown] app=[unknown] client=[local] LOG:  connection received: host=[local]
2026-01-07 10:49:05.246 GMT [45416] user=[unknown] db=[unknown] app=[unknown] client=[local] LOG:  connection received: host=[local]
2026-01-07 10:49:15.341 GMT [45424] user=[unknown] db=[unknown] app=[unknown] client=[local] LOG:  connection received: host=[local]
2026-01-07 10:49:25.426 GMT [45431] user=[unknown] db=[unknown] app=[unknown] client=[local] LOG:  connection received: host=[local]
2026-01-07 10:49:36.416 GMT [45439] user=[unknown] db=[unknown] app=[unknown] client=[local] LOG:  connection received: host=[local]
2026-01-07 10:49:46.516 GMT [45447] user=[unknown] db=[unknown] app=[unknown] client=[local] LOG:  connection received: host=[local]
2026-01-07 10:49:56.645 GMT [45454] user=[unknown] db=[unknown] app=[unknown] client=[local] LOG:  connection received: host=[local]
2026-01-07 10:50:07.637 GMT [45461] user=[unknown] db=[unknown] app=[unknown] client=[local] LOG:  connection received: host=[local]
2026-01-07 10:50:17.739 GMT [45469] user=[unknown] db=[unknown] app=[unknown] client=[local] LOG:  connection received: host=[local]
2026-01-07 10:50:27.852 GMT [45476] user=[unknown] db=[unknown] app=[unknown] client=[local] LOG:  connection received: host=[local]
2026-01-07 10:50:38.784 GMT [45484] user=[unknown] db=[unknown] app=[unknown] client=[local] LOG:  connection received: host=[local]
2026-01-07 10:50:48.881 GMT [45493] user=[unknown] db=[unknown] app=[unknown] client=[local] LOG:  connection received: host=[local]
2026-01-07 10:50:58.980 GMT [45500] user=[unknown] db=[unknown] app=[unknown] client=[local] LOG:  connection received: host=[local]
2026-01-07 10:51:10.024 GMT [45507] user=[unknown] db=[unknown] app=[unknown] client=[local] LOG:  connection received: host=[local]
2026-01-07 10:51:20.142 GMT [45515] user=[unknown] db=[unknown] app=[unknown] client=[local] LOG:  connection received: host=[local]
2026-01-07 10:51:31.065 GMT [45522] user=[unknown] db=[unknown] app=[unknown] client=[local] LOG:  connection received: host=[local]
2026-01-07 10:51:41.173 GMT [45530] user=[unknown] db=[unknown] app=[unknown] client=[local] LOG:  connection received: host=[local]
2026-01-07 10:51:51.283 GMT [45539] user=[unknown] db=[unknown] app=[unknown] client=[local] LOG:  connection received: host=[local]
2026-01-07 10:52:02.239 GMT [45546] user=[unknown] db=[unknown] app=[unknown] client=[local] LOG:  connection received: host=[local]
2026-01-07 10:52:12.401 GMT [45555] user=[unknown] db=[unknown] app=[unknown] client=[local] LOG:  connection received: host=[local]
2026-01-07 10:52:22.533 GMT [45562] user=[unknown] db=[unknown] app=[unknown] client=[local] LOG:  connection received: host=[local]
2026-01-07 10:52:33.478 GMT [45570] user=[unknown] db=[unknown] app=[unknown] client=[local] LOG:  connection received: host=[local]
2026-01-07 10:52:43.578 GMT [45577] user=[unknown] db=[unknown] app=[unknown] client=[local] LOG:  connection received: host=[local]
2026-01-07 10:52:53.729 GMT [45585] user=[unknown] db=[unknown] app=[unknown] client=[local] LOG:  connection received: host=[local]
2026-01-07 10:53:04.678 GMT [45592] user=[unknown] db=[unknown] app=[unknown] client=[local] LOG:  connection received: host=[local]
2026-01-07 10:53:14.807 GMT [45600] user=[unknown] db=[unknown] app=[unknown] client=[local] LOG:  connection received: host=[local]
2026-01-07 10:53:24.957 GMT [45607] user=[unknown] db=[unknown] app=[unknown] client=[local] LOG:  connection received: host=[local]
2026-01-07 10:53:35.939 GMT [45615] user=[unknown] db=[unknown] app=[unknown] client=[local] LOG:  connection received: host=[local]
2026-01-07 10:53:46.034 GMT [45622] user=[unknown] db=[unknown] app=[unknown] client=[local] LOG:  connection received: host=[local]
2026-01-07 10:53:56.130 GMT [45630] user=[unknown] db=[unknown] app=[unknown] client=[local] LOG:  connection received: host=[local]
2026-01-07 10:54:07.106 GMT [45637] user=[unknown] db=[unknown] app=[unknown] client=[local] LOG:  connection received: host=[local]
2026-01-07 10:54:17.200 GMT [45645] user=[unknown] db=[unknown] app=[unknown] client=[local] LOG:  connection received: host=[local]
2026-01-07 10:54:27.306 GMT [45652] user=[unknown] db=[unknown] app=[unknown] client=[local] LOG:  connection received: host=[local]
2026-01-07 10:54:38.325 GMT [45660] user=[unknown] db=[unknown] app=[unknown] client=[local] LOG:  connection received: host=[local]
2026-01-07 10:54:48.436 GMT [45668] user=[unknown] db=[unknown] app=[unknown] client=[local] LOG:  connection received: host=[local]
2026-01-07 10:54:58.605 GMT [45675] user=[unknown] db=[unknown] app=[unknown] client=[local] LOG:  connection received: host=[local]
2026-01-07 10:55:09.574 GMT [45682] user=[unknown] db=[unknown] app=[unknown] client=[local] LOG:  connection received: host=[local]
2026-01-07 10:55:19.726 GMT [45690] user=[unknown] db=[unknown] app=[unknown] client=[local] LOG:  connection received: host=[local]
2026-01-07 10:55:29.889 GMT [45697] user=[unknown] db=[unknown] app=[unknown] client=[local] LOG:  connection received: host=[local]
2026-01-07 10:55:40.830 GMT [45706] user=[unknown] db=[unknown] app=[unknown] client=[local] LOG:  connection received: host=[local]
2026-01-07 10:55:50.923 GMT [45714] user=[unknown] db=[unknown] app=[unknown] client=[local] LOG:  connection received: host=[local]
2026-01-07 10:56:01.049 GMT [45721] user=[unknown] db=[unknown] app=[unknown] client=[local] LOG:  connection received: host=[local]
2026-01-07 10:56:11.990 GMT [45728] user=[unknown] db=[unknown] app=[unknown] client=[local] LOG:  connection received: host=[local]
2026-01-07 10:56:22.118 GMT [45736] user=[unknown] db=[unknown] app=[unknown] client=[local] LOG:  connection received: host=[local]
2026-01-07 10:56:32.250 GMT [45744] user=[unknown] db=[unknown] app=[unknown] client=[local] LOG:  connection received: host=[local]
2026-01-07 10:56:43.185 GMT [45751] user=[unknown] db=[unknown] app=[unknown] client=[local] LOG:  connection received: host=[local]
2026-01-07 10:56:53.295 GMT [45759] user=[unknown] db=[unknown] app=[unknown] client=[local] LOG:  connection received: host=[local]
2026-01-07 10:57:03.408 GMT [45767] user=[unknown] db=[unknown] app=[unknown] client=[local] LOG:  connection received: host=[local]
2026-01-07 10:57:14.444 GMT [45774] user=[unknown] db=[unknown] app=[unknown] client=[local] LOG:  connection received: host=[local]
2026-01-07 10:57:24.545 GMT [45782] user=[unknown] db=[unknown] app=[unknown] client=[local] LOG:  connection received: host=[local]
2026-01-07 10:57:34.675 GMT [45791] user=[unknown] db=[unknown] app=[unknown] client=[local] LOG:  connection received: host=[local]
2026-01-07 10:57:45.657 GMT [45798] user=[unknown] db=[unknown] app=[unknown] client=[local] LOG:  connection received: host=[local]
2026-01-07 10:57:55.757 GMT [45806] user=[unknown] db=[unknown] app=[unknown] client=[local] LOG:  connection received: host=[local]
2026-01-07 10:58:05.862 GMT [45813] user=[unknown] db=[unknown] app=[unknown] client=[local] LOG:  connection received: host=[local]
2026-01-07 10:58:16.816 GMT [45820] user=[unknown] db=[unknown] app=[unknown] client=[local] LOG:  connection received: host=[local]
2026-01-07 10:58:26.943 GMT [45828] user=[unknown] db=[unknown] app=[unknown] client=[local] LOG:  connection received: host=[local]
2026-01-07 10:58:37.024 GMT [45837] user=[unknown] db=[unknown] app=[unknown] client=[local] LOG:  connection received: host=[local]
2026-01-07 10:58:47.973 GMT [45844] user=[unknown] db=[unknown] app=[unknown] client=[local] LOG:  connection received: host=[local]
2026-01-07 10:58:58.166 GMT [45852] user=[unknown] db=[unknown] app=[unknown] client=[local] LOG:  connection received: host=[local]
2026-01-07 10:59:08.269 GMT [45859] user=[unknown] db=[unknown] app=[unknown] client=[local] LOG:  connection received: host=[local]
2026-01-07 10:59:19.192 GMT [45867] user=[unknown] db=[unknown] app=[unknown] client=[local] LOG:  connection received: host=[local]
2026-01-07 10:59:29.462 GMT [45874] user=[unknown] db=[unknown] app=[unknown] client=[local] LOG:  connection received: host=[local]
2026-01-07 10:59:39.558 GMT [45883] user=[unknown] db=[unknown] app=[unknown] client=[local] LOG:  connection received: host=[local]
2026-01-07 10:59:50.602 GMT [45891] user=[unknown] db=[unknown] app=[unknown] client=[local] LOG:  connection received: host=[local]
2026-01-07 11:00:00.714 GMT [45900] user=[unknown] db=[unknown] app=[unknown] client=[local] LOG:  connection received: host=[local]
2026-01-07 11:00:10.804 GMT [45907] user=[unknown] db=[unknown] app=[unknown] client=[local] LOG:  connection received: host=[local]
2026-01-07 11:00:21.729 GMT [45915] user=[unknown] db=[unknown] app=[unknown] client=[local] LOG:  connection received: host=[local]
2026-01-07 11:00:31.839 GMT [45923] user=[unknown] db=[unknown] app=[unknown] client=[local] LOG:  connection received: host=[local]
2026-01-07 11:00:41.956 GMT [45930] user=[unknown] db=[unknown] app=[unknown] client=[local] LOG:  connection received: host=[local]
2026-01-07 11:00:52.902 GMT [45938] user=[unknown] db=[unknown] app=[unknown] client=[local] LOG:  connection received: host=[local]
2026-01-07 11:01:02.988 GMT [45945] user=[unknown] db=[unknown] app=[unknown] client=[local] LOG:  connection received: host=[local]
2026-01-07 11:01:13.136 GMT [45952] user=[unknown] db=[unknown] app=[unknown] client=[local] LOG:  connection received: host=[local]
2026-01-07 11:01:24.092 GMT [45960] user=[unknown] db=[unknown] app=[unknown] client=[local] LOG:  connection received: host=[local]
2026-01-07 11:01:34.189 GMT [45968] user=[unknown] db=[unknown] app=[unknown] client=[local] LOG:  connection received: host=[local]
2026-01-07 11:01:44.300 GMT [45975] user=[unknown] db=[unknown] app=[unknown] client=[local] LOG:  connection received: host=[local]
2026-01-07 11:01:55.254 GMT [45983] user=[unknown] db=[unknown] app=[unknown] client=[local] LOG:  connection received: host=[local]
2026-01-07 11:02:05.363 GMT [45990] user=[unknown] db=[unknown] app=[unknown] client=[local] LOG:  connection received: host=[local]
2026-01-07 11:02:15.446 GMT [45997] user=[unknown] db=[unknown] app=[unknown] client=[local] LOG:  connection received: host=[local]
2026-01-07 11:02:26.437 GMT [46005] user=[unknown] db=[unknown] app=[unknown] client=[local] LOG:  connection received: host=[local]
2026-01-07 11:02:36.534 GMT [46013] user=[unknown] db=[unknown] app=[unknown] client=[local] LOG:  connection received: host=[local]
2026-01-07 11:02:46.620 GMT [46020] user=[unknown] db=[unknown] app=[unknown] client=[local] LOG:  connection received: host=[local]
2026-01-07 11:02:57.578 GMT [46028] user=[unknown] db=[unknown] app=[unknown] client=[local] LOG:  connection received: host=[local]
2026-01-07 11:03:07.795 GMT [46035] user=[unknown] db=[unknown] app=[unknown] client=[local] LOG:  connection received: host=[local]
2026-01-07 11:03:17.925 GMT [46042] user=[unknown] db=[unknown] app=[unknown] client=[local] LOG:  connection received: host=[local]
2026-01-07 11:03:28.871 GMT [46050] user=[unknown] db=[unknown] app=[unknown] client=[local] LOG:  connection received: host=[local]
2026-01-07 11:03:38.985 GMT [46058] user=[unknown] db=[unknown] app=[unknown] client=[local] LOG:  connection received: host=[local]
2026-01-07 11:03:49.082 GMT [46065] user=[unknown] db=[unknown] app=[unknown] client=[local] LOG:  connection received: host=[local]
2026-01-07 11:04:00.044 GMT [46073] user=[unknown] db=[unknown] app=[unknown] client=[local] LOG:  connection received: host=[local]
2026-01-07 11:04:10.205 GMT [46080] user=[unknown] db=[unknown] app=[unknown] client=[local] LOG:  connection received: host=[local]
2026-01-07 11:04:20.322 GMT [46087] user=[unknown] db=[unknown] app=[unknown] client=[local] LOG:  connection received: host=[local]
2026-01-07 11:04:31.315 GMT [46095] user=[unknown] db=[unknown] app=[unknown] client=[local] LOG:  connection received: host=[local]
2026-01-07 11:04:41.445 GMT [46103] user=[unknown] db=[unknown] app=[unknown] client=[local] LOG:  connection received: host=[local]
2026-01-07 11:04:51.599 GMT [46110] user=[unknown] db=[unknown] app=[unknown] client=[local] LOG:  connection received: host=[local]
2026-01-07 11:05:02.519 GMT [46118] user=[unknown] db=[unknown] app=[unknown] client=[local] LOG:  connection received: host=[local]
2026-01-07 11:05:12.641 GMT [46125] user=[unknown] db=[unknown] app=[unknown] client=[local] LOG:  connection received: host=[local]
2026-01-07 11:05:22.745 GMT [46133] user=[unknown] db=[unknown] app=[unknown] client=[local] LOG:  connection received: host=[local]
2026-01-07 11:05:33.701 GMT [46142] user=[unknown] db=[unknown] app=[unknown] client=[local] LOG:  connection received: host=[local]
2026-01-07 11:05:43.788 GMT [46149] user=[unknown] db=[unknown] app=[unknown] client=[local] LOG:  connection received: host=[local]
2026-01-07 11:05:53.876 GMT [46156] user=[unknown] db=[unknown] app=[unknown] client=[local] LOG:  connection received: host=[local]
2026-01-07 11:06:04.901 GMT [46164] user=[unknown] db=[unknown] app=[unknown] client=[local] LOG:  connection received: host=[local]
2026-01-07 11:06:15.001 GMT [46171] user=[unknown] db=[unknown] app=[unknown] client=[local] LOG:  connection received: host=[local]
2026-01-07 11:06:25.940 GMT [46179] user=[unknown] db=[unknown] app=[unknown] client=[local] LOG:  connection received: host=[local]
2026-01-07 11:06:36.071 GMT [46187] user=[unknown] db=[unknown] app=[unknown] client=[local] LOG:  connection received: host=[local]
2026-01-07 11:06:46.184 GMT [46194] user=[unknown] db=[unknown] app=[unknown] client=[local] LOG:  connection received: host=[local]
2026-01-07 11:06:57.134 GMT [46201] user=[unknown] db=[unknown] app=[unknown] client=[local] LOG:  connection received: host=[local]
2026-01-07 11:07:07.255 GMT [46210] user=[unknown] db=[unknown] app=[unknown] client=[local] LOG:  connection received: host=[local]
2026-01-07 11:07:17.343 GMT [46217] user=[unknown] db=[unknown] app=[unknown] client=[local] LOG:  connection received: host=[local]
2026-01-07 11:07:28.316 GMT [46225] user=[unknown] db=[unknown] app=[unknown] client=[local] LOG:  connection received: host=[local]
2026-01-07 11:07:38.425 GMT [46233] user=[unknown] db=[unknown] app=[unknown] client=[local] LOG:  connection received: host=[local]
2026-01-07 11:07:48.591 GMT [46240] user=[unknown] db=[unknown] app=[unknown] client=[local] LOG:  connection received: host=[local]
2026-01-07 11:07:59.592 GMT [46248] user=[unknown] db=[unknown] app=[unknown] client=[local] LOG:  connection received: host=[local]
2026-01-07 11:08:09.707 GMT [46256] user=[unknown] db=[unknown] app=[unknown] client=[local] LOG:  connection received: host=[local]
2026-01-07 11:08:19.801 GMT [46264] user=[unknown] db=[unknown] app=[unknown] client=[local] LOG:  connection received: host=[local]
2026-01-07 11:08:30.824 GMT [46273] user=[unknown] db=[unknown] app=[unknown] client=[local] LOG:  connection received: host=[local]
2026-01-07 11:08:40.927 GMT [46281] user=[unknown] db=[unknown] app=[unknown] client=[local] LOG:  connection received: host=[local]
2026-01-07 11:08:51.043 GMT [46288] user=[unknown] db=[unknown] app=[unknown] client=[local] LOG:  connection received: host=[local]
2026-01-07 11:09:01.994 GMT [46296] user=[unknown] db=[unknown] app=[unknown] client=[local] LOG:  connection received: host=[local]
2026-01-07 11:09:12.100 GMT [46303] user=[unknown] db=[unknown] app=[unknown] client=[local] LOG:  connection received: host=[local]
2026-01-07 11:09:22.221 GMT [46310] user=[unknown] db=[unknown] app=[unknown] client=[local] LOG:  connection received: host=[local]
2026-01-07 11:09:33.255 GMT [46318] user=[unknown] db=[unknown] app=[unknown] client=[local] LOG:  connection received: host=[local]
2026-01-07 11:09:43.370 GMT [46326] user=[unknown] db=[unknown] app=[unknown] client=[local] LOG:  connection received: host=[local]
2026-01-07 11:09:53.521 GMT [46333] user=[unknown] db=[unknown] app=[unknown] client=[local] LOG:  connection received: host=[local]
2026-01-07 11:10:04.516 GMT [46341] user=[unknown] db=[unknown] app=[unknown] client=[local] LOG:  connection received: host=[local]
2026-01-07 11:10:14.611 GMT [46348] user=[unknown] db=[unknown] app=[unknown] client=[local] LOG:  connection received: host=[local]
2026-01-07 11:10:24.731 GMT [46356] user=[unknown] db=[unknown] app=[unknown] client=[local] LOG:  connection received: host=[local]
2026-01-07 11:10:35.725 GMT [46363] user=[unknown] db=[unknown] app=[unknown] client=[local] LOG:  connection received: host=[local]
2026-01-07 11:10:45.899 GMT [46372] user=[unknown] db=[unknown] app=[unknown] client=[local] LOG:  connection received: host=[local]
2026-01-07 11:10:56.001 GMT [46379] user=[unknown] db=[unknown] app=[unknown] client=[local] LOG:  connection received: host=[local]
2026-01-07 11:11:07.105 GMT [46387] user=[unknown] db=[unknown] app=[unknown] client=[local] LOG:  connection received: host=[local]
2026-01-07 11:11:17.257 GMT [46394] user=[unknown] db=[unknown] app=[unknown] client=[local] LOG:  connection received: host=[local]
2026-01-07 11:11:27.375 GMT [46402] user=[unknown] db=[unknown] app=[unknown] client=[local] LOG:  connection received: host=[local]
2026-01-07 11:11:38.355 GMT [46410] user=[unknown] db=[unknown] app=[unknown] client=[local] LOG:  connection received: host=[local]
2026-01-07 11:11:48.469 GMT [46417] user=[unknown] db=[unknown] app=[unknown] client=[local] LOG:  connection received: host=[local]
2026-01-07 11:11:58.592 GMT [46424] user=[unknown] db=[unknown] app=[unknown] client=[local] LOG:  connection received: host=[local]
2026-01-07 11:12:09.568 GMT [46432] user=[unknown] db=[unknown] app=[unknown] client=[local] LOG:  connection received: host=[local]
2026-01-07 11:12:19.672 GMT [46439] user=[unknown] db=[unknown] app=[unknown] client=[local] LOG:  connection received: host=[local]
2026-01-07 11:12:29.779 GMT [46447] user=[unknown] db=[unknown] app=[unknown] client=[local] LOG:  connection received: host=[local]
2026-01-07 11:12:40.800 GMT [46455] user=[unknown] db=[unknown] app=[unknown] client=[local] LOG:  connection received: host=[local]
2026-01-07 11:12:50.887 GMT [46462] user=[unknown] db=[unknown] app=[unknown] client=[local] LOG:  connection received: host=[local]
2026-01-07 11:13:01.039 GMT [46470] user=[unknown] db=[unknown] app=[unknown] client=[local] LOG:  connection received: host=[local]
2026-01-07 11:13:12.071 GMT [46477] user=[unknown] db=[unknown] app=[unknown] client=[local] LOG:  connection received: host=[local]
2026-01-07 11:13:22.257 GMT [46484] user=[unknown] db=[unknown] app=[unknown] client=[local] LOG:  connection received: host=[local]
2026-01-07 11:13:32.354 GMT [46492] user=[unknown] db=[unknown] app=[unknown] client=[local] LOG:  connection received: host=[local]
2026-01-07 11:13:43.483 GMT [46500] user=[unknown] db=[unknown] app=[unknown] client=[local] LOG:  connection received: host=[local]
2026-01-07 11:13:53.724 GMT [46507] user=[unknown] db=[unknown] app=[unknown] client=[local] LOG:  connection received: host=[local]
2026-01-07 11:14:04.071 GMT [46515] user=[unknown] db=[unknown] app=[unknown] client=[local] LOG:  connection received: host=[local]
2026-01-07 11:14:15.117 GMT [46522] user=[unknown] db=[unknown] app=[unknown] client=[local] LOG:  connection received: host=[local]
2026-01-07 11:14:25.331 GMT [46529] user=[unknown] db=[unknown] app=[unknown] client=[local] LOG:  connection received: host=[local]
2026-01-07 11:14:35.512 GMT [46537] user=[unknown] db=[unknown] app=[unknown] client=[local] LOG:  connection received: host=[local]
2026-01-07 11:14:46.589 GMT [46545] user=[unknown] db=[unknown] app=[unknown] client=[local] LOG:  connection received: host=[local]
2026-01-07 11:14:56.875 GMT [46552] user=[unknown] db=[unknown] app=[unknown] client=[local] LOG:  connection received: host=[local]
2026-01-07 11:15:07.154 GMT [46560] user=[unknown] db=[unknown] app=[unknown] client=[local] LOG:  connection received: host=[local]
2026-01-07 11:15:18.337 GMT [46567] user=[unknown] db=[unknown] app=[unknown] client=[local] LOG:  connection received: host=[local]
2026-01-07 11:15:28.615 GMT [46575] user=[unknown] db=[unknown] app=[unknown] client=[local] LOG:  connection received: host=[local]
2026-01-07 11:15:38.864 GMT [46584] user=[unknown] db=[unknown] app=[unknown] client=[local] LOG:  connection received: host=[local]
2026-01-07 11:15:50.005 GMT [46593] user=[unknown] db=[unknown] app=[unknown] client=[local] LOG:  connection received: host=[local]
2026-01-07 11:16:00.237 GMT [46602] user=[unknown] db=[unknown] app=[unknown] client=[local] LOG:  connection received: host=[local]
2026-01-07 11:16:10.442 GMT [46609] user=[unknown] db=[unknown] app=[unknown] client=[local] LOG:  connection received: host=[local]
2026-01-07 11:16:21.502 GMT [46616] user=[unknown] db=[unknown] app=[unknown] client=[local] LOG:  connection received: host=[local]
2026-01-07 11:16:31.764 GMT [46624] user=[unknown] db=[unknown] app=[unknown] client=[local] LOG:  connection received: host=[local]
2026-01-07 11:16:41.987 GMT [46632] user=[unknown] db=[unknown] app=[unknown] client=[local] LOG:  connection received: host=[local]
2026-01-07 11:16:53.185 GMT [46640] user=[unknown] db=[unknown] app=[unknown] client=[local] LOG:  connection received: host=[local]
2026-01-07 11:17:03.329 GMT [46648] user=[unknown] db=[unknown] app=[unknown] client=[local] LOG:  connection received: host=[local]
2026-01-07 11:17:14.445 GMT [46655] user=[unknown] db=[unknown] app=[unknown] client=[local] LOG:  connection received: host=[local]
2026-01-07 11:17:24.703 GMT [46662] user=[unknown] db=[unknown] app=[unknown] client=[local] LOG:  connection received: host=[local]
2026-01-07 11:17:34.877 GMT [46670] user=[unknown] db=[unknown] app=[unknown] client=[local] LOG:  connection received: host=[local]
2026-01-07 11:17:46.006 GMT [46678] user=[unknown] db=[unknown] app=[unknown] client=[local] LOG:  connection received: host=[local]
2026-01-07 11:17:56.222 GMT [46685] user=[unknown] db=[unknown] app=[unknown] client=[local] LOG:  connection received: host=[local]
2026-01-07 11:18:06.387 GMT [46693] user=[unknown] db=[unknown] app=[unknown] client=[local] LOG:  connection received: host=[local]
2026-01-07 11:18:17.453 GMT [46700] user=[unknown] db=[unknown] app=[unknown] client=[local] LOG:  connection received: host=[local]
2026-01-07 11:18:27.562 GMT [46707] user=[unknown] db=[unknown] app=[unknown] client=[local] LOG:  connection received: host=[local]
2026-01-07 11:18:37.740 GMT [46715] user=[unknown] db=[unknown] app=[unknown] client=[local] LOG:  connection received: host=[local]
2026-01-07 11:18:48.828 GMT [46723] user=[unknown] db=[unknown] app=[unknown] client=[local] LOG:  connection received: host=[local]
2026-01-07 11:19:00.556 GMT [46730] user=[unknown] db=[unknown] app=[unknown] client=[local] LOG:  connection received: host=[local]
2026-01-07 14:06:04.896 GMT [46738] user=[unknown] db=[unknown] app=[unknown] client=[local] LOG:  connection received: host=[local]
2026-01-07 14:06:21.785 GMT [46746] user=[unknown] db=[unknown] app=[unknown] client=[local] LOG:  connection received: host=[local]
2026-01-08 06:30:33.783 GMT [46754] user=[unknown] db=[unknown] app=[unknown] client=[local] LOG:  connection received: host=[local]
